base_year,location,data_year,total_deficit_mwh,deficit_hours,total_gen_mwh,avg_storage_mwh
2019,Gippsland offshore wind,2019,84.63,4,641502.02,531.14
2019,Gippsland offshore wind,2020,1285.04,27,603699.95,511.14
2019,Gippsland offshore wind,2021,1064.45,18,630890.62,512.4
2019,Gippsland offshore wind,2022,2709.96,51,607419.23,509.56
2019,Gippsland offshore wind,2023,972.19,18,622985.14,528.51
2019,Gippsland offshore wind,2024,2155.89,51,630561.01,511.71
2019,Hawkesdale wind farm,2019,105.24,4,749484.49,466.78
2019,Hawkesdale wind farm,2020,1802.11,38,723853.82,459.08
2019,Hawkesdale wind farm,2021,149.71,2,745193.7,470.12
2019,Hawkesdale wind farm,2022,512.77,11,712854.83,464.4
2019,Hawkesdale wind farm,2023,1294.85,21,743931.95,467.31
2019,Hawkesdale wind farm,2024,1057.67,29,729441.98,463.53
2019,Mortlake Energy Hub,2019,475.36,15,731734.68,421.63
2019,Mortlake Energy Hub,2020,2127.11,46,701919.12,414.78
2019,Mortlake Energy Hub,2021,374.28,8,722029.05,423.16
2019,Mortlake Energy Hub,2022,905.19,15,689232.44,416.6
2019,Mortlake Energy Hub,2023,996.48,16,720126.73,419.38
2019,Mortlake Energy Hub,2024,1039.22,27,714447.07,419.49
2019,Golden Plains Wind Farm,2019,365.75,8,797619.48,369.79
2019,Golden Plains Wind Farm,2020,907.56,18,776716.89,364.51
2019,Golden Plains Wind Farm,2021,116.99,3,787282.67,370.03
2019,Golden Plains Wind Farm,2022,400.49,6,746491.06,366.59
2019,Golden Plains Wind Farm,2023,572.28,13,787935.95,369.8
2019,Golden Plains Wind Farm,2024,1296.36,28,775535.74,367.96
2019,Elaine Solar Farm,2019,476.98,12,772916.28,331.43
2019,Elaine Solar Farm,2020,685.32,13,753643.08,327.8
2019,Elaine Solar Farm,2021,158.61,6,763862.67,330.67
2019,Elaine Solar Farm,2022,733.34,15,722977.01,327.93
2019,Elaine Solar Farm,2023,656.72,14,764084.62,331.93
2019,Elaine Solar Farm,2024,1381.71,33,758691.67,329.1
2019,Warracknabeal Energy Park (proposed),2019,583.9,19,706343.75,352.13
2019,Warracknabeal Energy Park (proposed),2020,835.47,19,679316.41,348.83
2019,Warracknabeal Energy Park (proposed),2021,503.56,17,693926.44,346.55
2019,Warracknabeal Energy Park (proposed),2022,914.63,20,667230.43,346.4
2019,Warracknabeal Energy Park (proposed),2023,1100.15,22,688740.82,348.89
2019,Warracknabeal Energy Park (proposed),2024,1834.29,37,698453.76,348.76
2019,Murra Warra Solar Farm (proposed),2019,524.28,16,753705.15,352.68
2019,Murra Warra Solar Farm (proposed),2020,515.21,11,727630.13,349.38
2019,Murra Warra Solar Farm (proposed),2021,482.64,15,741315.28,348.49
2019,Murra Warra Solar Farm (proposed),2022,655.58,12,715432.33,349.46
2019,Murra Warra Solar Farm (proposed),2023,774.19,12,734248.44,350.81
2019,Murra Warra Solar Farm (proposed),2024,1426.57,27,743434.51,350.1
2019,Gannawarra Solar Farm,2019,564.99,18,738073.75,382.96
2019,Gannawarra Solar Farm,2020,1122.97,23,714841.03,384.9
2019,Gannawarra Solar Farm,2021,564.95,16,724082.66,379.07
2019,Gannawarra Solar Farm,2022,1229.16,32,685298.37,373.6
2019,Gannawarra Solar Farm,2023,1241.69,22,724033.02,380.57
2019,Gannawarra Solar Farm,2024,1826.46,41,733865.74,379.29
2019,Meering West Wind Farm,2019,467.44,15,758782.91,404.26
2019,Meering West Wind Farm,2020,1103.79,22,733625.04,405.68
2019,Meering West Wind Farm,2021,359.36,12,744025.64,400.41
2019,Meering West Wind Farm,2022,1047.55,29,704631.56,394.45
2019,Meering West Wind Farm,2023,1112.54,20,743784.57,401.72
2019,Meering West Wind Farm,2024,1334.4,28,755115.6,400.69
2019,Cosgrove Solar Farm,2019,101.83,4,721077.37,485.87
2019,Cosgrove Solar Farm,2020,730.75,14,695946.85,479.51
2019,Cosgrove Solar Farm,2021,3354.87,66,700367.27,468.88
2019,Cosgrove Solar Farm,2022,4281.34,90,662447.02,454.59
2019,Cosgrove Solar Farm,2023,1866.99,31,701170.31,473.64
2019,Cosgrove Solar Farm,2024,1684.44,38,727528.61,475.23
2019,V9 Offshore,2019,151.08,4,818867.23,433.08
2019,V9 Offshore,2020,948.43,19,805356.21,425.06
2019,V9 Offshore,2021,58.12,2,815765.52,436.16
2019,V9 Offshore,2022,401.73,9,787908.76,429.84
2019,V9 Offshore,2023,1178.91,21,815186.01,434.04
2019,V9 Offshore,2024,1556.86,30,799312.39,428.46
2019,Coopers Gap ,2019,452.42,7,537390.61,410.39
2019,Coopers Gap ,2020,889.79,19,517919.09,403.31
2019,Coopers Gap ,2021,2559.14,46,512064.27,399.15
2019,Coopers Gap ,2022,4035.44,77,505028.63,388.26
2019,Coopers Gap ,2023,1151.37,21,524983.92,406.88
2019,Coopers Gap ,2024,1474.18,31,502350.85,393.74
2019,Dulacca Wind Farm,2019,478.7,9,675026.09,359.21
2019,Dulacca Wind Farm,2020,346.19,7,651420.66,357.66
2019,Dulacca Wind Farm,2021,609.96,11,648424.69,356.15
2019,Dulacca Wind Farm,2022,1510.98,32,634460.98,352.58
2019,Dulacca Wind Farm,2023,272.42,5,658490.46,360.23
2019,Dulacca Wind Farm,2024,646.96,12,625210.51,351.81
2019,Mount Emerald Wind Farm,2019,476.17,15,676481.58,274.81
2019,Mount Emerald Wind Farm,2020,427.37,15,662273.73,271.36
2019,Mount Emerald Wind Farm,2021,1466.58,41,628182.93,265.63
2019,Mount Emerald Wind Farm,2022,211.06,11,626786.53,272.87
2019,Mount Emerald Wind Farm,2023,185.33,9,657801.6,272.77
2019,Mount Emerald Wind Farm,2024,155.86,10,645300.9,273.97
2019,Kaban,2019,130.5,10,676099.19,273.01
2019,Kaban,2020,326.22,18,660131.39,270.85
2019,Kaban,2021,1017.35,39,627514.68,264.18
2019,Kaban,2022,329.53,21,625432.45,270.41
2019,Kaban,2023,233.81,11,656262.45,270.34
2019,Kaban,2024,109.31,9,646809.79,273.05
2019,Sample data,2019,117.84,3,552626.42,405.23
2019,Sample data,2020,698.03,11,542272.57,404.74
2019,Sample data,2021,1153.66,21,531485.2,400.47
2019,Sample data,2022,3062.06,51,523620.47,393.8
2019,Sample data,2023,377.21,9,542964.29,406.37
2019,Sample data,2024,71.58,2,532244.22,401.92
2019,Kennedy Energy Park Stage 1,2019,230.46,10,544256.83,282.63
2019,Kennedy Energy Park Stage 1,2020,1768.85,48,530143.18,275.63
2019,Kennedy Energy Park Stage 1,2021,557.61,23,507786.16,273.12
2019,Kennedy Energy Park Stage 1,2022,2377.19,53,507895.44,274.26
2019,Kennedy Energy Park Stage 1,2023,1561.5,38,524278.14,275.16
2019,Kennedy Energy Park Stage 1,2024,1115.7,34,517919.04,273.37
2019,Western Downs Green Power Hub,2019,349.22,7,628568.4,411.69
2019,Western Downs Green Power Hub,2020,318.2,5,604924.01,409.85
2019,Western Downs Green Power Hub,2021,1451.25,27,601032.13,402.91
2019,Western Downs Green Power Hub,2022,2243.45,40,590469.65,397.74
2019,Western Downs Green Power Hub,2023,524.96,9,615619.39,412.68
2019,Western Downs Green Power Hub,2024,1491.55,30,582166.64,399.19
2019,Daydream Solar Farm,2019,191.93,9,570936.37,302.86
2019,Daydream Solar Farm,2020,573.19,16,567680.14,301.43
2019,Daydream Solar Farm,2021,866.51,23,546592.29,296.47
2019,Daydream Solar Farm,2022,1533.37,35,550784.88,298.31
2019,Daydream Solar Farm,2023,257.46,10,564139.41,300.59
2019,Daydream Solar Farm,2024,622.76,18,556331.49,302.01
2019,Kidston Solar Project KS1,2019,54.48,8,531075.92,290.03
2019,Kidston Solar Project KS1,2020,1520.57,48,514915.18,274.95
2019,Kidston Solar Project KS1,2021,2286.62,64,493035.7,274.68
2019,Kidston Solar Project KS1,2022,1666.21,42,488637.48,278.04
2019,Kidston Solar Project KS1,2023,2268.13,53,510426.64,278.79
2019,Kidston Solar Project KS1,2024,1034.56,29,504581.9,276.25
2019,Ross River Solar Farm ,2019,110.19,7,612056.62,274.57
2019,Ross River Solar Farm ,2020,178.17,12,601577.32,272.07
2019,Ross River Solar Farm ,2021,839.87,25,577315.59,268.81
2019,Ross River Solar Farm ,2022,781.97,21,579927.8,271.13
2019,Ross River Solar Farm ,2023,94.5,9,601478.63,272.6
2019,Ross River Solar Farm ,2024,442.15,14,590143.28,273.06
2019,Childers Solar Farm,2019,272.18,5,558957.6,361.55
2019,Childers Solar Farm,2020,1347.07,26,537386.92,354.51
2019,Childers Solar Farm,2021,2179.11,40,533060.92,349.07
2019,Childers Solar Farm,2022,5043.3,87,527039.45,342.26
2019,Childers Solar Farm,2023,854.39,21,547362.96,358.14
2019,Childers Solar Farm,2024,899.26,18,531912.3,351.8
2019,Haughton Solar Farm,2019,109.2,8,584640.5,285.09
2019,Haughton Solar Farm,2020,227.83,14,575700.59,282.67
2019,Haughton Solar Farm,2021,1002.31,27,553100.03,278.41
2019,Haughton Solar Farm,2022,899.4,22,555479.5,280.87
2019,Haughton Solar Farm,2023,297.72,13,574473.87,281.93
2019,Haughton Solar Farm,2024,507.93,17,565324.5,282.85
2019,Banana,2019,203.66,4,562302.68,370.6
2019,Banana,2020,726.55,15,550065.02,367.2
2019,Banana,2021,1150.86,28,544315.23,364.79
2019,Banana,2022,3437.51,67,529637.81,352.33
2019,Banana,2023,874.67,18,550883.81,367.89
2019,Banana,2024,1194.51,27,533518.08,360.54
2019,Broad Sound Solar Farm,2019,263.73,13,606466.95,306.76
2019,Broad Sound Solar Farm,2020,1180.52,33,597783.19,304.75
2019,Broad Sound Solar Farm,2021,710.16,24,587892.91,303.42
2019,Broad Sound Solar Farm,2022,2119.54,40,578864.13,301.52
2019,Broad Sound Solar Farm,2023,125.59,10,598791.93,307.74
2019,Broad Sound Solar Farm,2024,289.4,13,594725.87,306.81
2019,Barcaldine Solar Farm,2019,161.06,10,716810.89,279.24
2019,Barcaldine Solar Farm,2020,264.22,9,704964.32,280.41
2019,Barcaldine Solar Farm,2021,294.78,10,698270.86,279.45
2019,Barcaldine Solar Farm,2022,787.68,26,682350.16,277.18
2019,Barcaldine Solar Farm,2023,65.15,7,697965.4,280.12
2019,Barcaldine Solar Farm,2024,137.08,14,686673.01,279.12
2019,Cattle Hill Wind Farm ,2019,92.92,4,611870.59,518.6
2019,Cattle Hill Wind Farm ,2020,5774.03,121,561001.2,477.89
2019,Cattle Hill Wind Farm ,2021,7652.35,143,576566.1,488.26
2019,Cattle Hill Wind Farm ,2022,5259.16,109,543851.71,465.79
2019,Cattle Hill Wind Farm ,2023,2720.34,57,588213.54,511.41
2019,Cattle Hill Wind Farm ,2024,5375.53,115,590686.64,482.0
2019,Granville Harbour Wind Farm,2019,726.02,15,705151.79,548.1
2019,Granville Harbour Wind Farm,2020,1541.85,33,667428.2,525.81
2019,Granville Harbour Wind Farm,2021,3661.95,79,681335.09,526.53
2019,Granville Harbour Wind Farm,2022,1054.24,23,670367.84,534.3
2019,Granville Harbour Wind Farm,2023,1433.66,24,684731.49,548.61
2019,Granville Harbour Wind Farm,2024,1520.1,29,683754.97,527.18
2019,Musselroe Wind Farm,2019,154.29,6,592769.1,528.99
2019,Musselroe Wind Farm,2020,4787.79,94,546150.79,485.61
2019,Musselroe Wind Farm,2021,5344.22,99,564509.39,503.97
2019,Musselroe Wind Farm,2022,5162.79,97,530677.48,479.9
2019,Musselroe Wind Farm,2023,1124.39,25,569165.79,524.08
2019,Musselroe Wind Farm,2024,1820.91,38,566460.06,506.92
2019,Studland Bay Wind Farm ,2019,240.99,4,687777.27,381.11
2019,Studland Bay Wind Farm ,2020,3211.13,62,653279.99,364.46
2019,Studland Bay Wind Farm ,2021,3812.66,80,677156.73,363.6
2019,Studland Bay Wind Farm ,2022,1135.79,28,672239.98,369.63
2019,Studland Bay Wind Farm ,2023,927.3,19,685120.08,380.35
2019,Studland Bay Wind Farm ,2024,1751.04,37,684852.98,375.6
2019,Northern Midland Solar Farm,2019,326.38,6,687305.32,432.74
2019,Northern Midland Solar Farm,2020,5379.11,107,627903.32,402.9
2019,Northern Midland Solar Farm,2021,6468.67,122,652771.18,407.66
2019,Northern Midland Solar Farm,2022,4644.54,106,616159.41,400.86
2019,Northern Midland Solar Farm,2023,2859.59,56,665679.57,424.09
2019,Northern Midland Solar Farm,2024,3100.76,62,669344.19,411.87
2019,Weasel Solar Farm ,2019,284.14,8,680995.46,385.33
2019,Weasel Solar Farm ,2020,5342.78,110,619554.36,359.64
2019,Weasel Solar Farm ,2021,6054.49,110,638826.62,366.24
2019,Weasel Solar Farm ,2022,4313.22,84,592384.97,358.87
2019,Weasel Solar Farm ,2023,2111.09,43,651512.06,381.3
2019,Weasel Solar Farm ,2024,5033.26,109,649803.5,358.49
2019,Bell Bay Solar Farm,2019,276.07,6,664137.41,491.73
2019,Bell Bay Solar Farm,2020,3403.09,66,608855.84,464.98
2019,Bell Bay Solar Farm,2021,4500.71,90,638108.7,464.58
2019,Bell Bay Solar Farm,2022,1837.98,42,610131.02,467.57
2019,Bell Bay Solar Farm,2023,1888.66,39,647252.54,487.61
2019,Bell Bay Solar Farm,2024,971.25,20,653635.88,480.35
2019,King Island Solar Farm  ,2019,225.3,6,682873.08,528.07
2019,King Island Solar Farm  ,2020,986.74,25,659898.48,514.47
2019,King Island Solar Farm  ,2021,1433.28,34,676276.8,517.79
2019,King Island Solar Farm  ,2022,1832.42,41,662947.3,511.8
2019,King Island Solar Farm  ,2023,509.11,7,679944.25,532.57
2019,King Island Solar Farm  ,2024,2972.27,64,673551.79,513.07
2019,Woakwine Wind farm,2019,175.94,7,835089.86,464.22
2019,Woakwine Wind farm,2020,754.59,16,815223.27,456.96
2019,Woakwine Wind farm,2021,606.68,16,836254.17,460.92
2019,Woakwine Wind farm,2022,443.98,14,810814.8,454.85
2019,Woakwine Wind farm,2023,667.59,16,843097.39,461.49
2019,Woakwine Wind farm,2024,288.5,9,813933.32,463.62
2019,Robertstown Solar Project,2019,157.66,7,663601.97,292.47
2019,Robertstown Solar Project,2020,1040.61,28,636816.38,287.13
2019,Robertstown Solar Project,2021,329.7,12,647376.63,289.74
2019,Robertstown Solar Project,2022,1013.43,25,619640.07,287.1
2019,Robertstown Solar Project,2023,1692.07,41,649385.05,288.94
2019,Robertstown Solar Project,2024,1736.13,42,642294.01,285.9
2019,Goyder South Hybrid Renewable Power Station,2019,49.19,4,662486.11,302.39
2019,Goyder South Hybrid Renewable Power Station,2020,1077.11,27,635768.39,296.78
2019,Goyder South Hybrid Renewable Power Station,2021,226.05,11,643169.35,300.3
2019,Goyder South Hybrid Renewable Power Station,2022,853.82,20,616851.12,296.52
2019,Goyder South Hybrid Renewable Power Station,2023,1734.18,36,646862.12,297.98
2019,Goyder South Hybrid Renewable Power Station,2024,1342.25,31,642481.34,296.35
2019,Cleve Wind Farm,2019,134.28,5,698100.73,325.03
2019,Cleve Wind Farm,2020,697.02,15,684992.76,322.62
2019,Cleve Wind Farm,2021,669.38,20,691243.25,325.47
2019,Cleve Wind Farm,2022,119.99,5,678256.99,324.1
2019,Cleve Wind Farm,2023,907.51,19,695762.05,323.07
2019,Cleve Wind Farm,2024,647.49,23,685919.16,324.41
2019,Yoorndoo Ilga Solar,2019,145.1,5,610131.02,300.33
2019,Yoorndoo Ilga Solar,2020,1167.78,31,595900.86,293.79
2019,Yoorndoo Ilga Solar,2021,682.4,24,596193.95,295.49
2019,Yoorndoo Ilga Solar,2022,1215.47,31,582038.83,293.72
2019,Yoorndoo Ilga Solar,2023,1559.84,35,599415.67,295.73
2019,Yoorndoo Ilga Solar,2024,1139.41,31,589438.03,293.98
2019,Roxby Downs Solar Farm,2019,80.94,4,582430.68,468.2
2019,Roxby Downs Solar Farm,2020,0.0,0,563715.82,469.81
2019,Roxby Downs Solar Farm,2021,13.37,1,568104.76,469.05
2019,Roxby Downs Solar Farm,2022,465.08,13,559419.46,460.13
2019,Roxby Downs Solar Farm,2023,1293.47,29,569628.28,462.81
2019,Roxby Downs Solar Farm,2024,1200.57,25,558486.45,459.88
2019,S2 Solar,2019,126.77,4,689101.11,326.49
2019,S2 Solar,2020,385.44,12,659410.53,320.22
2019,S2 Solar,2021,589.97,14,672934.03,321.68
2019,S2 Solar,2022,762.46,16,644928.06,320.9
2019,S2 Solar,2023,1631.31,32,671793.39,322.12
2019,S2 Solar,2024,1397.48,30,667537.11,318.8
2019,Streaky Bay Wind Farm,2019,250.41,7,691915.57,371.58
2019,Streaky Bay Wind Farm,2020,491.73,12,695400.68,369.17
2019,Streaky Bay Wind Farm,2021,466.54,11,702229.43,372.33
2019,Streaky Bay Wind Farm,2022,499.22,8,691977.66,370.62
2019,Streaky Bay Wind Farm,2023,918.92,20,701417.2,369.22
2019,Streaky Bay Wind Farm,2024,595.79,14,701665.47,375.44
2019,Yorke Peninsula Wind Farm,2019,130.68,5,731323.75,335.27
2019,Yorke Peninsula Wind Farm,2020,771.44,18,714957.11,331.19
2019,Yorke Peninsula Wind Farm,2021,750.68,22,725647.01,335.38
2019,Yorke Peninsula Wind Farm,2022,951.11,29,696686.03,330.89
2019,Yorke Peninsula Wind Farm,2023,782.98,20,734530.95,332.49
2019,Yorke Peninsula Wind Farm,2024,476.51,12,739253.67,338.64
2019,Bodangora Wind Farm ,2019,136.4,8,638679.18,472.86
2019,Bodangora Wind Farm ,2020,934.91,20,603620.33,464.5
2019,Bodangora Wind Farm ,2021,963.69,19,613026.55,462.41
2019,Bodangora Wind Farm ,2022,1723.52,30,590712.23,458.01
2019,Bodangora Wind Farm ,2023,1250.12,22,626842.09,469.27
2019,Bodangora Wind Farm ,2024,2120.34,36,602537.19,458.88
2019,Sapphire Wind Farm,2019,119.81,4,592263.75,366.42
2019,Sapphire Wind Farm,2020,1169.39,23,563803.95,355.79
2019,Sapphire Wind Farm,2021,1925.95,32,564311.88,354.07
2019,Sapphire Wind Farm,2022,2034.54,34,570444.86,354.68
2019,Sapphire Wind Farm,2023,215.15,6,576516.1,364.84
2019,Sapphire Wind Farm,2024,349.98,12,550857.94,347.49
2019,Metz Solar Farm ,2019,167.07,4,631304.64,407.08
2019,Metz Solar Farm ,2020,883.26,18,599976.67,402.83
2019,Metz Solar Farm ,2021,1167.01,19,608493.06,403.49
2019,Metz Solar Farm ,2022,1339.43,23,603772.35,400.57
2019,Metz Solar Farm ,2023,521.84,10,619377.91,407.24
2019,Metz Solar Farm ,2024,889.02,17,588073.99,395.71
2019,Bullawah Wind Farm,2019,464.44,9,734237.05,460.51
2019,Bullawah Wind Farm,2020,815.23,17,708823.43,459.13
2019,Bullawah Wind Farm,2021,0.0,0,718773.12,458.49
2019,Bullawah Wind Farm,2022,194.5,3,680915.28,453.19
2019,Bullawah Wind Farm,2023,749.19,12,719672.03,460.51
2019,Bullawah Wind Farm,2024,743.63,21,724447.28,453.0
2019,Sunraysia Solar Farm,2019,639.05,14,734190.72,376.11
2019,Sunraysia Solar Farm,2020,528.91,10,713838.9,378.8
2019,Sunraysia Solar Farm,2021,492.43,11,721796.59,377.03
2019,Sunraysia Solar Farm,2022,628.62,19,688701.42,372.61
2019,Sunraysia Solar Farm,2023,790.66,14,721975.37,377.02
2019,Sunraysia Solar Farm,2024,1913.01,44,721329.85,372.92
2019,Muswellbrook Solar Farm ,2019,756.03,15,793770.13,437.6
2019,Muswellbrook Solar Farm ,2020,418.91,11,745473.37,433.63
2019,Muswellbrook Solar Farm ,2021,326.94,4,755972.06,437.27
2019,Muswellbrook Solar Farm ,2022,2377.36,46,719896.58,422.62
2019,Muswellbrook Solar Farm ,2023,177.66,2,796617.01,443.1
2019,Muswellbrook Solar Farm ,2024,945.65,20,741981.32,427.94
2019,Wollongong Offshore Wind Project (proposed),2019,250.61,6,652797.2,476.41
2019,Wollongong Offshore Wind Project (proposed),2020,962.51,22,632799.4,466.95
2019,Wollongong Offshore Wind Project (proposed),2021,899.31,19,647680.95,471.95
2019,Wollongong Offshore Wind Project (proposed),2022,1432.17,31,645931.42,463.03
2019,Wollongong Offshore Wind Project (proposed),2023,1422.83,28,652818.97,475.01
2019,Wollongong Offshore Wind Project (proposed),2024,1771.19,30,636819.96,466.59
2019,Broken Hill Solar Farm,2019,330.78,7,563871.31,424.68
2019,Broken Hill Solar Farm,2020,385.9,7,552732.18,425.52
2019,Broken Hill Solar Farm,2021,864.69,26,551193.94,415.59
2019,Broken Hill Solar Farm,2022,384.04,11,532043.51,415.2
2019,Broken Hill Solar Farm,2023,1809.41,31,548610.38,423.27
2019,Broken Hill Solar Farm,2024,1127.23,26,543150.73,417.15
2019,Wagga Wagga North Solar Farm,2019,1010.08,19,649138.27,519.07
2019,Wagga Wagga North Solar Farm,2020,4935.48,100,608146.56,490.86
2019,Wagga Wagga North Solar Farm,2021,4980.1,102,615260.24,487.13
2019,Wagga Wagga North Solar Farm,2022,5145.9,108,588035.39,472.19
2019,Wagga Wagga North Solar Farm,2023,4275.01,83,624742.7,493.7
2019,Wagga Wagga North Solar Farm,2024,2948.27,64,637643.89,502.36
2019,Cooma Solar Farm,2019,165.69,5,635084.62,451.53
2019,Cooma Solar Farm,2020,5801.92,108,585915.78,423.87
2019,Cooma Solar Farm,2021,3123.26,59,596407.39,423.38
2019,Cooma Solar Farm,2022,4774.07,95,570863.61,412.38
2019,Cooma Solar Farm,2023,1803.22,33,604799.44,438.84
2019,Cooma Solar Farm,2024,4971.07,101,602036.34,423.19
2019,N13,2019,219.12,5,603554.53,400.54
2019,N13,2020,1128.81,24,576019.09,395.03
2019,N13,2021,1210.89,23,576018.67,395.3
2019,N13,2022,546.38,10,559461.71,395.43
2019,N13,2023,1147.7,17,587091.71,400.1
2019,N13,2024,2836.42,53,565107.83,385.77
2019,Moree Solar Farm,2019,372.51,8,613367.85,447.73
2019,Moree Solar Farm,2020,981.55,19,576842.95,437.69
2019,Moree Solar Farm,2021,948.62,19,578960.76,437.96
2019,Moree Solar Farm,2022,2123.54,39,569071.73,432.65
2019,Moree Solar Farm,2023,234.08,4,601181.1,449.14
2019,Moree Solar Farm,2024,371.18,7,561774.82,432.49
2019,Snowy Wind,2019,238.7,4,594076.25,531.21
2019,Snowy Wind,2020,4766.23,92,553157.56,499.43
2019,Snowy Wind,2021,6750.28,127,557525.35,494.1
2019,Snowy Wind,2022,6921.26,137,535134.73,480.79
2019,Snowy Wind,2023,6874.69,127,559168.48,492.3
2019,Snowy Wind,2024,3294.27,72,579111.6,511.79
2019,N10 Offshore,2019,129.96,8,799270.25,373.26
2019,N10 Offshore,2020,202.87,3,763749.03,373.54
2019,N10 Offshore,2021,625.5,11,767361.42,372.43
2019,N10 Offshore,2022,513.3,9,757438.01,371.44
2019,N10 Offshore,2023,32.55,2,802712.0,378.19
2019,N10 Offshore,2024,273.74,9,753810.12,371.17
2020,Gippsland offshore wind,2019,0.0,0,923493.68,419.44
2020,Gippsland offshore wind,2020,92.03,4,870110.48,411.16
2020,Gippsland offshore wind,2021,249.86,4,909172.95,415.03
2020,Gippsland offshore wind,2022,885.72,17,874605.82,412.23
2020,Gippsland offshore wind,2023,775.41,15,896640.7,417.48
2020,Gippsland offshore wind,2024,473.17,13,904694.59,413.28
2020,Hawkesdale wind farm,2019,0.0,0,874305.24,501.35
2020,Hawkesdale wind farm,2020,489.63,10,843518.91,492.38
2020,Hawkesdale wind farm,2021,0.0,0,869438.8,502.65
2020,Hawkesdale wind farm,2022,117.12,3,832900.97,499.14
2020,Hawkesdale wind farm,2023,823.71,12,869627.18,500.24
2020,Hawkesdale wind farm,2024,214.19,5,859950.18,498.51
2020,Mortlake Energy Hub,2019,0.0,0,802522.1,631.52
2020,Mortlake Energy Hub,2020,254.3,7,768085.32,619.06
2020,Mortlake Energy Hub,2021,122.01,2,794640.66,628.66
2020,Mortlake Energy Hub,2022,0.0,0,762792.5,624.83
2020,Mortlake Energy Hub,2023,440.3,6,796804.78,629.67
2020,Mortlake Energy Hub,2024,58.5,1,804738.04,629.09
2020,Golden Plains Wind Farm,2019,235.37,6,825852.77,426.16
2020,Golden Plains Wind Farm,2020,156.97,4,796242.96,419.52
2020,Golden Plains Wind Farm,2021,0.0,0,812037.21,426.32
2020,Golden Plains Wind Farm,2022,150.81,2,774629.56,422.46
2020,Golden Plains Wind Farm,2023,32.82,1,817237.56,423.63
2020,Golden Plains Wind Farm,2024,618.65,16,817049.66,422.99
2020,Elaine Solar Farm,2019,336.79,9,776482.41,414.89
2020,Elaine Solar Farm,2020,114.19,2,751347.32,409.2
2020,Elaine Solar Farm,2021,0.0,0,764263.41,415.01
2020,Elaine Solar Farm,2022,305.51,7,725752.58,410.83
2020,Elaine Solar Farm,2023,136.48,2,767448.31,413.83
2020,Elaine Solar Farm,2024,775.57,19,768914.26,411.75
2020,Warracknabeal Energy Park (proposed),2019,643.44,17,725349.37,352.9
2020,Warracknabeal Energy Park (proposed),2020,685.0,15,699181.21,349.51
2020,Warracknabeal Energy Park (proposed),2021,493.14,16,712404.92,348.47
2020,Warracknabeal Energy Park (proposed),2022,722.46,12,687086.93,349.08
2020,Warracknabeal Energy Park (proposed),2023,908.04,14,706050.33,350.81
2020,Warracknabeal Energy Park (proposed),2024,1688.0,36,713228.49,349.53
2020,Murra Warra Solar Farm (proposed),2019,542.61,16,754592.18,350.96
2020,Murra Warra Solar Farm (proposed),2020,517.28,11,728763.27,347.62
2020,Murra Warra Solar Farm (proposed),2021,510.97,15,742151.98,346.89
2020,Murra Warra Solar Farm (proposed),2022,669.11,12,716564.48,347.92
2020,Murra Warra Solar Farm (proposed),2023,780.48,12,734954.69,349.21
2020,Murra Warra Solar Farm (proposed),2024,1436.83,28,743632.61,348.35
2020,Gannawarra Solar Farm,2019,1537.24,37,619223.43,365.25
2020,Gannawarra Solar Farm,2020,1398.15,27,602004.46,365.39
2020,Gannawarra Solar Farm,2021,1928.28,50,608432.78,358.43
2020,Gannawarra Solar Farm,2022,2711.33,63,577547.23,350.74
2020,Gannawarra Solar Farm,2023,1710.67,35,606073.28,361.49
2020,Gannawarra Solar Farm,2024,2954.43,62,613200.37,361.72
2020,Meering West Wind Farm,2019,1589.26,37,619762.15,382.28
2020,Meering West Wind Farm,2020,1414.52,27,602931.43,381.87
2020,Meering West Wind Farm,2021,1696.12,49,609104.54,374.6
2020,Meering West Wind Farm,2022,2605.46,57,579475.05,368.51
2020,Meering West Wind Farm,2023,1471.65,30,605677.19,378.73
2020,Meering West Wind Farm,2024,2755.85,56,613057.98,378.67
2020,Cosgrove Solar Farm,2019,96.74,3,731856.81,530.81
2020,Cosgrove Solar Farm,2020,238.72,4,707950.15,525.82
2020,Cosgrove Solar Farm,2021,2152.72,48,711128.87,513.49
2020,Cosgrove Solar Farm,2022,2914.8,56,671877.85,501.11
2020,Cosgrove Solar Farm,2023,1282.46,22,708979.72,519.87
2020,Cosgrove Solar Farm,2024,1151.52,25,736064.89,519.11
2020,V9 Offshore,2019,0.0,0,835177.46,508.47
2020,V9 Offshore,2020,193.85,8,820841.81,499.88
2020,V9 Offshore,2021,48.24,1,831647.18,511.86
2020,V9 Offshore,2022,156.37,3,802452.24,504.66
2020,V9 Offshore,2023,983.0,15,832509.91,509.24
2020,V9 Offshore,2024,842.22,18,823403.87,505.52
2020,Coopers Gap ,2019,449.28,14,662173.95,341.98
2020,Coopers Gap ,2020,65.44,7,641444.51,341.89
2020,Coopers Gap ,2021,1027.66,19,634842.37,339.88
2020,Coopers Gap ,2022,1650.89,27,636419.22,338.36
2020,Coopers Gap ,2023,169.04,6,639385.64,341.81
2020,Coopers Gap ,2024,398.21,13,617737.98,335.63
2020,Dulacca Wind Farm,2019,719.55,12,555527.52,423.42
2020,Dulacca Wind Farm,2020,461.13,8,536563.89,421.2
2020,Dulacca Wind Farm,2021,902.26,19,534226.15,418.26
2020,Dulacca Wind Farm,2022,2396.78,44,523078.92,410.17
2020,Dulacca Wind Farm,2023,567.34,11,540784.83,424.97
2020,Dulacca Wind Farm,2024,1553.1,35,513717.25,407.29
2020,Mount Emerald Wind Farm,2019,539.17,16,717401.74,257.02
2020,Mount Emerald Wind Farm,2020,179.58,8,705006.31,256.95
2020,Mount Emerald Wind Farm,2021,991.85,36,672106.89,250.96
2020,Mount Emerald Wind Farm,2022,131.0,13,672799.59,256.52
2020,Mount Emerald Wind Farm,2023,45.48,7,697387.02,257.34
2020,Mount Emerald Wind Farm,2024,147.19,12,685339.68,257.48
2020,Kaban,2019,818.13,31,672318.42,271.51
2020,Kaban,2020,201.09,10,663067.5,274.09
2020,Kaban,2021,745.43,26,637687.78,266.84
2020,Kaban,2022,470.97,22,640265.7,271.3
2020,Kaban,2023,95.19,9,652662.86,271.06
2020,Kaban,2024,207.29,8,645263.34,273.95
2020,Sample data,2019,355.67,8,556449.43,410.15
2020,Sample data,2020,157.24,5,539227.85,407.83
2020,Sample data,2021,1313.59,25,527940.42,401.18
2020,Sample data,2022,1624.72,28,523962.07,400.37
2020,Sample data,2023,261.22,4,536740.82,408.36
2020,Sample data,2024,317.39,6,533893.51,406.1
2020,Kennedy Energy Park Stage 1,2019,50.21,3,748967.4,251.31
2020,Kennedy Energy Park Stage 1,2020,156.58,11,734089.47,248.96
2020,Kennedy Energy Park Stage 1,2021,68.22,8,705908.86,249.57
2020,Kennedy Energy Park Stage 1,2022,620.68,21,705836.58,247.64
2020,Kennedy Energy Park Stage 1,2023,98.87,7,725385.73,249.21
2020,Kennedy Energy Park Stage 1,2024,148.72,10,715155.78,248.81
2020,Western Downs Green Power Hub,2019,1201.78,23,574564.34,361.76
2020,Western Downs Green Power Hub,2020,244.34,5,558569.52,361.31
2020,Western Downs Green Power Hub,2021,996.52,19,555372.37,360.38
2020,Western Downs Green Power Hub,2022,2293.39,39,551020.96,360.57
2020,Western Downs Green Power Hub,2023,663.58,16,556663.73,364.88
2020,Western Downs Green Power Hub,2024,2348.39,44,530027.38,350.45
2020,Daydream Solar Farm,2019,85.53,5,608908.34,324.87
2020,Daydream Solar Farm,2020,146.26,6,601433.25,323.95
2020,Daydream Solar Farm,2021,473.29,12,576725.66,318.94
2020,Daydream Solar Farm,2022,829.63,17,578825.83,320.8
2020,Daydream Solar Farm,2023,131.67,5,598563.14,323.01
2020,Daydream Solar Farm,2024,382.94,10,590169.51,323.53
2020,Kidston Solar Project KS1,2019,170.06,5,608400.66,299.08
2020,Kidston Solar Project KS1,2020,74.42,5,598626.21,295.81
2020,Kidston Solar Project KS1,2021,881.91,23,580432.45,291.19
2020,Kidston Solar Project KS1,2022,776.89,18,579924.97,294.05
2020,Kidston Solar Project KS1,2023,470.5,14,590516.62,295.82
2020,Kidston Solar Project KS1,2024,227.86,4,584065.98,296.02
2020,Ross River Solar Farm ,2019,157.81,5,586817.44,291.44
2020,Ross River Solar Farm ,2020,142.76,9,577840.39,288.56
2020,Ross River Solar Farm ,2021,1017.06,31,554913.57,284.08
2020,Ross River Solar Farm ,2022,894.11,21,557949.38,287.93
2020,Ross River Solar Farm ,2023,112.28,8,577352.15,289.25
2020,Ross River Solar Farm ,2024,448.99,12,566273.44,289.83
2020,Childers Solar Farm,2019,143.91,2,629272.12,436.62
2020,Childers Solar Farm,2020,166.54,5,601413.91,432.04
2020,Childers Solar Farm,2021,1131.83,21,592058.83,429.37
2020,Childers Solar Farm,2022,2054.77,32,600388.1,423.93
2020,Childers Solar Farm,2023,173.22,3,609114.37,434.57
2020,Childers Solar Farm,2024,445.34,8,598289.6,429.6
2020,Haughton Solar Farm,2019,111.66,5,558752.37,324.41
2020,Haughton Solar Farm,2020,125.67,4,548940.35,320.36
2020,Haughton Solar Farm,2021,1259.76,30,526788.57,315.47
2020,Haughton Solar Farm,2022,998.63,22,528456.7,318.98
2020,Haughton Solar Farm,2023,384.92,11,548140.64,319.72
2020,Haughton Solar Farm,2024,576.88,15,539521.57,320.85
2020,Banana,2019,331.67,8,552832.26,344.21
2020,Banana,2020,711.44,17,539229.85,339.47
2020,Banana,2021,1301.81,28,534214.95,338.51
2020,Banana,2022,3121.43,65,520777.07,328.52
2020,Banana,2023,880.38,21,538769.14,340.68
2020,Banana,2024,1166.77,27,523347.36,334.17
2020,Broad Sound Solar Farm,2019,10.4,4,719030.01,329.12
2020,Broad Sound Solar Farm,2020,378.86,9,705000.56,326.42
2020,Broad Sound Solar Farm,2021,264.36,11,692345.7,326.65
2020,Broad Sound Solar Farm,2022,881.37,18,680860.58,324.9
2020,Broad Sound Solar Farm,2023,14.15,4,706013.5,329.52
2020,Broad Sound Solar Farm,2024,21.61,2,702838.99,329.12
2020,Barcaldine Solar Farm,2019,390.03,15,674146.91,267.85
2020,Barcaldine Solar Farm,2020,326.82,14,663875.13,268.5
2020,Barcaldine Solar Farm,2021,432.3,15,658084.64,267.96
2020,Barcaldine Solar Farm,2022,1236.11,35,642639.76,264.92
2020,Barcaldine Solar Farm,2023,134.66,10,658637.34,268.42
2020,Barcaldine Solar Farm,2024,282.11,20,646434.82,267.77
2020,Cattle Hill Wind Farm ,2019,0.51,1,969670.63,516.63
2020,Cattle Hill Wind Farm ,2020,369.95,9,878704.89,502.74
2020,Cattle Hill Wind Farm ,2021,1904.94,33,905048.8,501.62
2020,Cattle Hill Wind Farm ,2022,858.41,16,836841.65,503.63
2020,Cattle Hill Wind Farm ,2023,497.64,11,914288.53,511.77
2020,Cattle Hill Wind Farm ,2024,232.12,5,922212.61,503.85
2020,Granville Harbour Wind Farm,2019,516.62,9,907703.63,524.44
2020,Granville Harbour Wind Farm,2020,80.48,5,854228.26,516.05
2020,Granville Harbour Wind Farm,2021,1820.1,43,871531.89,507.69
2020,Granville Harbour Wind Farm,2022,567.59,10,848230.06,516.92
2020,Granville Harbour Wind Farm,2023,822.65,13,871873.1,526.17
2020,Granville Harbour Wind Farm,2024,648.8,11,870030.14,516.43
2020,Musselroe Wind Farm,2019,15.28,1,909860.26,461.66
2020,Musselroe Wind Farm,2020,1031.47,17,839500.46,447.41
2020,Musselroe Wind Farm,2021,2106.63,42,866137.58,449.07
2020,Musselroe Wind Farm,2022,903.72,13,814624.77,449.0
2020,Musselroe Wind Farm,2023,275.75,8,871182.45,459.23
2020,Musselroe Wind Farm,2024,0.0,0,866632.41,456.85
2020,Studland Bay Wind Farm ,2019,0.0,0,849338.56,613.32
2020,Studland Bay Wind Farm ,2020,147.75,3,804479.63,596.14
2020,Studland Bay Wind Farm ,2021,1009.44,27,831819.07,595.21
2020,Studland Bay Wind Farm ,2022,0.0,0,819281.08,604.55
2020,Studland Bay Wind Farm ,2023,307.51,5,837553.72,611.35
2020,Studland Bay Wind Farm ,2024,692.29,16,834271.49,604.58
2020,Northern Midland Solar Farm,2019,70.9,1,1167611.57,461.31
2020,Northern Midland Solar Farm,2020,307.3,8,1059728.02,450.57
2020,Northern Midland Solar Farm,2021,1377.8,29,1106912.43,451.38
2020,Northern Midland Solar Farm,2022,247.29,4,1021061.16,453.51
2020,Northern Midland Solar Farm,2023,598.12,15,1109238.63,457.81
2020,Northern Midland Solar Farm,2024,131.73,3,1123269.97,456.03
2020,Weasel Solar Farm ,2019,0.0,0,1029390.55,539.13
2020,Weasel Solar Farm ,2020,624.89,14,928000.26,526.05
2020,Weasel Solar Farm ,2021,1792.63,33,957902.94,526.03
2020,Weasel Solar Farm ,2022,971.0,17,874096.81,526.6
2020,Weasel Solar Farm ,2023,406.9,10,969470.68,535.66
2020,Weasel Solar Farm ,2024,434.13,11,971433.75,524.18
2020,Bell Bay Solar Farm,2019,0.0,0,1007826.03,519.64
2020,Bell Bay Solar Farm,2020,413.99,7,924252.99,505.94
2020,Bell Bay Solar Farm,2021,978.63,20,968537.02,505.53
2020,Bell Bay Solar Farm,2022,251.93,4,926433.6,512.21
2020,Bell Bay Solar Farm,2023,399.43,11,982667.87,514.45
2020,Bell Bay Solar Farm,2024,34.84,1,992411.94,515.45
2020,King Island Solar Farm  ,2019,4.19,1,868175.92,555.98
2020,King Island Solar Farm  ,2020,94.21,3,842611.6,546.49
2020,King Island Solar Farm  ,2021,524.61,14,859334.09,549.83
2020,King Island Solar Farm  ,2022,877.37,15,840191.65,545.34
2020,King Island Solar Farm  ,2023,299.81,5,862488.78,559.85
2020,King Island Solar Farm  ,2024,2198.21,40,843700.94,544.35
2020,Woakwine Wind farm,2019,359.38,9,767572.85,511.15
2020,Woakwine Wind farm,2020,275.87,5,743540.32,503.49
2020,Woakwine Wind farm,2021,683.64,17,765431.74,503.66
2020,Woakwine Wind farm,2022,508.36,16,736111.45,496.62
2020,Woakwine Wind farm,2023,544.06,13,769734.43,502.44
2020,Woakwine Wind farm,2024,0.0,0,763187.96,510.8
2020,Robertstown Solar Project,2019,238.01,5,654867.04,337.72
2020,Robertstown Solar Project,2020,351.64,8,636909.27,331.75
2020,Robertstown Solar Project,2021,202.63,6,640732.09,333.43
2020,Robertstown Solar Project,2022,560.93,14,620991.01,330.49
2020,Robertstown Solar Project,2023,1157.51,18,640419.55,333.15
2020,Robertstown Solar Project,2024,1662.04,34,628574.57,328.31
2020,Goyder South Hybrid Renewable Power Station,2019,246.11,7,586607.41,470.17
2020,Goyder South Hybrid Renewable Power Station,2020,219.71,4,575466.29,458.17
2020,Goyder South Hybrid Renewable Power Station,2021,268.92,9,572722.82,459.04
2020,Goyder South Hybrid Renewable Power Station,2022,319.8,9,559159.93,455.14
2020,Goyder South Hybrid Renewable Power Station,2023,1243.5,21,571044.06,459.61
2020,Goyder South Hybrid Renewable Power Station,2024,1347.81,27,561638.28,451.78
2020,Cleve Wind Farm,2019,185.22,7,718606.91,311.12
2020,Cleve Wind Farm,2020,515.86,12,709744.34,309.08
2020,Cleve Wind Farm,2021,696.98,20,714330.22,311.22
2020,Cleve Wind Farm,2022,209.74,7,701573.1,310.03
2020,Cleve Wind Farm,2023,908.25,21,717029.79,309.23
2020,Cleve Wind Farm,2024,700.41,24,705251.91,310.03
2020,Yoorndoo Ilga Solar,2019,0.0,0,724300.1,362.21
2020,Yoorndoo Ilga Solar,2020,115.55,5,704955.34,356.79
2020,Yoorndoo Ilga Solar,2021,0.0,0,706047.45,359.49
2020,Yoorndoo Ilga Solar,2022,267.43,6,688921.66,356.87
2020,Yoorndoo Ilga Solar,2023,658.44,11,712188.04,358.37
2020,Yoorndoo Ilga Solar,2024,498.42,9,700718.92,357.69
2020,Roxby Downs Solar Farm,2019,890.6,26,477895.04,417.44
2020,Roxby Downs Solar Farm,2020,191.17,7,462579.32,412.52
2020,Roxby Downs Solar Farm,2021,473.61,11,466213.03,414.51
2020,Roxby Downs Solar Farm,2022,1820.56,42,459118.26,402.2
2020,Roxby Downs Solar Farm,2023,2827.66,57,467141.56,406.27
2020,Roxby Downs Solar Farm,2024,2687.38,52,458250.23,402.18
2020,S2 Solar,2019,154.02,3,662602.22,393.96
2020,S2 Solar,2020,60.56,4,641241.95,386.46
2020,S2 Solar,2021,195.52,4,650553.98,386.37
2020,S2 Solar,2022,502.38,11,628490.52,387.34
2020,S2 Solar,2023,1260.47,20,645572.12,388.43
2020,S2 Solar,2024,1365.94,30,639316.74,383.4
2020,Streaky Bay Wind Farm,2019,213.37,5,708581.22,399.66
2020,Streaky Bay Wind Farm,2020,273.96,8,717406.45,397.35
2020,Streaky Bay Wind Farm,2021,350.89,9,723274.64,400.62
2020,Streaky Bay Wind Farm,2022,550.45,13,711328.53,396.75
2020,Streaky Bay Wind Farm,2023,906.81,20,718613.19,395.85
2020,Streaky Bay Wind Farm,2024,573.29,12,716746.41,402.63
2020,Yorke Peninsula Wind Farm,2019,133.18,4,778168.64,311.65
2020,Yorke Peninsula Wind Farm,2020,566.84,14,765810.02,308.65
2020,Yorke Peninsula Wind Farm,2021,386.16,15,774535.5,310.56
2020,Yorke Peninsula Wind Farm,2022,633.42,21,747897.1,307.83
2020,Yorke Peninsula Wind Farm,2023,527.55,14,784277.91,308.27
2020,Yorke Peninsula Wind Farm,2024,474.99,14,783830.22,312.54
2020,Bodangora Wind Farm ,2019,148.54,7,882489.28,339.95
2020,Bodangora Wind Farm ,2020,145.91,8,837479.96,337.98
2020,Bodangora Wind Farm ,2021,515.29,12,848544.97,337.87
2020,Bodangora Wind Farm ,2022,945.59,21,820531.42,336.41
2020,Bodangora Wind Farm ,2023,968.36,24,864261.97,337.38
2020,Bodangora Wind Farm ,2024,1021.15,28,832267.03,334.57
2020,Sapphire Wind Farm,2019,0.0,0,765763.29,392.76
2020,Sapphire Wind Farm,2020,253.53,9,731679.9,386.39
2020,Sapphire Wind Farm,2021,1113.25,19,732855.99,385.37
2020,Sapphire Wind Farm,2022,985.48,17,745607.77,385.31
2020,Sapphire Wind Farm,2023,0.0,0,739948.12,392.03
2020,Sapphire Wind Farm,2024,0.0,0,712416.91,385.63
2020,Metz Solar Farm ,2019,116.83,2,691641.49,425.22
2020,Metz Solar Farm ,2020,278.04,5,657616.03,421.8
2020,Metz Solar Farm ,2021,906.68,16,667170.58,421.85
2020,Metz Solar Farm ,2022,1086.53,18,662295.16,420.15
2020,Metz Solar Farm ,2023,218.16,5,677878.64,424.53
2020,Metz Solar Farm ,2024,393.57,11,644219.18,415.83
2020,Bullawah Wind Farm,2019,1086.95,21,751724.76,337.59
2020,Bullawah Wind Farm,2020,962.25,23,727545.29,336.39
2020,Bullawah Wind Farm,2021,198.2,14,737207.38,333.72
2020,Bullawah Wind Farm,2022,791.04,24,701728.86,331.56
2020,Bullawah Wind Farm,2023,1106.58,19,732968.61,337.76
2020,Bullawah Wind Farm,2024,1710.82,37,738948.04,333.35
2020,Sunraysia Solar Farm,2019,1103.16,23,678241.4,342.17
2020,Sunraysia Solar Farm,2020,700.72,15,659007.1,343.57
2020,Sunraysia Solar Farm,2021,827.27,17,666520.88,341.76
2020,Sunraysia Solar Farm,2022,1449.18,39,635537.1,336.44
2020,Sunraysia Solar Farm,2023,1384.61,26,667531.85,342.12
2020,Sunraysia Solar Farm,2024,2530.58,57,667037.51,339.24
2020,Muswellbrook Solar Farm ,2019,958.86,18,691667.19,450.43
2020,Muswellbrook Solar Farm ,2020,435.76,12,655452.66,446.09
2020,Muswellbrook Solar Farm ,2021,313.07,7,662690.86,447.76
2020,Muswellbrook Solar Farm ,2022,2605.96,47,636301.08,433.94
2020,Muswellbrook Solar Farm ,2023,186.74,3,689181.95,454.47
2020,Muswellbrook Solar Farm ,2024,1311.45,24,647169.92,437.67
2020,Wollongong Offshore Wind Project (proposed),2019,214.24,6,833078.59,372.82
2020,Wollongong Offshore Wind Project (proposed),2020,378.58,8,797502.36,368.4
2020,Wollongong Offshore Wind Project (proposed),2021,803.98,17,817170.59,370.58
2020,Wollongong Offshore Wind Project (proposed),2022,337.01,9,805135.09,367.07
2020,Wollongong Offshore Wind Project (proposed),2023,878.13,19,834807.04,371.73
2020,Wollongong Offshore Wind Project (proposed),2024,1472.52,26,804543.56,366.8
2020,Broken Hill Solar Farm,2019,452.54,11,549381.18,474.29
2020,Broken Hill Solar Farm,2020,138.21,4,540564.78,476.66
2020,Broken Hill Solar Farm,2021,1077.61,32,538978.24,462.99
2020,Broken Hill Solar Farm,2022,478.43,9,520720.31,463.47
2020,Broken Hill Solar Farm,2023,1654.45,28,532512.96,473.17
2020,Broken Hill Solar Farm,2024,1192.3,24,529913.27,464.56
2020,Wagga Wagga North Solar Farm,2019,570.06,10,950116.42,481.21
2020,Wagga Wagga North Solar Farm,2020,316.95,9,896359.72,472.91
2020,Wagga Wagga North Solar Farm,2021,766.78,15,902796.34,474.73
2020,Wagga Wagga North Solar Farm,2022,371.95,9,870024.26,471.53
2020,Wagga Wagga North Solar Farm,2023,725.35,13,911963.24,474.51
2020,Wagga Wagga North Solar Farm,2024,352.25,8,928241.92,475.1
2020,Cooma Solar Farm,2019,42.91,1,1048652.35,396.69
2020,Cooma Solar Farm,2020,561.44,12,991198.72,390.58
2020,Cooma Solar Farm,2021,675.72,12,995188.11,393.74
2020,Cooma Solar Farm,2022,0.0,0,953120.75,394.79
2020,Cooma Solar Farm,2023,206.91,5,996432.16,395.85
2020,Cooma Solar Farm,2024,318.62,6,979321.63,391.86
2020,N13,2019,158.57,3,766506.74,396.65
2020,N13,2020,197.63,6,730607.18,391.46
2020,N13,2021,239.3,5,732525.99,391.98
2020,N13,2022,176.69,3,706322.88,392.97
2020,N13,2023,674.03,9,749814.76,394.81
2020,N13,2024,1217.56,24,720773.11,384.46
2020,Moree Solar Farm,2019,252.82,6,646724.01,471.63
2020,Moree Solar Farm,2020,564.35,13,613891.69,464.18
2020,Moree Solar Farm,2021,643.52,13,614069.92,463.15
2020,Moree Solar Farm,2022,1933.77,36,605871.41,457.92
2020,Moree Solar Farm,2023,33.47,1,624196.5,472.89
2020,Moree Solar Farm,2024,204.85,4,588475.28,459.25
2020,Snowy Wind,2019,257.14,5,1050571.26,384.41
2020,Snowy Wind,2020,470.49,16,987092.96,379.76
2020,Snowy Wind,2021,800.71,16,988013.26,379.06
2020,Snowy Wind,2022,672.65,12,957188.96,377.68
2020,Snowy Wind,2023,1434.22,22,984124.65,379.16
2020,Snowy Wind,2024,370.56,9,1017279.86,381.69
2020,N10 Offshore,2019,746.2,15,635406.6,446.52
2020,N10 Offshore,2020,179.98,4,613988.27,445.63
2020,N10 Offshore,2021,1276.54,21,617761.61,444.6
2020,N10 Offshore,2022,1538.01,33,611357.27,441.48
2020,N10 Offshore,2023,344.03,12,633297.48,455.24
2020,N10 Offshore,2024,633.33,13,601229.48,444.34
2021,Gippsland offshore wind,2019,122.51,4,707408.09,458.22
2021,Gippsland offshore wind,2020,1129.87,26,666347.85,445.75
2021,Gippsland offshore wind,2021,366.3,8,696283.3,448.24
2021,Gippsland offshore wind,2022,2154.69,42,669930.64,443.32
2021,Gippsland offshore wind,2023,1045.82,18,686870.23,456.45
2021,Gippsland offshore wind,2024,1660.84,40,693502.22,443.41
2021,Hawkesdale wind farm,2019,383.77,10,768249.54,406.6
2021,Hawkesdale wind farm,2020,2104.09,42,742342.67,399.61
2021,Hawkesdale wind farm,2021,223.65,6,763794.06,409.23
2021,Hawkesdale wind farm,2022,858.18,17,730156.45,404.19
2021,Hawkesdale wind farm,2023,1515.21,23,761816.57,406.74
2021,Hawkesdale wind farm,2024,1502.67,34,743986.12,403.36
2021,Mortlake Energy Hub,2019,524.89,16,723361.52,466.75
2021,Mortlake Energy Hub,2020,2100.21,45,694274.83,459.15
2021,Mortlake Energy Hub,2021,230.82,5,713150.18,469.37
2021,Mortlake Energy Hub,2022,817.07,15,679808.94,462.09
2021,Mortlake Energy Hub,2023,1049.95,17,710320.85,465.11
2021,Mortlake Energy Hub,2024,1047.87,26,701544.93,463.69
2021,Golden Plains Wind Farm,2019,755.13,19,694648.43,371.73
2021,Golden Plains Wind Farm,2020,1449.48,37,669760.9,364.78
2021,Golden Plains Wind Farm,2021,105.96,4,683034.84,369.18
2021,Golden Plains Wind Farm,2022,444.49,8,651559.21,365.39
2021,Golden Plains Wind Farm,2023,747.86,15,687398.71,369.13
2021,Golden Plains Wind Farm,2024,1187.16,25,687211.86,368.69
2021,Elaine Solar Farm,2019,746.56,15,701427.38,353.3
2021,Elaine Solar Farm,2020,947.28,24,676501.03,347.62
2021,Elaine Solar Farm,2021,128.27,6,689187.83,350.48
2021,Elaine Solar Farm,2022,708.27,16,655385.63,347.71
2021,Elaine Solar Farm,2023,608.56,12,693204.32,352.57
2021,Elaine Solar Farm,2024,1304.92,29,697176.7,351.08
2021,Warracknabeal Energy Park (proposed),2019,561.24,13,672183.28,423.56
2021,Warracknabeal Energy Park (proposed),2020,781.54,19,646837.82,419.43
2021,Warracknabeal Energy Park (proposed),2021,231.65,10,660320.9,415.79
2021,Warracknabeal Energy Park (proposed),2022,591.9,12,635411.22,416.46
2021,Warracknabeal Energy Park (proposed),2023,895.33,16,655142.87,419.88
2021,Warracknabeal Energy Park (proposed),2024,1528.09,32,663725.52,419.13
2021,Murra Warra Solar Farm (proposed),2019,593.75,13,695898.05,417.85
2021,Murra Warra Solar Farm (proposed),2020,621.76,17,670732.52,413.41
2021,Murra Warra Solar Farm (proposed),2021,318.27,10,684599.24,411.2
2021,Murra Warra Solar Farm (proposed),2022,462.72,8,659417.59,411.04
2021,Murra Warra Solar Farm (proposed),2023,723.57,9,678555.59,414.33
2021,Murra Warra Solar Farm (proposed),2024,1322.66,24,689081.48,414.97
2021,Gannawarra Solar Farm,2019,347.52,12,787283.97,418.02
2021,Gannawarra Solar Farm,2020,963.7,20,762997.94,419.76
2021,Gannawarra Solar Farm,2021,76.5,4,772566.71,415.31
2021,Gannawarra Solar Farm,2022,729.48,23,731557.15,410.63
2021,Gannawarra Solar Farm,2023,760.07,13,772008.19,416.54
2021,Gannawarra Solar Farm,2024,1152.88,27,782251.7,413.77
2021,Meering West Wind Farm,2019,583.89,17,765161.66,396.24
2021,Meering West Wind Farm,2020,1118.25,21,741611.91,397.49
2021,Meering West Wind Farm,2021,211.43,7,750963.53,392.77
2021,Meering West Wind Farm,2022,946.6,25,712484.84,388.28
2021,Meering West Wind Farm,2023,791.17,18,749139.37,394.7
2021,Meering West Wind Farm,2024,1356.94,27,759648.36,392.78
2021,Cosgrove Solar Farm,2019,88.02,2,913520.34,440.46
2021,Cosgrove Solar Farm,2020,271.54,5,888892.57,438.75
2021,Cosgrove Solar Farm,2021,886.37,20,888598.13,433.13
2021,Cosgrove Solar Farm,2022,881.49,15,837114.48,426.7
2021,Cosgrove Solar Farm,2023,481.83,7,876254.88,437.63
2021,Cosgrove Solar Farm,2024,1089.04,25,911147.97,432.17
2021,V9 Offshore,2019,602.45,14,734501.19,469.87
2021,V9 Offshore,2020,1990.06,42,722741.62,459.86
2021,V9 Offshore,2021,95.14,7,731956.38,472.19
2021,V9 Offshore,2022,869.43,22,707476.49,464.75
2021,V9 Offshore,2023,1568.75,28,730495.89,471.16
2021,V9 Offshore,2024,2946.86,59,711674.12,460.27
2021,Coopers Gap ,2019,185.03,4,652157.37,445.26
2021,Coopers Gap ,2020,0.0,0,633361.72,446.77
2021,Coopers Gap ,2021,575.77,9,627163.38,443.51
2021,Coopers Gap ,2022,1431.95,26,633803.4,441.73
2021,Coopers Gap ,2023,108.73,2,625989.8,446.3
2021,Coopers Gap ,2024,189.91,4,607768.05,438.4
2021,Dulacca Wind Farm,2019,876.34,19,608026.62,341.66
2021,Dulacca Wind Farm,2020,618.37,16,588965.87,340.72
2021,Dulacca Wind Farm,2021,518.67,10,586875.34,340.92
2021,Dulacca Wind Farm,2022,2021.06,40,575935.98,339.88
2021,Dulacca Wind Farm,2023,426.82,9,587737.7,343.82
2021,Dulacca Wind Farm,2024,1526.78,34,559286.99,332.44
2021,Mount Emerald Wind Farm,2019,518.24,17,774748.9,297.72
2021,Mount Emerald Wind Farm,2020,33.48,3,764635.37,300.86
2021,Mount Emerald Wind Farm,2021,326.92,10,733091.26,295.36
2021,Mount Emerald Wind Farm,2022,9.19,1,736501.74,299.41
2021,Mount Emerald Wind Farm,2023,3.07,1,752883.4,299.95
2021,Mount Emerald Wind Farm,2024,31.79,1,741354.58,300.28
2021,Kaban,2019,286.11,14,748667.92,284.43
2021,Kaban,2020,23.38,3,737722.74,286.83
2021,Kaban,2021,225.93,8,708775.67,282.14
2021,Kaban,2022,99.89,10,711194.85,284.66
2021,Kaban,2023,6.63,2,726773.43,286.02
2021,Kaban,2024,41.48,3,718339.32,286.79
2021,Sample data,2019,0.0,0,714518.68,361.15
2021,Sample data,2020,316.58,6,702298.83,360.04
2021,Sample data,2021,364.13,8,688424.36,358.75
2021,Sample data,2022,2046.49,34,677578.86,353.8
2021,Sample data,2023,65.97,1,703739.92,361.87
2021,Sample data,2024,1.22,1,688514.61,360.95
2021,Kennedy Energy Park Stage 1,2019,497.16,20,557391.99,269.13
2021,Kennedy Energy Park Stage 1,2020,1280.37,37,553565.28,266.59
2021,Kennedy Energy Park Stage 1,2021,113.67,10,536715.38,267.3
2021,Kennedy Energy Park Stage 1,2022,2806.02,60,536306.58,264.76
2021,Kennedy Energy Park Stage 1,2023,924.64,27,546079.03,267.36
2021,Kennedy Energy Park Stage 1,2024,941.56,28,536107.54,266.05
2021,Western Downs Green Power Hub,2019,865.39,16,571994.53,489.49
2021,Western Downs Green Power Hub,2020,6.85,1,559849.39,492.39
2021,Western Downs Green Power Hub,2021,191.1,5,556908.86,491.49
2021,Western Downs Green Power Hub,2022,1833.68,29,556143.52,489.4
2021,Western Downs Green Power Hub,2023,429.27,13,550095.92,495.74
2021,Western Downs Green Power Hub,2024,1957.02,35,526229.84,473.12
2021,Daydream Solar Farm,2019,48.54,5,654428.53,312.47
2021,Daydream Solar Farm,2020,260.85,10,653815.38,310.9
2021,Daydream Solar Farm,2021,262.44,9,631371.73,307.29
2021,Daydream Solar Farm,2022,1089.05,26,638025.5,307.67
2021,Daydream Solar Farm,2023,13.28,3,649050.67,311.89
2021,Daydream Solar Farm,2024,113.96,5,640152.7,312.48
2021,Kidston Solar Project KS1,2019,16.58,8,704760.95,254.32
2021,Kidston Solar Project KS1,2020,120.5,10,692777.05,251.78
2021,Kidston Solar Project KS1,2021,41.93,8,671181.72,250.9
2021,Kidston Solar Project KS1,2022,301.27,16,670250.96,251.05
2021,Kidston Solar Project KS1,2023,140.15,8,683607.6,252.36
2021,Kidston Solar Project KS1,2024,87.11,5,676116.75,252.64
2021,Ross River Solar Farm ,2019,405.36,23,743353.01,242.36
2021,Ross River Solar Farm ,2020,131.89,15,740245.38,243.59
2021,Ross River Solar Farm ,2021,71.14,10,713785.39,241.74
2021,Ross River Solar Farm ,2022,528.82,22,721734.19,242.78
2021,Ross River Solar Farm ,2023,42.18,5,736587.12,244.97
2021,Ross River Solar Farm ,2024,36.51,5,720925.24,244.9
2021,Childers Solar Farm,2019,73.94,10,927290.73,315.9
2021,Childers Solar Farm,2020,235.6,17,890527.88,313.92
2021,Childers Solar Farm,2021,454.3,13,882124.14,313.61
2021,Childers Solar Farm,2022,1312.55,30,876268.36,310.28
2021,Childers Solar Farm,2023,39.41,7,906111.82,316.54
2021,Childers Solar Farm,2024,198.45,13,882277.16,314.69
2021,Haughton Solar Farm,2019,85.41,12,700369.48,264.24
2021,Haughton Solar Farm,2020,170.85,12,696525.61,264.32
2021,Haughton Solar Farm,2021,97.58,9,672440.16,261.98
2021,Haughton Solar Farm,2022,502.65,13,678571.82,262.79
2021,Haughton Solar Farm,2023,104.14,7,693038.03,264.8
2021,Haughton Solar Farm,2024,93.96,7,681399.89,265.35
2021,Banana,2019,22.32,4,772255.82,319.72
2021,Banana,2020,319.24,9,757694.96,318.37
2021,Banana,2021,205.12,8,748885.98,317.43
2021,Banana,2022,2237.73,58,727309.4,309.95
2021,Banana,2023,328.54,7,760629.24,319.5
2021,Banana,2024,298.64,16,734418.11,315.61
2021,Broad Sound Solar Farm,2019,67.51,7,670223.66,321.01
2021,Broad Sound Solar Farm,2020,675.06,20,657747.54,318.41
2021,Broad Sound Solar Farm,2021,407.88,17,646101.19,318.18
2021,Broad Sound Solar Farm,2022,1191.76,22,635521.3,316.45
2021,Broad Sound Solar Farm,2023,28.1,7,658721.19,321.48
2021,Broad Sound Solar Farm,2024,64.91,5,655497.16,320.84
2021,Barcaldine Solar Farm,2019,953.19,22,575429.46,318.35
2021,Barcaldine Solar Farm,2020,864.26,19,565820.49,319.09
2021,Barcaldine Solar Farm,2021,537.16,12,560389.8,318.84
2021,Barcaldine Solar Farm,2022,1518.66,30,547662.94,314.21
2021,Barcaldine Solar Farm,2023,336.96,7,560048.99,317.92
2021,Barcaldine Solar Farm,2024,438.14,11,551163.95,316.35
2021,Cattle Hill Wind Farm ,2019,0.0,0,937123.45,562.05
2021,Cattle Hill Wind Farm ,2020,332.76,7,850257.82,546.19
2021,Cattle Hill Wind Farm ,2021,1832.0,32,875547.86,544.84
2021,Cattle Hill Wind Farm ,2022,882.23,18,811285.09,547.52
2021,Cattle Hill Wind Farm ,2023,434.94,11,885409.88,556.25
2021,Cattle Hill Wind Farm ,2024,185.57,5,892662.92,547.34
2021,Granville Harbour Wind Farm,2019,451.05,9,846876.22,627.58
2021,Granville Harbour Wind Farm,2020,412.17,8,818570.4,620.74
2021,Granville Harbour Wind Farm,2021,220.08,6,837340.22,614.63
2021,Granville Harbour Wind Farm,2022,68.61,3,855929.17,624.45
2021,Granville Harbour Wind Farm,2023,299.2,7,855358.25,626.56
2021,Granville Harbour Wind Farm,2024,0.0,0,856211.71,628.35
2021,Musselroe Wind Farm,2019,0.0,0,1125501.31,474.18
2021,Musselroe Wind Farm,2020,767.17,21,1033784.15,463.54
2021,Musselroe Wind Farm,2021,659.06,15,1072770.2,462.38
2021,Musselroe Wind Farm,2022,691.71,13,1007416.99,464.98
2021,Musselroe Wind Farm,2023,246.58,5,1087239.73,471.35
2021,Musselroe Wind Farm,2024,0.0,0,1083164.94,471.42
2021,Studland Bay Wind Farm ,2019,0.0,0,1090398.52,421.76
2021,Studland Bay Wind Farm ,2020,154.12,4,1032868.04,413.66
2021,Studland Bay Wind Farm ,2021,352.11,11,1068024.32,413.04
2021,Studland Bay Wind Farm ,2022,0.0,0,1052100.57,419.08
2021,Studland Bay Wind Farm ,2023,211.73,3,1075496.13,420.37
2021,Studland Bay Wind Farm ,2024,683.8,17,1071361.21,416.01
2021,Northern Midland Solar Farm,2019,17.13,1,1271316.16,426.92
2021,Northern Midland Solar Farm,2020,289.5,5,1158186.46,419.4
2021,Northern Midland Solar Farm,2021,986.72,22,1206489.71,418.21
2021,Northern Midland Solar Farm,2022,50.48,1,1127728.04,420.91
2021,Northern Midland Solar Farm,2023,451.6,12,1221216.97,423.65
2021,Northern Midland Solar Farm,2024,83.81,2,1231638.77,422.4
2021,Weasel Solar Farm ,2019,24.82,1,943154.5,502.85
2021,Weasel Solar Farm ,2020,976.54,22,854066.86,487.68
2021,Weasel Solar Farm ,2021,2009.48,34,881119.74,487.71
2021,Weasel Solar Farm ,2022,1169.92,24,810419.19,488.76
2021,Weasel Solar Farm ,2023,525.29,12,895120.84,498.48
2021,Weasel Solar Farm ,2024,689.49,15,894886.4,485.61
2021,Bell Bay Solar Farm,2019,28.71,1,998751.09,495.68
2021,Bell Bay Solar Farm,2020,572.82,11,917407.06,481.96
2021,Bell Bay Solar Farm,2021,1043.26,20,960792.88,480.85
2021,Bell Bay Solar Farm,2022,244.96,4,920713.37,487.75
2021,Bell Bay Solar Farm,2023,514.11,14,975986.49,490.16
2021,Bell Bay Solar Farm,2024,125.82,3,985910.4,491.5
2021,King Island Solar Farm  ,2019,305.29,5,909791.26,415.37
2021,King Island Solar Farm  ,2020,491.98,9,881195.95,408.85
2021,King Island Solar Farm  ,2021,534.0,11,900751.32,411.25
2021,King Island Solar Farm  ,2022,798.49,18,881779.17,408.62
2021,King Island Solar Farm  ,2023,339.05,6,904804.29,418.58
2021,King Island Solar Farm  ,2024,2062.83,37,890397.35,408.3
2021,Woakwine Wind farm,2019,179.79,3,765561.01,657.26
2021,Woakwine Wind farm,2020,1192.97,25,751381.48,645.65
2021,Woakwine Wind farm,2021,111.6,5,768872.1,658.71
2021,Woakwine Wind farm,2022,460.07,9,749699.44,649.28
2021,Woakwine Wind farm,2023,783.73,16,776534.04,660.63
2021,Woakwine Wind farm,2024,456.29,13,735642.78,655.79
2021,Robertstown Solar Project,2019,133.8,4,611297.61,377.1
2021,Robertstown Solar Project,2020,685.79,16,588870.19,369.53
2021,Robertstown Solar Project,2021,67.76,3,596848.72,372.59
2021,Robertstown Solar Project,2022,576.12,10,573321.29,368.48
2021,Robertstown Solar Project,2023,1385.99,26,598090.51,371.07
2021,Robertstown Solar Project,2024,1498.24,34,590273.27,365.73
2021,Goyder South Hybrid Renewable Power Station,2019,210.34,8,565614.76,380.01
2021,Goyder South Hybrid Renewable Power Station,2020,952.74,19,546041.72,370.07
2021,Goyder South Hybrid Renewable Power Station,2021,75.31,3,549955.48,372.4
2021,Goyder South Hybrid Renewable Power Station,2022,706.56,14,530005.51,366.07
2021,Goyder South Hybrid Renewable Power Station,2023,1853.14,34,551828.13,370.93
2021,Goyder South Hybrid Renewable Power Station,2024,1631.13,35,546658.19,366.35
2021,Cleve Wind Farm,2019,120.96,9,839289.69,257.01
2021,Cleve Wind Farm,2020,377.98,16,819893.38,255.08
2021,Cleve Wind Farm,2021,267.79,15,828859.82,255.87
2021,Cleve Wind Farm,2022,112.04,7,812767.49,256.45
2021,Cleve Wind Farm,2023,641.95,27,835825.84,255.54
2021,Cleve Wind Farm,2024,561.57,21,825285.12,255.41
2021,Yoorndoo Ilga Solar,2019,54.21,1,664640.71,319.99
2021,Yoorndoo Ilga Solar,2020,658.89,19,645119.14,313.97
2021,Yoorndoo Ilga Solar,2021,60.09,5,646658.59,316.51
2021,Yoorndoo Ilga Solar,2022,663.74,16,630711.0,313.69
2021,Yoorndoo Ilga Solar,2023,1246.48,29,653965.53,316.12
2021,Yoorndoo Ilga Solar,2024,887.8,20,643712.26,315.38
2021,Roxby Downs Solar Farm,2019,469.81,15,545651.6,428.15
2021,Roxby Downs Solar Farm,2020,77.45,2,528524.84,427.54
2021,Roxby Downs Solar Farm,2021,121.72,5,532965.47,426.52
2021,Roxby Downs Solar Farm,2022,731.43,16,525149.03,421.44
2021,Roxby Downs Solar Farm,2023,1646.41,38,531139.95,420.67
2021,Roxby Downs Solar Farm,2024,1714.64,31,523238.3,418.37
2021,S2 Solar,2019,120.18,3,638554.97,420.56
2021,S2 Solar,2020,116.98,6,616388.61,411.68
2021,S2 Solar,2021,141.67,4,626174.7,411.38
2021,S2 Solar,2022,434.9,9,603841.68,412.89
2021,S2 Solar,2023,1229.3,20,622228.26,413.91
2021,S2 Solar,2024,1368.44,31,616675.66,408.45
2021,Streaky Bay Wind Farm,2019,383.51,22,789099.22,260.82
2021,Streaky Bay Wind Farm,2020,696.92,29,796162.57,259.41
2021,Streaky Bay Wind Farm,2021,426.58,16,803289.34,261.38
2021,Streaky Bay Wind Farm,2022,778.07,21,790747.09,260.02
2021,Streaky Bay Wind Farm,2023,1088.35,33,800112.57,258.97
2021,Streaky Bay Wind Farm,2024,741.09,20,799149.32,262.43
2021,Yorke Peninsula Wind Farm,2019,68.43,2,832725.73,314.75
2021,Yorke Peninsula Wind Farm,2020,458.65,12,820947.71,312.2
2021,Yorke Peninsula Wind Farm,2021,173.77,10,829526.79,313.27
2021,Yorke Peninsula Wind Farm,2022,348.29,12,802216.37,312.07
2021,Yorke Peninsula Wind Farm,2023,402.6,13,840035.05,311.91
2021,Yorke Peninsula Wind Farm,2024,370.5,10,837989.7,314.89
2021,Bodangora Wind Farm ,2019,262.08,6,644890.66,490.62
2021,Bodangora Wind Farm ,2020,882.45,19,623876.76,487.31
2021,Bodangora Wind Farm ,2021,150.13,3,625278.52,485.69
2021,Bodangora Wind Farm ,2022,1982.51,31,614560.62,483.22
2021,Bodangora Wind Farm ,2023,1001.48,17,625095.81,488.49
2021,Bodangora Wind Farm ,2024,2091.93,35,607209.67,479.73
2021,Sapphire Wind Farm,2019,0.0,0,679020.44,422.08
2021,Sapphire Wind Farm,2020,608.99,13,644621.41,411.83
2021,Sapphire Wind Farm,2021,1196.57,20,644864.91,410.66
2021,Sapphire Wind Farm,2022,1215.61,21,648750.18,410.91
2021,Sapphire Wind Farm,2023,0.0,0,664524.53,420.18
2021,Sapphire Wind Farm,2024,0.0,0,631426.08,410.14
2021,Metz Solar Farm ,2019,153.24,3,656575.48,429.76
2021,Metz Solar Farm ,2020,677.97,12,622499.37,424.71
2021,Metz Solar Farm ,2021,964.14,15,630227.55,425.44
2021,Metz Solar Farm ,2022,1154.54,20,623824.86,421.27
2021,Metz Solar Farm ,2023,383.14,8,647677.49,429.63
2021,Metz Solar Farm ,2024,633.71,14,611915.94,416.49
2021,Bullawah Wind Farm,2019,831.74,17,733190.7,379.71
2021,Bullawah Wind Farm,2020,976.16,19,708324.52,378.35
2021,Bullawah Wind Farm,2021,6.43,3,718114.24,376.14
2021,Bullawah Wind Farm,2022,462.72,13,681222.22,372.34
2021,Bullawah Wind Farm,2023,986.25,15,717578.03,379.59
2021,Bullawah Wind Farm,2024,1320.08,33,722649.54,373.95
2021,Sunraysia Solar Farm,2019,934.99,20,638050.49,433.04
2021,Sunraysia Solar Farm,2020,660.12,13,620015.79,435.04
2021,Sunraysia Solar Farm,2021,549.4,13,627061.88,432.09
2021,Sunraysia Solar Farm,2022,1284.79,36,597970.81,424.66
2021,Sunraysia Solar Farm,2023,1200.1,21,627896.2,433.21
2021,Sunraysia Solar Farm,2024,2182.69,49,627417.08,429.27
2021,Muswellbrook Solar Farm ,2019,911.72,15,655169.18,498.94
2021,Muswellbrook Solar Farm ,2020,499.94,14,618916.64,492.49
2021,Muswellbrook Solar Farm ,2021,294.27,7,626407.09,494.51
2021,Muswellbrook Solar Farm ,2022,3058.92,56,599734.62,477.56
2021,Muswellbrook Solar Farm ,2023,163.02,3,654463.95,504.87
2021,Muswellbrook Solar Farm ,2024,1486.19,27,612810.79,483.06
2021,Wollongong Offshore Wind Project (proposed),2019,731.04,12,564268.57,715.98
2021,Wollongong Offshore Wind Project (proposed),2020,745.3,16,539221.49,699.02
2021,Wollongong Offshore Wind Project (proposed),2021,192.36,4,552607.32,703.5
2021,Wollongong Offshore Wind Project (proposed),2022,1907.15,40,543528.97,686.37
2021,Wollongong Offshore Wind Project (proposed),2023,842.67,18,565600.01,720.34
2021,Wollongong Offshore Wind Project (proposed),2024,1936.14,32,544171.22,697.93
2021,Broken Hill Solar Farm,2019,188.17,3,633622.37,443.63
2021,Broken Hill Solar Farm,2020,210.73,6,619154.49,442.72
2021,Broken Hill Solar Farm,2021,116.06,4,617510.1,437.42
2021,Broken Hill Solar Farm,2022,79.73,3,595607.2,437.33
2021,Broken Hill Solar Farm,2023,1374.59,24,618389.01,440.44
2021,Broken Hill Solar Farm,2024,369.88,12,609648.71,436.63
2021,Wagga Wagga North Solar Farm,2019,567.38,10,1004593.76,436.62
2021,Wagga Wagga North Solar Farm,2020,297.09,7,950646.15,430.98
2021,Wagga Wagga North Solar Farm,2021,631.63,13,955610.13,432.19
2021,Wagga Wagga North Solar Farm,2022,374.06,10,924237.03,429.79
2021,Wagga Wagga North Solar Farm,2023,732.44,12,963119.6,433.12
2021,Wagga Wagga North Solar Farm,2024,331.89,6,979125.16,432.03
2021,Cooma Solar Farm,2019,41.19,1,693434.89,560.75
2021,Cooma Solar Farm,2020,1490.12,29,658717.93,548.61
2021,Cooma Solar Farm,2021,648.02,14,659515.99,550.36
2021,Cooma Solar Farm,2022,565.01,11,631713.66,547.24
2021,Cooma Solar Farm,2023,199.15,4,658598.22,554.31
2021,Cooma Solar Farm,2024,1892.69,37,645552.19,541.78
2021,N13,2019,206.44,6,832399.58,341.14
2021,N13,2020,222.38,8,793950.07,337.83
2021,N13,2021,132.7,3,794927.18,338.15
2021,N13,2022,241.69,7,769455.87,338.87
2021,N13,2023,694.33,11,811842.04,340.17
2021,N13,2024,1039.72,25,780950.98,332.6
2021,Moree Solar Farm,2019,257.07,4,793296.05,396.28
2021,Moree Solar Farm,2020,508.04,11,748615.89,392.45
2021,Moree Solar Farm,2021,305.02,5,750429.0,391.54
2021,Moree Solar Farm,2022,1060.2,21,738643.24,388.36
2021,Moree Solar Farm,2023,0.0,0,773173.07,397.89
2021,Moree Solar Farm,2024,23.72,1,724833.53,392.33
2021,Snowy Wind,2019,89.09,1,786041.14,575.45
2021,Snowy Wind,2020,1047.16,22,743596.36,565.63
2021,Snowy Wind,2021,866.17,15,740416.96,562.67
2021,Snowy Wind,2022,684.21,14,722340.76,559.2
2021,Snowy Wind,2023,1244.23,19,733644.88,561.71
2021,Snowy Wind,2024,655.15,13,757250.79,566.38
2021,N10 Offshore,2019,157.78,3,719489.03,514.66
2021,N10 Offshore,2020,76.84,1,687330.09,513.95
2021,N10 Offshore,2021,183.02,5,690557.67,511.91
2021,N10 Offshore,2022,351.79,6,681584.87,509.8
2021,N10 Offshore,2023,0.0,0,722717.49,520.5
2021,N10 Offshore,2024,90.45,2,678513.86,511.13
2022,Gippsland offshore wind,2019,0.0,0,760041.34,640.02
2022,Gippsland offshore wind,2020,176.08,5,716045.56,626.43
2022,Gippsland offshore wind,2021,125.08,2,748198.99,631.43
2022,Gippsland offshore wind,2022,586.69,11,719795.88,620.33
2022,Gippsland offshore wind,2023,687.56,13,737952.75,636.74
2022,Gippsland offshore wind,2024,523.62,12,744749.25,621.75
2022,Hawkesdale wind farm,2019,129.29,4,740274.79,531.75
2022,Hawkesdale wind farm,2020,1599.55,34,715085.0,523.2
2022,Hawkesdale wind farm,2021,98.71,2,736017.0,536.26
2022,Hawkesdale wind farm,2022,318.81,8,703907.02,529.53
2022,Hawkesdale wind farm,2023,1154.14,18,734535.05,532.51
2022,Hawkesdale wind farm,2024,908.11,26,719197.25,527.47
2022,Mortlake Energy Hub,2019,102.58,3,765140.12,541.1
2022,Mortlake Energy Hub,2020,1000.46,19,733254.7,530.9
2022,Mortlake Energy Hub,2021,94.19,2,756118.85,541.56
2022,Mortlake Energy Hub,2022,44.17,3,723506.57,535.15
2022,Mortlake Energy Hub,2023,645.96,8,755864.02,539.59
2022,Mortlake Energy Hub,2024,451.69,17,755703.82,538.67
2022,Golden Plains Wind Farm,2019,779.81,19,674984.68,401.76
2022,Golden Plains Wind Farm,2020,1448.97,38,648149.08,393.27
2022,Golden Plains Wind Farm,2021,177.17,8,662663.48,396.59
2022,Golden Plains Wind Farm,2022,275.46,6,633686.2,392.86
2022,Golden Plains Wind Farm,2023,587.75,11,668409.98,397.81
2022,Golden Plains Wind Farm,2024,984.68,22,672440.42,398.02
2022,Elaine Solar Farm,2019,569.78,12,709855.62,387.73
2022,Elaine Solar Farm,2020,749.58,22,680916.15,380.93
2022,Elaine Solar Farm,2021,95.78,2,695459.65,384.47
2022,Elaine Solar Farm,2022,407.43,10,662900.31,380.53
2022,Elaine Solar Farm,2023,408.67,8,701429.74,386.16
2022,Elaine Solar Farm,2024,972.6,21,709878.02,385.23
2022,Warracknabeal Energy Park (proposed),2019,655.94,14,651064.73,533.05
2022,Warracknabeal Energy Park (proposed),2020,856.41,21,629428.84,526.44
2022,Warracknabeal Energy Park (proposed),2021,339.75,10,639220.56,525.88
2022,Warracknabeal Energy Park (proposed),2022,110.61,4,618943.15,527.07
2022,Warracknabeal Energy Park (proposed),2023,652.46,9,632314.76,531.9
2022,Warracknabeal Energy Park (proposed),2024,1066.9,27,635492.97,527.15
2022,Murra Warra Solar Farm (proposed),2019,592.38,14,659260.33,523.36
2022,Murra Warra Solar Farm (proposed),2020,738.79,17,637336.66,516.56
2022,Murra Warra Solar Farm (proposed),2021,354.37,12,648308.85,516.19
2022,Murra Warra Solar Farm (proposed),2022,109.43,4,626710.02,516.19
2022,Murra Warra Solar Farm (proposed),2023,607.92,8,641737.47,521.11
2022,Murra Warra Solar Farm (proposed),2024,921.86,21,648115.13,518.5
2022,Gannawarra Solar Farm,2019,355.52,13,811990.0,413.3
2022,Gannawarra Solar Farm,2020,937.59,19,788617.4,414.78
2022,Gannawarra Solar Farm,2021,92.05,3,797509.45,411.84
2022,Gannawarra Solar Farm,2022,506.55,14,756431.96,407.78
2022,Gannawarra Solar Farm,2023,580.89,10,795224.51,413.27
2022,Gannawarra Solar Farm,2024,1100.32,25,804962.04,409.4
2022,Meering West Wind Farm,2019,434.59,15,786178.05,466.99
2022,Meering West Wind Farm,2020,942.67,19,763309.85,468.46
2022,Meering West Wind Farm,2021,77.05,2,772088.7,465.13
2022,Meering West Wind Farm,2022,456.6,17,733463.17,460.25
2022,Meering West Wind Farm,2023,494.52,10,769060.19,466.85
2022,Meering West Wind Farm,2024,774.01,17,779188.17,462.87
2022,Cosgrove Solar Farm,2019,0.0,0,1009260.12,433.95
2022,Cosgrove Solar Farm,2020,93.98,2,975719.39,430.44
2022,Cosgrove Solar Farm,2021,839.89,20,980571.04,425.48
2022,Cosgrove Solar Farm,2022,515.79,10,926715.69,420.58
2022,Cosgrove Solar Farm,2023,478.29,9,978668.15,429.25
2022,Cosgrove Solar Farm,2024,436.1,11,1015900.58,425.46
2022,V9 Offshore,2019,380.52,8,843978.39,508.37
2022,V9 Offshore,2020,1323.53,25,831351.81,499.82
2022,V9 Offshore,2021,120.42,4,841639.11,512.56
2022,V9 Offshore,2022,177.16,3,814759.49,505.2
2022,V9 Offshore,2023,1369.25,25,837642.9,510.88
2022,V9 Offshore,2024,2773.12,51,804720.82,497.64
2022,Coopers Gap ,2019,286.08,5,680857.97,377.67
2022,Coopers Gap ,2020,61.51,2,657570.31,377.2
2022,Coopers Gap ,2021,920.55,14,650411.71,374.15
2022,Coopers Gap ,2022,1399.67,21,645837.41,372.46
2022,Coopers Gap ,2023,44.73,2,661962.21,377.57
2022,Coopers Gap ,2024,211.42,6,635930.02,372.2
2022,Dulacca Wind Farm,2019,327.33,5,766526.75,364.04
2022,Dulacca Wind Farm,2020,175.03,3,739286.18,362.83
2022,Dulacca Wind Farm,2021,436.67,7,735763.85,361.64
2022,Dulacca Wind Farm,2022,1055.57,24,719583.34,357.77
2022,Dulacca Wind Farm,2023,116.33,2,748816.51,364.82
2022,Dulacca Wind Farm,2024,233.53,4,710723.62,359.06
2022,Mount Emerald Wind Farm,2019,904.79,27,658734.65,277.77
2022,Mount Emerald Wind Farm,2020,441.55,14,648444.59,276.75
2022,Mount Emerald Wind Farm,2021,1508.18,44,619564.95,270.15
2022,Mount Emerald Wind Farm,2022,176.78,8,621089.12,276.34
2022,Mount Emerald Wind Farm,2023,172.47,8,640273.0,275.88
2022,Mount Emerald Wind Farm,2024,236.04,9,629705.07,278.14
2022,Kaban,2019,334.46,15,703446.29,292.18
2022,Kaban,2020,95.53,5,692478.94,294.17
2022,Kaban,2021,395.2,11,664553.04,288.02
2022,Kaban,2022,167.07,9,666346.85,292.04
2022,Kaban,2023,11.43,2,682867.04,292.97
2022,Kaban,2024,72.76,3,674736.16,294.52
2022,Sample data,2019,315.83,7,812298.65,342.27
2022,Sample data,2020,15.56,4,782385.23,341.98
2022,Sample data,2021,458.24,12,765609.14,339.45
2022,Sample data,2022,450.02,9,762569.59,339.67
2022,Sample data,2023,104.92,2,776518.59,341.77
2022,Sample data,2024,31.25,3,777944.0,341.85
2022,Kennedy Energy Park Stage 1,2019,45.26,2,810360.52,263.47
2022,Kennedy Energy Park Stage 1,2020,91.42,6,788534.47,261.57
2022,Kennedy Energy Park Stage 1,2021,46.65,6,754784.53,261.83
2022,Kennedy Energy Park Stage 1,2022,341.29,9,754987.02,260.46
2022,Kennedy Energy Park Stage 1,2023,44.69,5,779914.85,261.43
2022,Kennedy Energy Park Stage 1,2024,63.64,7,770710.82,261.27
2022,Western Downs Green Power Hub,2019,218.24,3,745667.72,375.87
2022,Western Downs Green Power Hub,2020,103.42,2,719119.5,376.23
2022,Western Downs Green Power Hub,2021,586.34,10,714598.86,373.17
2022,Western Downs Green Power Hub,2022,1093.53,22,703485.6,371.45
2022,Western Downs Green Power Hub,2023,34.75,2,728686.21,377.73
2022,Western Downs Green Power Hub,2024,471.49,9,690054.64,370.23
2022,Daydream Solar Farm,2019,59.05,8,692859.0,292.23
2022,Daydream Solar Farm,2020,114.68,10,685624.88,290.94
2022,Daydream Solar Farm,2021,269.56,11,658215.26,288.03
2022,Daydream Solar Farm,2022,458.07,15,661358.35,288.33
2022,Daydream Solar Farm,2023,93.0,8,682071.18,291.09
2022,Daydream Solar Farm,2024,129.33,8,672541.42,291.35
2022,Kidston Solar Project KS1,2019,0.0,0,720970.96,271.93
2022,Kidston Solar Project KS1,2020,60.18,7,704116.25,268.38
2022,Kidston Solar Project KS1,2021,19.54,3,678411.21,268.3
2022,Kidston Solar Project KS1,2022,116.58,10,675076.57,267.69
2022,Kidston Solar Project KS1,2023,99.95,6,696296.24,268.52
2022,Kidston Solar Project KS1,2024,60.58,2,688504.22,269.46
2022,Ross River Solar Farm ,2019,41.04,5,713267.82,259.97
2022,Ross River Solar Farm ,2020,131.25,11,699893.81,258.41
2022,Ross River Solar Farm ,2021,282.92,11,671257.01,256.64
2022,Ross River Solar Farm ,2022,314.76,11,673724.33,257.24
2022,Ross River Solar Farm ,2023,49.94,7,700206.15,258.91
2022,Ross River Solar Farm ,2024,145.78,8,687225.23,258.44
2022,Childers Solar Farm,2019,47.05,6,867487.77,332.63
2022,Childers Solar Farm,2020,211.27,11,833364.98,329.94
2022,Childers Solar Farm,2021,637.86,14,825840.96,329.34
2022,Childers Solar Farm,2022,1410.69,25,819225.08,325.52
2022,Childers Solar Farm,2023,17.15,5,848209.75,333.13
2022,Childers Solar Farm,2024,197.03,8,825417.51,330.93
2022,Haughton Solar Farm,2019,35.44,6,735611.76,265.57
2022,Haughton Solar Farm,2020,128.17,10,719181.36,263.94
2022,Haughton Solar Farm,2021,143.31,8,688488.81,262.22
2022,Haughton Solar Farm,2022,155.77,9,689006.22,262.41
2022,Haughton Solar Farm,2023,50.85,10,719160.99,263.63
2022,Haughton Solar Farm,2024,211.37,10,708160.47,263.23
2022,Banana,2019,0.59,1,816544.67,346.26
2022,Banana,2020,118.61,3,797243.81,344.62
2022,Banana,2021,136.94,5,789515.74,343.81
2022,Banana,2022,944.15,24,769168.55,339.06
2022,Banana,2023,45.21,3,797200.0,345.58
2022,Banana,2024,2.91,1,773590.99,343.89
2022,Broad Sound Solar Farm,2019,395.71,7,650790.57,438.08
2022,Broad Sound Solar Farm,2020,520.11,9,627543.43,437.01
2022,Broad Sound Solar Farm,2021,649.38,16,613465.28,427.59
2022,Broad Sound Solar Farm,2022,399.53,7,600864.91,432.12
2022,Broad Sound Solar Farm,2023,198.94,5,627943.17,436.69
2022,Broad Sound Solar Farm,2024,419.66,8,629720.86,437.83
2022,Barcaldine Solar Farm,2019,337.65,10,670527.67,338.1
2022,Barcaldine Solar Farm,2020,405.39,11,656983.27,338.64
2022,Barcaldine Solar Farm,2021,290.08,5,649293.17,338.66
2022,Barcaldine Solar Farm,2022,586.52,12,635736.36,336.81
2022,Barcaldine Solar Farm,2023,5.42,2,646628.82,339.36
2022,Barcaldine Solar Farm,2024,65.68,5,640546.03,337.37
2022,Cattle Hill Wind Farm ,2019,91.81,2,1136956.25,422.51
2022,Cattle Hill Wind Farm ,2020,309.17,5,1023059.36,413.39
2022,Cattle Hill Wind Farm ,2021,1908.1,34,1055121.0,412.73
2022,Cattle Hill Wind Farm ,2022,602.7,13,963704.0,413.27
2022,Cattle Hill Wind Farm ,2023,635.88,14,1059507.78,419.72
2022,Cattle Hill Wind Farm ,2024,504.26,8,1071599.61,414.29
2022,Granville Harbour Wind Farm,2019,880.75,19,752863.85,468.87
2022,Granville Harbour Wind Farm,2020,1013.55,18,721237.42,456.97
2022,Granville Harbour Wind Farm,2021,2181.78,52,737137.43,454.09
2022,Granville Harbour Wind Farm,2022,543.27,15,741588.22,461.56
2022,Granville Harbour Wind Farm,2023,1064.07,21,747855.98,467.05
2022,Granville Harbour Wind Farm,2024,606.89,11,747844.37,464.33
2022,Musselroe Wind Farm,2019,40.91,1,914490.26,431.64
2022,Musselroe Wind Farm,2020,1174.1,20,843949.62,418.2
2022,Musselroe Wind Farm,2021,2223.3,44,870493.85,419.83
2022,Musselroe Wind Farm,2022,977.08,14,818780.65,419.48
2022,Musselroe Wind Farm,2023,382.49,10,875252.94,429.49
2022,Musselroe Wind Farm,2024,30.31,1,870620.94,426.83
2022,Studland Bay Wind Farm ,2019,40.24,1,873430.8,370.26
2022,Studland Bay Wind Farm ,2020,1367.5,28,827593.98,358.7
2022,Studland Bay Wind Farm ,2021,2072.67,47,855988.87,358.98
2022,Studland Bay Wind Farm ,2022,94.21,4,843938.73,363.33
2022,Studland Bay Wind Farm ,2023,524.09,9,862420.93,369.18
2022,Studland Bay Wind Farm ,2024,1330.95,30,859430.73,364.9
2022,Northern Midland Solar Farm,2019,35.47,1,1135623.07,451.62
2022,Northern Midland Solar Farm,2020,507.2,10,1034487.13,439.76
2022,Northern Midland Solar Farm,2021,1443.8,32,1077692.2,440.43
2022,Northern Midland Solar Farm,2022,164.14,4,1007062.02,442.37
2022,Northern Midland Solar Farm,2023,574.85,14,1090619.59,447.29
2022,Northern Midland Solar Farm,2024,103.56,2,1100019.8,445.74
2022,Weasel Solar Farm ,2019,49.65,1,826580.54,488.82
2022,Weasel Solar Farm ,2020,1835.86,40,751450.39,465.22
2022,Weasel Solar Farm ,2021,3265.84,57,774892.86,467.4
2022,Weasel Solar Farm ,2022,1442.48,30,717637.74,469.63
2022,Weasel Solar Farm ,2023,678.29,15,789795.34,482.69
2022,Weasel Solar Farm ,2024,1313.8,26,788017.23,463.98
2022,Bell Bay Solar Farm,2019,78.82,1,794405.51,556.92
2022,Bell Bay Solar Farm,2020,1692.59,32,731617.53,534.35
2022,Bell Bay Solar Farm,2021,2252.61,52,765479.45,529.48
2022,Bell Bay Solar Farm,2022,360.25,7,735731.28,539.71
2022,Bell Bay Solar Farm,2023,1338.7,28,779106.22,548.45
2022,Bell Bay Solar Farm,2024,509.6,12,787346.37,550.45
2022,King Island Solar Farm  ,2019,170.74,4,985496.0,368.0
2022,King Island Solar Farm  ,2020,378.31,8,951559.49,364.69
2022,King Island Solar Farm  ,2021,455.24,11,976074.08,366.32
2022,King Island Solar Farm  ,2022,336.78,9,957307.69,364.04
2022,King Island Solar Farm  ,2023,290.71,6,981689.72,371.18
2022,King Island Solar Farm  ,2024,1447.3,30,974747.27,363.94
2022,Woakwine Wind farm,2019,209.77,8,914394.08,379.67
2022,Woakwine Wind farm,2020,512.31,10,890557.68,376.6
2022,Woakwine Wind farm,2021,610.44,18,914510.0,376.89
2022,Woakwine Wind farm,2022,173.16,7,884511.86,373.98
2022,Woakwine Wind farm,2023,566.38,15,921285.88,377.93
2022,Woakwine Wind farm,2024,132.38,4,896664.01,379.86
2022,Robertstown Solar Project,2019,221.97,7,541163.56,497.87
2022,Robertstown Solar Project,2020,541.18,10,523482.24,484.83
2022,Robertstown Solar Project,2021,57.3,2,528853.6,485.84
2022,Robertstown Solar Project,2022,175.2,4,509981.85,480.22
2022,Robertstown Solar Project,2023,1305.6,22,529364.62,485.23
2022,Robertstown Solar Project,2024,1824.01,38,521201.43,473.61
2022,Goyder South Hybrid Renewable Power Station,2019,185.37,5,549666.09,468.32
2022,Goyder South Hybrid Renewable Power Station,2020,528.71,9,533967.84,455.97
2022,Goyder South Hybrid Renewable Power Station,2021,49.37,2,535303.14,457.55
2022,Goyder South Hybrid Renewable Power Station,2022,188.45,5,518501.74,449.86
2022,Goyder South Hybrid Renewable Power Station,2023,1401.38,26,535809.22,456.13
2022,Goyder South Hybrid Renewable Power Station,2024,1323.91,29,529317.81,448.67
2022,Cleve Wind Farm,2019,412.97,12,624117.7,381.41
2022,Cleve Wind Farm,2020,1104.7,26,610616.78,379.19
2022,Cleve Wind Farm,2021,866.74,25,616916.17,382.57
2022,Cleve Wind Farm,2022,127.16,5,605071.17,380.12
2022,Cleve Wind Farm,2023,1248.87,25,621707.33,379.09
2022,Cleve Wind Farm,2024,604.08,18,613541.01,381.44
2022,Yoorndoo Ilga Solar,2019,32.29,3,560688.61,467.56
2022,Yoorndoo Ilga Solar,2020,791.58,18,544895.79,459.31
2022,Yoorndoo Ilga Solar,2021,102.19,5,545989.43,460.5
2022,Yoorndoo Ilga Solar,2022,194.84,6,532624.79,454.54
2022,Yoorndoo Ilga Solar,2023,1466.84,26,551515.45,460.26
2022,Yoorndoo Ilga Solar,2024,444.02,8,542762.36,458.41
2022,Roxby Downs Solar Farm,2019,113.46,6,535587.62,558.58
2022,Roxby Downs Solar Farm,2020,0.0,0,518735.72,560.34
2022,Roxby Downs Solar Farm,2021,0.0,0,523061.24,558.89
2022,Roxby Downs Solar Farm,2022,179.95,6,515356.61,550.07
2022,Roxby Downs Solar Farm,2023,1222.54,26,521597.86,549.42
2022,Roxby Downs Solar Farm,2024,935.62,19,513585.8,546.77
2022,S2 Solar,2019,84.06,3,589041.95,541.98
2022,S2 Solar,2020,211.73,7,566810.98,529.69
2022,S2 Solar,2021,97.74,3,576754.06,526.92
2022,S2 Solar,2022,100.95,2,554945.65,529.46
2022,S2 Solar,2023,1018.5,20,574077.45,530.98
2022,S2 Solar,2024,1252.21,31,569491.94,522.92
2022,Streaky Bay Wind Farm,2019,271.45,9,660644.56,429.32
2022,Streaky Bay Wind Farm,2020,940.93,22,658302.94,427.71
2022,Streaky Bay Wind Farm,2021,553.13,11,666036.5,432.47
2022,Streaky Bay Wind Farm,2022,244.29,6,657809.22,432.7
2022,Streaky Bay Wind Farm,2023,1005.09,28,669391.59,429.19
2022,Streaky Bay Wind Farm,2024,475.57,11,671916.35,437.56
2022,Yorke Peninsula Wind Farm,2019,53.97,1,822675.82,333.49
2022,Yorke Peninsula Wind Farm,2020,439.64,10,810533.29,330.76
2022,Yorke Peninsula Wind Farm,2021,148.83,9,819274.27,331.94
2022,Yorke Peninsula Wind Farm,2022,308.04,8,791874.84,330.54
2022,Yorke Peninsula Wind Farm,2023,360.98,10,829626.72,330.51
2022,Yorke Peninsula Wind Farm,2024,328.11,8,828154.45,333.69
2022,Bodangora Wind Farm ,2019,172.33,6,820667.46,361.16
2022,Bodangora Wind Farm ,2020,331.15,11,777311.92,358.35
2022,Bodangora Wind Farm ,2021,620.34,11,788445.55,357.95
2022,Bodangora Wind Farm ,2022,1041.25,23,761163.26,356.28
2022,Bodangora Wind Farm ,2023,1084.74,19,804534.4,358.15
2022,Bodangora Wind Farm ,2024,1286.61,22,774087.23,354.36
2022,Sapphire Wind Farm,2019,0.0,0,728513.51,421.97
2022,Sapphire Wind Farm,2020,501.38,10,690435.6,412.65
2022,Sapphire Wind Farm,2021,1088.41,18,690472.61,411.34
2022,Sapphire Wind Farm,2022,983.68,18,692559.09,411.52
2022,Sapphire Wind Farm,2023,0.0,0,715315.93,420.68
2022,Sapphire Wind Farm,2024,0.0,0,677368.45,412.4
2022,Metz Solar Farm ,2019,133.27,3,628396.01,456.96
2022,Metz Solar Farm ,2020,764.7,14,596226.53,451.5
2022,Metz Solar Farm ,2021,978.88,16,603958.66,452.38
2022,Metz Solar Farm ,2022,1120.24,19,598274.57,447.86
2022,Metz Solar Farm ,2023,407.26,9,618837.7,457.07
2022,Metz Solar Farm ,2024,669.81,15,585563.55,442.42
2022,Bullawah Wind Farm,2019,717.6,15,762901.16,378.99
2022,Bullawah Wind Farm,2020,871.18,18,736314.99,378.25
2022,Bullawah Wind Farm,2021,30.36,1,746704.57,377.45
2022,Bullawah Wind Farm,2022,297.46,8,707046.99,373.09
2022,Bullawah Wind Farm,2023,925.74,15,748144.56,379.16
2022,Bullawah Wind Farm,2024,1061.6,26,752999.29,373.33
2022,Sunraysia Solar Farm,2019,472.55,12,785473.01,397.53
2022,Sunraysia Solar Farm,2020,383.79,7,762567.45,399.75
2022,Sunraysia Solar Farm,2021,380.67,8,771505.49,398.86
2022,Sunraysia Solar Farm,2022,269.3,8,735025.92,394.9
2022,Sunraysia Solar Farm,2023,675.0,12,773906.35,398.33
2022,Sunraysia Solar Farm,2024,1343.16,30,773482.16,393.29
2022,Muswellbrook Solar Farm ,2019,612.7,14,929009.38,373.77
2022,Muswellbrook Solar Farm ,2020,92.7,8,877978.76,372.75
2022,Muswellbrook Solar Farm ,2021,245.53,6,888478.18,375.7
2022,Muswellbrook Solar Farm ,2022,1103.33,20,850979.22,366.47
2022,Muswellbrook Solar Farm ,2023,122.82,4,927692.68,376.52
2022,Muswellbrook Solar Farm ,2024,354.48,10,868986.68,368.89
2022,Wollongong Offshore Wind Project (proposed),2019,168.54,3,850922.95,378.73
2022,Wollongong Offshore Wind Project (proposed),2020,414.93,9,807492.72,374.22
2022,Wollongong Offshore Wind Project (proposed),2021,815.28,14,828059.61,375.95
2022,Wollongong Offshore Wind Project (proposed),2022,211.97,5,808852.7,372.93
2022,Wollongong Offshore Wind Project (proposed),2023,684.44,14,853887.85,378.44
2022,Wollongong Offshore Wind Project (proposed),2024,1678.96,26,816032.01,372.04
2022,Broken Hill Solar Farm,2019,250.49,4,639364.16,406.39
2022,Broken Hill Solar Farm,2020,269.39,6,625056.89,405.64
2022,Broken Hill Solar Farm,2021,253.7,8,623385.02,400.95
2022,Broken Hill Solar Farm,2022,154.98,4,601341.0,400.5
2022,Broken Hill Solar Farm,2023,1467.71,26,623706.34,403.69
2022,Broken Hill Solar Farm,2024,520.61,15,615276.42,399.94
2022,Wagga Wagga North Solar Farm,2019,562.59,11,825776.92,532.92
2022,Wagga Wagga North Solar Farm,2020,955.14,20,781353.25,521.15
2022,Wagga Wagga North Solar Farm,2021,1238.67,24,785483.77,521.86
2022,Wagga Wagga North Solar Farm,2022,544.63,12,759605.85,517.05
2022,Wagga Wagga North Solar Farm,2023,922.44,18,791715.96,521.99
2022,Wagga Wagga North Solar Farm,2024,507.58,13,804905.38,523.8
2022,Cooma Solar Farm,2019,332.63,6,800064.6,433.61
2022,Cooma Solar Farm,2020,1565.37,35,763327.66,424.32
2022,Cooma Solar Farm,2021,1026.32,18,762384.04,427.08
2022,Cooma Solar Farm,2022,265.05,8,730322.0,425.22
2022,Cooma Solar Farm,2023,541.41,10,759561.62,429.7
2022,Cooma Solar Farm,2024,1506.77,31,742755.03,423.2
2022,N13,2019,219.75,3,627511.79,428.7
2022,N13,2020,898.65,19,597975.76,420.59
2022,N13,2021,887.9,20,599848.69,422.57
2022,N13,2022,227.66,5,577582.54,420.83
2022,N13,2023,1019.38,15,614510.11,426.14
2022,N13,2024,2450.11,46,590558.11,411.45
2022,Moree Solar Farm,2019,0.0,0,790776.98,580.66
2022,Moree Solar Farm,2020,352.3,9,739377.99,574.7
2022,Moree Solar Farm,2021,404.93,7,743667.71,574.66
2022,Moree Solar Farm,2022,327.98,8,729227.34,566.87
2022,Moree Solar Farm,2023,0.0,0,782410.0,583.13
2022,Moree Solar Farm,2024,0.0,0,727183.05,576.4
2022,Snowy Wind,2019,94.9,1,860918.28,553.18
2022,Snowy Wind,2020,761.21,19,812671.68,544.69
2022,Snowy Wind,2021,766.55,13,810536.4,542.88
2022,Snowy Wind,2022,466.2,11,789001.74,540.28
2022,Snowy Wind,2023,1188.87,18,804464.34,542.12
2022,Snowy Wind,2024,402.04,9,830737.13,545.69
2022,N10 Offshore,2019,205.41,5,747675.05,428.48
2022,N10 Offshore,2020,158.78,2,714923.59,428.4
2022,N10 Offshore,2021,482.49,8,718365.81,426.92
2022,N10 Offshore,2022,474.27,9,709186.76,425.48
2022,N10 Offshore,2023,0.0,0,750555.93,433.73
2022,N10 Offshore,2024,227.27,5,705286.72,425.79
2023,Gippsland offshore wind,2019,154.74,4,644781.64,513.73
2023,Gippsland offshore wind,2020,2078.13,47,604729.0,487.33
2023,Gippsland offshore wind,2021,2281.59,42,632218.92,492.04
2023,Gippsland offshore wind,2022,2849.06,53,610172.98,488.64
2023,Gippsland offshore wind,2023,825.8,17,626560.24,504.01
2023,Gippsland offshore wind,2024,2682.46,62,639839.28,488.11
2023,Hawkesdale wind farm,2019,185.53,5,803815.51,398.09
2023,Hawkesdale wind farm,2020,1453.69,36,774767.7,391.77
2023,Hawkesdale wind farm,2021,418.32,7,799457.9,399.51
2023,Hawkesdale wind farm,2022,651.97,13,766860.77,395.2
2023,Hawkesdale wind farm,2023,1034.04,18,801022.84,397.43
2023,Hawkesdale wind farm,2024,588.84,17,798183.52,396.47
2023,Mortlake Energy Hub,2019,537.19,16,761217.37,364.18
2023,Mortlake Energy Hub,2020,1951.34,41,729237.19,358.19
2023,Mortlake Energy Hub,2021,529.32,12,752653.15,363.72
2023,Mortlake Energy Hub,2022,852.66,15,720820.77,359.29
2023,Mortlake Energy Hub,2023,884.08,14,753031.55,361.81
2023,Mortlake Energy Hub,2024,936.33,24,754977.71,362.63
2023,Golden Plains Wind Farm,2019,778.3,18,629866.86,503.21
2023,Golden Plains Wind Farm,2020,1483.33,37,608535.19,493.25
2023,Golden Plains Wind Farm,2021,116.9,4,619818.82,498.12
2023,Golden Plains Wind Farm,2022,388.24,9,590530.25,494.66
2023,Golden Plains Wind Farm,2023,243.38,5,623074.53,500.53
2023,Golden Plains Wind Farm,2024,1018.65,22,620944.23,499.06
2023,Elaine Solar Farm,2019,535.35,15,691448.38,497.83
2023,Elaine Solar Farm,2020,598.66,14,676526.75,489.91
2023,Elaine Solar Farm,2021,355.58,11,684604.41,494.5
2023,Elaine Solar Farm,2022,604.99,13,646997.99,493.23
2023,Elaine Solar Farm,2023,66.29,3,683612.59,498.83
2023,Elaine Solar Farm,2024,1226.36,27,676021.54,492.08
2023,Warracknabeal Energy Park (proposed),2019,544.11,13,753839.33,393.99
2023,Warracknabeal Energy Park (proposed),2020,510.4,12,727468.58,391.02
2023,Warracknabeal Energy Park (proposed),2021,270.59,9,740286.04,390.31
2023,Warracknabeal Energy Park (proposed),2022,414.43,7,715064.1,391.01
2023,Warracknabeal Energy Park (proposed),2023,612.58,10,733146.36,392.35
2023,Warracknabeal Energy Park (proposed),2024,1305.22,31,739151.96,390.32
2023,Murra Warra Solar Farm (proposed),2019,905.46,18,631583.09,451.48
2023,Murra Warra Solar Farm (proposed),2020,1205.65,26,611502.22,444.15
2023,Murra Warra Solar Farm (proposed),2021,920.99,21,620972.27,443.68
2023,Murra Warra Solar Farm (proposed),2022,748.81,13,601366.27,444.11
2023,Murra Warra Solar Farm (proposed),2023,840.36,13,614269.72,449.05
2023,Murra Warra Solar Farm (proposed),2024,1655.22,35,618650.22,447.34
2023,Gannawarra Solar Farm,2019,1155.05,29,740804.86,442.18
2023,Gannawarra Solar Farm,2020,1051.21,19,726382.3,444.63
2023,Gannawarra Solar Farm,2021,720.2,16,730470.9,437.4
2023,Gannawarra Solar Farm,2022,893.28,20,698015.22,436.47
2023,Gannawarra Solar Farm,2023,315.31,8,721347.94,442.97
2023,Gannawarra Solar Farm,2024,1888.59,43,726823.89,438.24
2023,Meering West Wind Farm,2019,1269.18,31,741182.08,442.03
2023,Meering West Wind Farm,2020,1097.53,20,726661.75,443.78
2023,Meering West Wind Farm,2021,698.92,17,730541.99,436.64
2023,Meering West Wind Farm,2022,952.94,22,698949.4,435.87
2023,Meering West Wind Farm,2023,266.98,6,721570.56,442.58
2023,Meering West Wind Farm,2024,1801.16,42,727570.39,438.15
2023,Cosgrove Solar Farm,2019,477.7,12,739384.4,498.67
2023,Cosgrove Solar Farm,2020,388.34,7,719136.08,495.47
2023,Cosgrove Solar Farm,2021,1711.41,35,719155.4,486.21
2023,Cosgrove Solar Farm,2022,2025.74,41,677636.09,476.19
2023,Cosgrove Solar Farm,2023,759.17,12,709748.99,494.71
2023,Cosgrove Solar Farm,2024,1693.58,34,737925.16,488.63
2023,V9 Offshore,2019,443.54,10,851225.0,334.56
2023,V9 Offshore,2020,1223.89,34,837004.11,328.16
2023,V9 Offshore,2021,266.94,10,847884.53,336.74
2023,V9 Offshore,2022,718.14,19,818678.86,331.7
2023,V9 Offshore,2023,1248.24,25,847742.66,334.78
2023,V9 Offshore,2024,1689.34,36,833485.77,331.16
2023,Coopers Gap ,2019,478.79,15,635649.09,345.93
2023,Coopers Gap ,2020,240.45,8,614590.69,344.78
2023,Coopers Gap ,2021,1159.47,18,608035.53,342.49
2023,Coopers Gap ,2022,1758.63,28,605909.24,340.3
2023,Coopers Gap ,2023,167.49,6,616438.27,344.83
2023,Coopers Gap ,2024,575.29,16,593440.68,338.61
2023,Dulacca Wind Farm,2019,645.37,23,671254.13,317.55
2023,Dulacca Wind Farm,2020,461.18,21,649044.89,316.38
2023,Dulacca Wind Farm,2021,550.34,16,646414.83,316.39
2023,Dulacca Wind Farm,2022,1698.7,44,633469.95,314.55
2023,Dulacca Wind Farm,2023,174.0,5,651713.24,318.72
2023,Dulacca Wind Farm,2024,824.38,25,619495.54,311.19
2023,Mount Emerald Wind Farm,2019,928.34,32,690502.1,252.3
2023,Mount Emerald Wind Farm,2020,309.85,15,680502.45,253.01
2023,Mount Emerald Wind Farm,2021,1258.36,45,651187.99,246.55
2023,Mount Emerald Wind Farm,2022,188.38,15,653425.6,251.57
2023,Mount Emerald Wind Farm,2023,94.05,9,671089.84,251.46
2023,Mount Emerald Wind Farm,2024,230.45,17,660368.38,253.16
2023,Kaban,2019,797.84,30,677832.96,266.38
2023,Kaban,2020,202.17,12,668506.16,268.87
2023,Kaban,2021,724.39,27,642918.27,261.91
2023,Kaban,2022,457.01,22,645517.34,266.18
2023,Kaban,2023,91.0,8,658016.18,266.06
2023,Kaban,2024,211.61,8,650555.97,268.69
2023,Sample data,2019,239.26,8,599120.49,342.67
2023,Sample data,2020,562.28,15,586750.48,342.17
2023,Sample data,2021,991.72,22,574983.86,339.05
2023,Sample data,2022,2183.39,35,567121.42,334.9
2023,Sample data,2023,242.38,6,586964.01,343.39
2023,Sample data,2024,64.88,2,576680.99,341.39
2023,Kennedy Energy Park Stage 1,2019,163.07,15,682256.43,241.25
2023,Kennedy Energy Park Stage 1,2020,496.45,21,679665.36,240.01
2023,Kennedy Energy Park Stage 1,2021,78.91,11,660231.6,241.26
2023,Kennedy Energy Park Stage 1,2022,1820.52,50,659628.67,237.63
2023,Kennedy Energy Park Stage 1,2023,92.07,11,670210.69,240.95
2023,Kennedy Energy Park Stage 1,2024,342.03,20,657324.27,239.77
2023,Western Downs Green Power Hub,2019,487.72,13,673832.0,339.51
2023,Western Downs Green Power Hub,2020,201.37,9,651504.7,339.8
2023,Western Downs Green Power Hub,2021,754.67,20,647526.26,336.69
2023,Western Downs Green Power Hub,2022,1543.6,36,639053.84,336.41
2023,Western Downs Green Power Hub,2023,142.99,6,656691.06,341.2
2023,Western Downs Green Power Hub,2024,1155.79,25,622948.33,332.85
2023,Daydream Solar Farm,2019,123.54,7,589855.64,311.98
2023,Daydream Solar Farm,2020,427.01,14,586816.32,309.98
2023,Daydream Solar Farm,2021,671.08,18,565209.62,305.62
2023,Daydream Solar Farm,2022,1309.81,32,569733.57,306.82
2023,Daydream Solar Farm,2023,108.14,7,583084.73,309.64
2023,Daydream Solar Farm,2024,429.49,14,575023.46,310.81
2023,Kidston Solar Project KS1,2019,344.22,18,650072.04,259.6
2023,Kidston Solar Project KS1,2020,146.13,11,641806.55,258.67
2023,Kidston Solar Project KS1,2021,636.16,26,624079.46,255.23
2023,Kidston Solar Project KS1,2022,714.98,25,624666.68,256.3
2023,Kidston Solar Project KS1,2023,191.26,10,632401.79,258.64
2023,Kidston Solar Project KS1,2024,255.55,8,625570.42,258.52
2023,Ross River Solar Farm ,2019,711.63,27,588499.06,263.68
2023,Ross River Solar Farm ,2020,406.88,21,583192.15,262.45
2023,Ross River Solar Farm ,2021,1260.53,43,561354.64,258.44
2023,Ross River Solar Farm ,2022,1037.12,29,566234.18,261.69
2023,Ross River Solar Farm ,2023,48.46,8,581343.06,263.64
2023,Ross River Solar Farm ,2024,374.21,12,569504.58,264.16
2023,Childers Solar Farm,2019,177.06,7,665582.14,346.66
2023,Childers Solar Farm,2020,649.51,14,638990.4,341.74
2023,Childers Solar Farm,2021,1334.46,26,632701.89,339.96
2023,Childers Solar Farm,2022,2599.29,44,629363.02,333.84
2023,Childers Solar Farm,2023,124.11,6,649974.14,345.44
2023,Childers Solar Farm,2024,390.56,8,633242.11,341.79
2023,Haughton Solar Farm,2019,76.08,7,623157.44,277.4
2023,Haughton Solar Farm,2020,200.77,13,615712.12,275.88
2023,Haughton Solar Farm,2021,635.84,19,592529.66,272.4
2023,Haughton Solar Farm,2022,663.15,19,596061.65,274.1
2023,Haughton Solar Farm,2023,92.99,8,613792.16,275.6
2023,Haughton Solar Farm,2024,301.36,11,603834.37,276.03
2023,Banana,2019,98.49,3,516376.44,523.48
2023,Banana,2020,370.42,5,500928.15,516.6
2023,Banana,2021,911.47,16,497358.04,514.07
2023,Banana,2022,2301.26,42,486539.05,501.06
2023,Banana,2023,131.48,5,498287.77,516.18
2023,Banana,2024,776.03,18,486766.6,507.61
2023,Broad Sound Solar Farm,2019,485.59,14,549310.92,323.83
2023,Broad Sound Solar Farm,2020,1502.46,35,541978.44,322.26
2023,Broad Sound Solar Farm,2021,1115.39,28,533152.82,319.28
2023,Broad Sound Solar Farm,2022,2696.7,47,525086.35,317.52
2023,Broad Sound Solar Farm,2023,197.21,11,542918.23,324.89
2023,Broad Sound Solar Farm,2024,588.84,18,539000.43,323.84
2023,Barcaldine Solar Farm,2019,503.4,15,640510.07,311.42
2023,Barcaldine Solar Farm,2020,445.04,11,629922.76,312.14
2023,Barcaldine Solar Farm,2021,376.59,9,623940.77,311.82
2023,Barcaldine Solar Farm,2022,1073.6,21,609715.7,308.58
2023,Barcaldine Solar Farm,2023,41.7,6,623666.14,312.02
2023,Barcaldine Solar Farm,2024,213.61,9,613578.94,311.04
2023,Cattle Hill Wind Farm ,2019,38.67,1,805208.19,538.29
2023,Cattle Hill Wind Farm ,2020,1979.38,47,728141.95,510.37
2023,Cattle Hill Wind Farm ,2021,3443.72,66,750265.53,514.94
2023,Cattle Hill Wind Farm ,2022,1474.48,33,691209.66,515.49
2023,Cattle Hill Wind Farm ,2023,762.25,14,756576.34,532.69
2023,Cattle Hill Wind Farm ,2024,1251.11,26,763748.04,510.64
2023,Granville Harbour Wind Farm,2019,1016.74,23,872126.66,332.1
2023,Granville Harbour Wind Farm,2020,1075.7,27,830750.51,325.61
2023,Granville Harbour Wind Farm,2021,2372.83,55,848592.74,322.35
2023,Granville Harbour Wind Farm,2022,1098.79,31,844893.38,326.65
2023,Granville Harbour Wind Farm,2023,1035.68,23,857122.87,331.71
2023,Granville Harbour Wind Farm,2024,962.21,28,856544.47,327.99
2023,Musselroe Wind Farm,2019,132.16,5,696506.37,518.33
2023,Musselroe Wind Farm,2020,2933.19,64,643482.04,490.58
2023,Musselroe Wind Farm,2021,4076.62,77,662794.27,500.06
2023,Musselroe Wind Farm,2022,2450.27,52,623652.34,486.13
2023,Musselroe Wind Farm,2023,579.76,12,665185.45,515.15
2023,Musselroe Wind Farm,2024,500.97,12,661424.67,503.21
2023,Studland Bay Wind Farm ,2019,190.02,4,737680.53,381.44
2023,Studland Bay Wind Farm ,2020,2508.14,49,699926.73,366.4
2023,Studland Bay Wind Farm ,2021,2953.84,63,724819.82,365.99
2023,Studland Bay Wind Farm ,2022,690.53,19,717388.66,371.15
2023,Studland Bay Wind Farm ,2023,686.48,14,731993.11,380.78
2023,Studland Bay Wind Farm ,2024,1513.03,32,730721.48,376.08
2023,Northern Midland Solar Farm,2019,111.53,2,877077.31,451.9
2023,Northern Midland Solar Farm,2020,2183.99,42,798998.71,431.93
2023,Northern Midland Solar Farm,2021,2964.05,55,832344.77,436.06
2023,Northern Midland Solar Farm,2022,1338.48,33,777902.97,434.31
2023,Northern Midland Solar Farm,2023,1097.01,24,842418.59,445.81
2023,Northern Midland Solar Farm,2024,356.61,8,849642.99,441.79
2023,Weasel Solar Farm ,2019,68.51,1,783023.9,467.5
2023,Weasel Solar Farm ,2020,2608.95,64,713777.41,442.02
2023,Weasel Solar Farm ,2021,3971.48,70,735810.39,445.46
2023,Weasel Solar Farm ,2022,1798.97,37,684647.13,446.11
2023,Weasel Solar Farm ,2023,765.63,19,751646.92,459.68
2023,Weasel Solar Farm ,2024,1920.67,37,748935.15,440.49
2023,Bell Bay Solar Farm,2019,165.38,4,854806.92,469.5
2023,Bell Bay Solar Farm,2020,1512.18,33,780448.74,451.97
2023,Bell Bay Solar Farm,2021,2002.51,40,819184.29,453.34
2023,Bell Bay Solar Farm,2022,766.64,18,779603.36,457.6
2023,Bell Bay Solar Farm,2023,895.8,21,828369.63,465.37
2023,Bell Bay Solar Farm,2024,229.7,4,836004.66,462.94
2023,King Island Solar Farm  ,2019,1355.08,23,799864.94,313.39
2023,King Island Solar Farm  ,2020,1985.06,47,774025.38,305.68
2023,King Island Solar Farm  ,2021,1625.01,46,792004.68,308.64
2023,King Island Solar Farm  ,2022,2336.17,54,775746.19,305.48
2023,King Island Solar Farm  ,2023,558.6,13,795857.28,314.86
2023,King Island Solar Farm  ,2024,3439.03,71,785236.59,306.71
2023,Woakwine Wind farm,2019,396.47,11,815860.54,436.03
2023,Woakwine Wind farm,2020,395.99,6,790118.88,430.85
2023,Woakwine Wind farm,2021,787.75,21,813474.99,430.22
2023,Woakwine Wind farm,2022,509.67,11,782107.25,424.96
2023,Woakwine Wind farm,2023,484.74,13,817980.45,429.21
2023,Woakwine Wind farm,2024,24.64,1,811714.52,436.17
2023,Robertstown Solar Project,2019,0.0,0,670846.54,400.18
2023,Robertstown Solar Project,2020,329.14,8,648363.32,394.64
2023,Robertstown Solar Project,2021,8.47,1,655461.57,397.76
2023,Robertstown Solar Project,2022,294.32,6,631558.96,394.41
2023,Robertstown Solar Project,2023,767.55,13,656247.96,395.4
2023,Robertstown Solar Project,2024,866.39,17,646451.59,390.65
2023,Goyder South Hybrid Renewable Power Station,2019,198.36,6,647483.79,345.72
2023,Goyder South Hybrid Renewable Power Station,2020,503.96,11,629894.53,339.39
2023,Goyder South Hybrid Renewable Power Station,2021,106.02,3,630797.02,341.48
2023,Goyder South Hybrid Renewable Power Station,2022,455.46,9,611708.14,338.64
2023,Goyder South Hybrid Renewable Power Station,2023,964.6,16,631036.3,340.04
2023,Goyder South Hybrid Renewable Power Station,2024,1256.73,24,622991.12,336.72
2023,Cleve Wind Farm,2019,162.69,6,742357.98,287.92
2023,Cleve Wind Farm,2020,701.13,19,725704.31,285.47
2023,Cleve Wind Farm,2021,585.58,23,733434.61,287.77
2023,Cleve Wind Farm,2022,166.13,8,719267.09,287.37
2023,Cleve Wind Farm,2023,773.18,21,739384.28,286.24
2023,Cleve Wind Farm,2024,687.72,25,729882.32,286.9
2023,Yoorndoo Ilga Solar,2019,12.85,1,748676.34,300.99
2023,Yoorndoo Ilga Solar,2020,301.71,7,729681.2,296.56
2023,Yoorndoo Ilga Solar,2021,13.69,3,730506.35,298.5
2023,Yoorndoo Ilga Solar,2022,476.4,12,712935.58,296.63
2023,Yoorndoo Ilga Solar,2023,748.69,18,735908.35,298.04
2023,Yoorndoo Ilga Solar,2024,658.3,19,723899.97,297.17
2023,Roxby Downs Solar Farm,2019,346.64,10,704957.76,327.34
2023,Roxby Downs Solar Farm,2020,18.36,1,682894.02,327.48
2023,Roxby Downs Solar Farm,2021,88.31,2,688682.34,326.77
2023,Roxby Downs Solar Farm,2022,676.35,17,678633.74,324.64
2023,Roxby Downs Solar Farm,2023,901.14,17,685817.25,323.6
2023,Roxby Downs Solar Farm,2024,1296.21,28,676003.71,322.77
2023,S2 Solar,2019,73.67,2,625345.81,442.88
2023,S2 Solar,2020,217.81,6,601489.59,433.45
2023,S2 Solar,2021,189.91,4,612176.48,432.76
2023,S2 Solar,2022,380.49,7,588851.31,434.22
2023,S2 Solar,2023,1181.93,20,609472.79,435.25
2023,S2 Solar,2024,1295.81,31,604681.42,429.69
2023,Streaky Bay Wind Farm,2019,263.44,6,739832.2,333.64
2023,Streaky Bay Wind Farm,2020,503.67,14,741044.81,331.66
2023,Streaky Bay Wind Farm,2021,476.29,13,748884.53,334.31
2023,Streaky Bay Wind Farm,2022,424.75,9,738615.06,333.52
2023,Streaky Bay Wind Farm,2023,800.08,19,749847.65,331.85
2023,Streaky Bay Wind Farm,2024,585.36,13,751127.53,336.61
2023,Yorke Peninsula Wind Farm,2019,189.79,5,806015.88,341.4
2023,Yorke Peninsula Wind Farm,2020,527.3,10,802017.16,338.52
2023,Yorke Peninsula Wind Farm,2021,298.94,8,806443.23,340.19
2023,Yorke Peninsula Wind Farm,2022,493.48,14,786124.05,338.5
2023,Yorke Peninsula Wind Farm,2023,353.27,8,817038.08,336.43
2023,Yorke Peninsula Wind Farm,2024,469.36,10,807047.1,340.94
2023,Bodangora Wind Farm ,2019,270.51,6,768538.22,485.31
2023,Bodangora Wind Farm ,2020,575.81,13,757685.48,483.46
2023,Bodangora Wind Farm ,2021,66.98,1,751370.17,485.21
2023,Bodangora Wind Farm ,2022,1741.96,27,750250.04,480.14
2023,Bodangora Wind Farm ,2023,432.54,8,737212.06,484.6
2023,Bodangora Wind Farm ,2024,1534.43,26,722461.16,477.54
2023,Sapphire Wind Farm,2019,128.66,10,644492.72,337.28
2023,Sapphire Wind Farm,2020,1212.76,38,611693.19,327.26
2023,Sapphire Wind Farm,2021,1849.55,37,611895.66,325.75
2023,Sapphire Wind Farm,2022,1944.29,43,615317.42,326.62
2023,Sapphire Wind Farm,2023,53.28,6,631034.74,334.86
2023,Sapphire Wind Farm,2024,195.83,15,599308.07,323.0
2023,Metz Solar Farm ,2019,209.63,7,714935.89,344.42
2023,Metz Solar Farm ,2020,600.37,14,678650.23,341.29
2023,Metz Solar Farm ,2021,1102.7,25,687684.54,341.16
2023,Metz Solar Farm ,2022,1379.73,29,681531.49,339.45
2023,Metz Solar Farm ,2023,333.77,10,703324.25,343.73
2023,Metz Solar Farm ,2024,682.55,23,666141.34,335.98
2023,Bullawah Wind Farm,2019,875.46,17,682642.2,480.43
2023,Bullawah Wind Farm,2020,1003.46,17,661322.25,478.42
2023,Bullawah Wind Farm,2021,104.51,3,669914.61,474.61
2023,Bullawah Wind Farm,2022,613.3,16,638833.55,471.54
2023,Bullawah Wind Farm,2023,778.12,13,664277.5,481.24
2023,Bullawah Wind Farm,2024,1249.85,26,670085.32,474.35
2023,Sunraysia Solar Farm,2019,606.74,14,723084.5,432.64
2023,Sunraysia Solar Farm,2020,467.9,10,704714.74,436.72
2023,Sunraysia Solar Farm,2021,416.36,8,711924.33,434.25
2023,Sunraysia Solar Farm,2022,453.76,14,680916.05,429.77
2023,Sunraysia Solar Farm,2023,557.56,11,708833.05,435.22
2023,Sunraysia Solar Farm,2024,1742.83,41,707803.33,429.77
2023,Muswellbrook Solar Farm ,2019,1906.7,33,611758.78,440.5
2023,Muswellbrook Solar Farm ,2020,1952.68,40,574944.23,429.1
2023,Muswellbrook Solar Farm ,2021,1516.69,31,582902.89,430.36
2023,Muswellbrook Solar Farm ,2022,5003.95,91,555450.0,414.18
2023,Muswellbrook Solar Farm ,2023,408.48,7,613607.89,448.12
2023,Muswellbrook Solar Farm ,2024,2919.54,64,571888.89,422.28
2023,Wollongong Offshore Wind Project (proposed),2019,161.61,3,844365.59,466.3
2023,Wollongong Offshore Wind Project (proposed),2020,616.12,12,791560.82,458.53
2023,Wollongong Offshore Wind Project (proposed),2021,920.87,16,812622.77,460.4
2023,Wollongong Offshore Wind Project (proposed),2022,729.57,17,784098.83,454.98
2023,Wollongong Offshore Wind Project (proposed),2023,283.2,7,848949.7,469.01
2023,Wollongong Offshore Wind Project (proposed),2024,2097.25,32,801878.79,455.38
2023,Broken Hill Solar Farm,2019,153.96,2,616028.31,485.24
2023,Broken Hill Solar Farm,2020,42.27,1,604352.2,485.16
2023,Broken Hill Solar Farm,2021,209.62,8,602650.4,476.36
2023,Broken Hill Solar Farm,2022,88.77,2,581825.58,478.88
2023,Broken Hill Solar Farm,2023,1190.85,21,598871.37,482.06
2023,Broken Hill Solar Farm,2024,396.74,11,593565.59,476.93
2023,Wagga Wagga North Solar Farm,2019,526.16,12,854545.4,496.89
2023,Wagga Wagga North Solar Farm,2020,872.58,18,814128.03,489.03
2023,Wagga Wagga North Solar Farm,2021,992.64,20,814864.8,489.55
2023,Wagga Wagga North Solar Farm,2022,598.13,13,794382.02,484.63
2023,Wagga Wagga North Solar Farm,2023,793.21,14,817120.79,489.96
2023,Wagga Wagga North Solar Farm,2024,645.15,14,828452.19,489.75
2023,Cooma Solar Farm,2019,31.25,1,682893.26,560.84
2023,Cooma Solar Farm,2020,1537.47,30,647024.28,548.26
2023,Cooma Solar Farm,2021,731.87,13,648753.96,549.64
2023,Cooma Solar Farm,2022,684.26,13,621366.45,546.04
2023,Cooma Solar Farm,2023,192.5,5,648742.82,553.94
2023,Cooma Solar Farm,2024,2031.46,40,636783.21,540.54
2023,N13,2019,258.86,10,747973.87,332.73
2023,N13,2020,579.3,16,713455.7,328.54
2023,N13,2021,633.39,14,714268.45,328.86
2023,N13,2022,380.19,9,691556.53,329.55
2023,N13,2023,844.35,13,729358.05,331.43
2023,N13,2024,1759.62,37,701638.25,322.62
2023,Moree Solar Farm,2019,815.77,22,629387.0,331.92
2023,Moree Solar Farm,2020,1397.71,36,594500.54,323.96
2023,Moree Solar Farm,2021,1646.51,38,595735.69,324.49
2023,Moree Solar Farm,2022,2803.93,58,586605.59,320.78
2023,Moree Solar Farm,2023,304.29,9,612464.05,332.25
2023,Moree Solar Farm,2024,900.7,22,574689.06,319.91
2023,Snowy Wind,2019,539.62,9,755649.36,452.02
2023,Snowy Wind,2020,1477.23,30,721723.64,444.0
2023,Snowy Wind,2021,1475.47,23,713399.01,442.6
2023,Snowy Wind,2022,1837.94,33,702813.52,438.79
2023,Snowy Wind,2023,1570.82,22,701627.89,441.54
2023,Snowy Wind,2024,1490.15,30,722685.42,444.65
2023,N10 Offshore,2019,646.15,20,756414.1,333.96
2023,N10 Offshore,2020,545.1,21,732312.43,334.61
2023,N10 Offshore,2021,1186.48,26,736988.85,333.73
2023,N10 Offshore,2022,954.56,27,729668.64,332.62
2023,N10 Offshore,2023,87.99,8,752911.87,339.0
2023,N10 Offshore,2024,681.91,16,716129.9,332.98
2024,Gippsland offshore wind,2019,0.0,0,797701.25,524.12
2024,Gippsland offshore wind,2020,274.9,11,753386.13,513.11
2024,Gippsland offshore wind,2021,183.51,3,786987.83,517.63
2024,Gippsland offshore wind,2022,1048.83,21,755779.64,511.03
2024,Gippsland offshore wind,2023,821.57,14,774165.33,522.64
2024,Gippsland offshore wind,2024,366.41,11,776175.69,512.24
2024,Hawkesdale wind farm,2019,239.81,6,856593.29,353.94
2024,Hawkesdale wind farm,2020,1417.81,35,824958.95,349.16
2024,Hawkesdale wind farm,2021,493.37,9,852055.97,354.58
2024,Hawkesdale wind farm,2022,804.3,17,818227.36,351.33
2024,Hawkesdale wind farm,2023,997.08,19,854995.02,352.92
2024,Hawkesdale wind farm,2024,410.49,12,857502.8,352.72
2024,Mortlake Energy Hub,2019,307.9,12,841664.62,357.03
2024,Mortlake Energy Hub,2020,1412.75,32,805181.61,352.12
2024,Mortlake Energy Hub,2021,431.55,11,833981.96,355.95
2024,Mortlake Energy Hub,2022,644.86,10,801450.25,352.9
2024,Mortlake Energy Hub,2023,672.94,10,837148.76,355.96
2024,Mortlake Energy Hub,2024,439.25,13,848458.12,356.22
2024,Golden Plains Wind Farm,2019,1014.42,25,621841.22,462.85
2024,Golden Plains Wind Farm,2020,2024.92,47,595454.46,450.83
2024,Golden Plains Wind Farm,2021,878.83,24,609839.97,450.49
2024,Golden Plains Wind Farm,2022,732.59,15,584152.46,445.32
2024,Golden Plains Wind Farm,2023,579.21,11,616078.87,456.07
2024,Golden Plains Wind Farm,2024,863.28,20,622434.24,455.63
2024,Elaine Solar Farm,2019,1014.76,25,607800.76,504.45
2024,Elaine Solar Farm,2020,1565.66,38,581381.24,492.95
2024,Elaine Solar Farm,2021,1119.09,27,594586.77,488.6
2024,Elaine Solar Farm,2022,1043.14,24,567436.95,482.3
2024,Elaine Solar Farm,2023,520.79,9,600540.3,502.42
2024,Elaine Solar Farm,2024,818.13,19,609730.32,499.25
2024,Warracknabeal Energy Park (proposed),2019,394.65,7,718664.42,600.27
2024,Warracknabeal Energy Park (proposed),2020,256.9,7,693705.59,596.61
2024,Warracknabeal Energy Park (proposed),2021,113.38,4,705721.46,596.3
2024,Warracknabeal Energy Park (proposed),2022,10.21,1,681916.15,596.82
2024,Warracknabeal Energy Park (proposed),2023,421.39,5,698797.19,599.0
2024,Warracknabeal Energy Park (proposed),2024,364.43,9,704202.77,594.72
2024,Murra Warra Solar Farm (proposed),2019,352.34,8,748711.13,583.34
2024,Murra Warra Solar Farm (proposed),2020,126.19,3,724256.83,579.87
2024,Murra Warra Solar Farm (proposed),2021,204.82,7,736216.37,579.88
2024,Murra Warra Solar Farm (proposed),2022,33.71,1,712209.78,580.73
2024,Murra Warra Solar Farm (proposed),2023,356.22,4,728557.4,582.27
2024,Murra Warra Solar Farm (proposed),2024,333.85,7,734967.84,578.86
2024,Gannawarra Solar Farm,2019,224.79,5,735363.75,667.98
2024,Gannawarra Solar Farm,2020,555.18,13,712554.1,668.94
2024,Gannawarra Solar Farm,2021,0.0,0,721564.84,664.34
2024,Gannawarra Solar Farm,2022,253.61,11,683168.69,656.83
2024,Gannawarra Solar Farm,2023,393.56,8,721170.9,665.08
2024,Gannawarra Solar Farm,2024,282.66,7,730800.73,660.73
2024,Meering West Wind Farm,2019,283.59,10,770508.65,556.16
2024,Meering West Wind Farm,2020,780.42,18,745727.86,557.23
2024,Meering West Wind Farm,2021,0.0,0,755810.88,553.62
2024,Meering West Wind Farm,2022,387.53,16,716332.69,546.27
2024,Meering West Wind Farm,2023,518.86,10,754900.64,554.02
2024,Meering West Wind Farm,2024,341.5,9,766020.69,550.29
2024,Cosgrove Solar Farm,2019,0.0,0,789402.45,643.16
2024,Cosgrove Solar Farm,2020,28.64,1,761139.08,635.78
2024,Cosgrove Solar Farm,2021,1828.08,40,766592.88,620.89
2024,Cosgrove Solar Farm,2022,2404.87,52,725438.49,604.52
2024,Cosgrove Solar Farm,2023,842.14,15,768864.91,627.96
2024,Cosgrove Solar Farm,2024,222.39,8,797564.37,628.68
2024,V9 Offshore,2019,566.85,14,811060.08,417.92
2024,V9 Offshore,2020,895.9,25,796461.72,412.58
2024,V9 Offshore,2021,560.3,10,807184.95,422.41
2024,V9 Offshore,2022,1636.3,36,777878.88,411.32
2024,V9 Offshore,2023,1350.25,27,809793.68,418.32
2024,V9 Offshore,2024,867.51,18,809579.55,417.26
2024,Coopers Gap ,2019,379.0,13,697245.04,342.27
2024,Coopers Gap ,2020,14.13,4,675403.78,342.88
2024,Coopers Gap ,2021,903.87,17,668449.35,340.69
2024,Coopers Gap ,2022,1511.59,25,670066.03,339.61
2024,Coopers Gap ,2023,118.84,5,673281.76,342.68
2024,Coopers Gap ,2024,176.37,8,650460.95,337.28
2024,Dulacca Wind Farm,2019,446.88,11,727977.12,342.04
2024,Dulacca Wind Farm,2020,242.27,8,703971.56,341.27
2024,Dulacca Wind Farm,2021,302.25,5,701141.47,341.41
2024,Dulacca Wind Farm,2022,1282.08,32,687162.55,338.79
2024,Dulacca Wind Farm,2023,50.49,2,706587.9,343.22
2024,Dulacca Wind Farm,2024,292.63,9,671703.46,336.89
2024,Mount Emerald Wind Farm,2019,598.46,17,689723.74,279.14
2024,Mount Emerald Wind Farm,2020,236.82,8,677702.23,278.05
2024,Mount Emerald Wind Farm,2021,1153.27,34,645945.07,271.75
2024,Mount Emerald Wind Farm,2022,107.09,7,646526.2,278.35
2024,Mount Emerald Wind Farm,2023,56.67,4,670489.19,278.73
2024,Mount Emerald Wind Farm,2024,112.42,6,658859.44,279.47
2024,Kaban,2019,629.3,18,587227.23,288.43
2024,Kaban,2020,802.8,25,574487.39,284.08
2024,Kaban,2021,2507.85,68,547359.87,276.83
2024,Kaban,2022,844.46,24,546343.23,283.94
2024,Kaban,2023,860.17,26,570009.96,284.63
2024,Kaban,2024,276.33,9,562140.59,287.1
2024,Sample data,2019,275.02,7,574795.34,349.54
2024,Sample data,2020,589.18,13,562528.63,348.99
2024,Sample data,2021,1125.51,23,551214.77,345.35
2024,Sample data,2022,2280.28,36,543902.89,341.07
2024,Sample data,2023,327.03,6,562546.6,350.35
2024,Sample data,2024,85.51,3,553147.59,347.23
2024,Kennedy Energy Park Stage 1,2019,35.01,7,715745.81,248.91
2024,Kennedy Energy Park Stage 1,2020,356.27,12,712468.44,247.61
2024,Kennedy Energy Park Stage 1,2021,53.71,8,691762.64,248.8
2024,Kennedy Energy Park Stage 1,2022,1500.94,41,691157.5,245.41
2024,Kennedy Energy Park Stage 1,2023,55.12,9,702627.52,248.76
2024,Kennedy Energy Park Stage 1,2024,147.76,10,689290.53,247.43
2024,Western Downs Green Power Hub,2019,150.45,4,812246.88,371.28
2024,Western Downs Green Power Hub,2020,0.0,0,783636.94,372.18
2024,Western Downs Green Power Hub,2021,363.08,6,778732.46,369.84
2024,Western Downs Green Power Hub,2022,1002.72,20,766918.37,368.21
2024,Western Downs Green Power Hub,2023,0.0,0,793415.9,373.62
2024,Western Downs Green Power Hub,2024,86.73,3,751551.63,366.96
2024,Daydream Solar Farm,2019,90.11,9,645513.66,288.31
2024,Daydream Solar Farm,2020,303.96,13,643281.88,286.85
2024,Daydream Solar Farm,2021,447.08,16,620242.64,283.32
2024,Daydream Solar Farm,2022,991.13,26,625841.83,283.92
2024,Daydream Solar Farm,2023,90.2,8,638950.42,287.41
2024,Daydream Solar Farm,2024,173.03,10,630146.67,287.86
2024,Kidston Solar Project KS1,2019,62.33,2,627792.9,288.63
2024,Kidston Solar Project KS1,2020,87.14,7,616387.88,284.61
2024,Kidston Solar Project KS1,2021,597.45,15,596577.11,280.71
2024,Kidston Solar Project KS1,2022,562.47,16,595369.56,283.35
2024,Kidston Solar Project KS1,2023,424.85,15,608467.69,284.79
2024,Kidston Solar Project KS1,2024,86.16,3,601774.45,285.01
2024,Ross River Solar Farm ,2019,1684.91,46,619050.52,258.88
2024,Ross River Solar Farm ,2020,543.99,25,617472.72,261.27
2024,Ross River Solar Farm ,2021,1328.88,47,595753.03,256.77
2024,Ross River Solar Farm ,2022,1217.72,41,602874.2,259.27
2024,Ross River Solar Farm ,2023,154.5,7,614054.62,262.7
2024,Ross River Solar Farm ,2024,146.51,8,600812.71,262.75
2024,Childers Solar Farm,2019,174.72,7,649780.85,342.6
2024,Childers Solar Farm,2020,937.58,24,625095.24,336.98
2024,Childers Solar Farm,2021,1745.42,37,620555.74,333.11
2024,Childers Solar Farm,2022,4079.94,78,611907.18,326.45
2024,Childers Solar Farm,2023,330.81,12,637077.52,340.63
2024,Childers Solar Farm,2024,394.98,9,618399.44,336.09
2024,Haughton Solar Farm,2019,2229.85,72,601229.95,268.31
2024,Haughton Solar Farm,2020,810.21,27,600877.82,272.26
2024,Haughton Solar Farm,2021,1344.08,50,581484.95,268.16
2024,Haughton Solar Farm,2022,1997.33,56,588157.36,269.26
2024,Haughton Solar Farm,2023,701.34,20,597017.52,273.43
2024,Haughton Solar Farm,2024,206.45,11,586735.86,273.1
2024,Banana,2019,98.77,4,670272.46,342.12
2024,Banana,2020,438.76,12,654794.78,339.42
2024,Banana,2021,507.56,9,648302.54,337.99
2024,Banana,2022,1989.45,44,631369.23,331.3
2024,Banana,2023,229.91,6,655053.5,340.09
2024,Banana,2024,126.11,4,635289.22,336.28
2024,Broad Sound Solar Farm,2019,171.65,4,637530.22,330.54
2024,Broad Sound Solar Farm,2020,956.04,23,629342.01,328.01
2024,Broad Sound Solar Farm,2021,506.94,18,619179.08,327.66
2024,Broad Sound Solar Farm,2022,2067.62,39,609884.41,324.59
2024,Broad Sound Solar Farm,2023,14.86,4,630448.51,331.45
2024,Broad Sound Solar Farm,2024,58.42,4,625759.61,330.25
2024,Barcaldine Solar Farm,2019,759.4,22,602857.02,290.26
2024,Barcaldine Solar Farm,2020,751.0,18,594751.79,290.92
2024,Barcaldine Solar Farm,2021,620.74,18,590200.4,291.08
2024,Barcaldine Solar Farm,2022,1919.51,47,575802.77,284.94
2024,Barcaldine Solar Farm,2023,493.62,13,591738.08,290.82
2024,Barcaldine Solar Farm,2024,375.98,18,578860.52,290.4
2024,Cattle Hill Wind Farm ,2019,0.0,0,855808.01,535.56
2024,Cattle Hill Wind Farm ,2020,799.9,19,781394.89,512.64
2024,Cattle Hill Wind Farm ,2021,2759.8,49,803693.98,514.57
2024,Cattle Hill Wind Farm ,2022,1110.56,24,752777.91,518.11
2024,Cattle Hill Wind Farm ,2023,642.32,18,817078.21,527.59
2024,Cattle Hill Wind Farm ,2024,398.63,8,821800.02,517.48
2024,Granville Harbour Wind Farm,2019,1682.96,35,691321.83,490.94
2024,Granville Harbour Wind Farm,2020,2061.12,41,668892.46,472.98
2024,Granville Harbour Wind Farm,2021,3157.16,79,684297.01,477.06
2024,Granville Harbour Wind Farm,2022,1058.58,25,700736.82,485.56
2024,Granville Harbour Wind Farm,2023,1700.23,36,699560.79,485.66
2024,Granville Harbour Wind Farm,2024,494.95,8,700338.21,491.85
2024,Musselroe Wind Farm,2019,65.76,2,778569.48,475.52
2024,Musselroe Wind Farm,2020,1989.11,43,717957.59,455.27
2024,Musselroe Wind Farm,2021,2939.46,56,741272.98,459.58
2024,Musselroe Wind Farm,2022,1453.16,22,697052.25,455.38
2024,Musselroe Wind Farm,2023,537.09,11,746301.47,472.67
2024,Musselroe Wind Farm,2024,37.44,4,742542.33,467.15
2024,Studland Bay Wind Farm ,2019,63.32,3,774926.27,452.25
2024,Studland Bay Wind Farm ,2020,1896.8,39,738966.07,439.46
2024,Studland Bay Wind Farm ,2021,2754.94,64,768632.21,432.24
2024,Studland Bay Wind Farm ,2022,680.11,12,771420.53,444.21
2024,Studland Bay Wind Farm ,2023,362.9,8,782884.21,450.67
2024,Studland Bay Wind Farm ,2024,323.39,9,786385.73,447.71
2024,Northern Midland Solar Farm,2019,77.11,1,845812.54,511.78
2024,Northern Midland Solar Farm,2020,2114.41,41,769351.68,489.01
2024,Northern Midland Solar Farm,2021,2746.62,48,802334.83,494.67
2024,Northern Midland Solar Farm,2022,1350.38,33,745878.3,491.53
2024,Northern Midland Solar Farm,2023,1051.59,25,808771.62,505.4
2024,Northern Midland Solar Farm,2024,238.58,4,817043.75,499.19
2024,Weasel Solar Farm ,2019,0.0,0,910609.35,494.87
2024,Weasel Solar Farm ,2020,1106.04,24,833999.04,477.67
2024,Weasel Solar Farm ,2021,2827.42,54,859267.33,477.04
2024,Weasel Solar Farm ,2022,1263.61,24,806028.69,480.62
2024,Weasel Solar Farm ,2023,453.1,11,881185.28,488.44
2024,Weasel Solar Farm ,2024,625.45,13,875939.69,478.6
2024,Bell Bay Solar Farm,2019,231.38,5,784601.7,464.84
2024,Bell Bay Solar Farm,2020,2082.15,37,716171.94,445.32
2024,Bell Bay Solar Farm,2021,2683.88,48,751786.57,446.76
2024,Bell Bay Solar Farm,2022,996.49,23,715257.45,449.84
2024,Bell Bay Solar Farm,2023,1190.32,26,760073.56,461.23
2024,Bell Bay Solar Farm,2024,386.01,7,767049.16,456.73
2024,King Island Solar Farm  ,2019,0.0,0,775504.09,783.58
2024,King Island Solar Farm  ,2020,0.0,0,749625.95,773.65
2024,King Island Solar Farm  ,2021,81.24,6,767986.41,772.45
2024,King Island Solar Farm  ,2022,306.76,7,752720.48,768.81
2024,King Island Solar Farm  ,2023,83.16,2,772063.24,787.27
2024,King Island Solar Farm  ,2024,349.38,10,764180.77,769.23
2024,Woakwine Wind farm,2019,468.0,12,779653.67,445.99
2024,Woakwine Wind farm,2020,495.57,10,754851.64,439.32
2024,Woakwine Wind farm,2021,945.47,26,777261.19,439.22
2024,Woakwine Wind farm,2022,768.8,20,747076.96,433.12
2024,Woakwine Wind farm,2023,718.43,18,781496.9,437.89
2024,Woakwine Wind farm,2024,40.03,2,776220.65,445.71
2024,Robertstown Solar Project,2019,0.0,0,699832.98,492.52
2024,Robertstown Solar Project,2020,360.17,9,672591.23,486.58
2024,Robertstown Solar Project,2021,0.0,0,682944.61,489.97
2024,Robertstown Solar Project,2022,107.09,3,654599.66,485.96
2024,Robertstown Solar Project,2023,550.3,11,684790.26,486.27
2024,Robertstown Solar Project,2024,237.89,5,676736.55,482.43
2024,Goyder South Hybrid Renewable Power Station,2019,0.0,0,632733.79,485.41
2024,Goyder South Hybrid Renewable Power Station,2020,663.56,13,607114.4,477.66
2024,Goyder South Hybrid Renewable Power Station,2021,0.0,0,614258.42,482.43
2024,Goyder South Hybrid Renewable Power Station,2022,212.12,4,589043.1,476.1
2024,Goyder South Hybrid Renewable Power Station,2023,1251.31,25,617825.51,477.17
2024,Goyder South Hybrid Renewable Power Station,2024,259.73,7,613686.31,473.92
2024,Cleve Wind Farm,2019,245.25,6,617773.04,470.63
2024,Cleve Wind Farm,2020,718.33,15,605391.16,468.29
2024,Cleve Wind Farm,2021,692.93,20,611234.64,472.06
2024,Cleve Wind Farm,2022,0.32,1,599639.51,469.69
2024,Cleve Wind Farm,2023,954.38,18,615563.21,467.66
2024,Cleve Wind Farm,2024,196.94,7,607130.94,469.92
2024,Yoorndoo Ilga Solar,2019,42.04,1,531545.09,599.74
2024,Yoorndoo Ilga Solar,2020,612.06,14,516070.07,590.04
2024,Yoorndoo Ilga Solar,2021,209.86,5,517259.57,589.55
2024,Yoorndoo Ilga Solar,2022,30.66,1,504523.54,581.7
2024,Yoorndoo Ilga Solar,2023,1616.3,27,522973.56,588.15
2024,Yoorndoo Ilga Solar,2024,67.25,2,514752.49,583.63
2024,Roxby Downs Solar Farm,2019,0.0,0,780332.49,437.03
2024,Roxby Downs Solar Farm,2020,0.0,0,756153.47,437.94
2024,Roxby Downs Solar Farm,2021,0.0,0,762758.0,437.13
2024,Roxby Downs Solar Farm,2022,167.69,5,751827.25,434.82
2024,Roxby Downs Solar Farm,2023,464.83,9,757634.76,433.28
2024,Roxby Downs Solar Farm,2024,464.36,11,748294.0,432.88
2024,S2 Solar,2019,0.0,0,747930.06,445.43
2024,S2 Solar,2020,48.51,2,716601.71,440.08
2024,S2 Solar,2021,0.05,1,730819.13,441.01
2024,S2 Solar,2022,147.32,3,701029.36,440.03
2024,S2 Solar,2023,889.87,17,729096.37,439.7
2024,S2 Solar,2024,228.79,7,724206.88,436.41
2024,Streaky Bay Wind Farm,2019,955.05,26,608206.26,347.36
2024,Streaky Bay Wind Farm,2020,1377.85,34,611477.47,345.5
2024,Streaky Bay Wind Farm,2021,1058.67,30,617435.6,348.43
2024,Streaky Bay Wind Farm,2022,1062.33,30,608366.91,347.67
2024,Streaky Bay Wind Farm,2023,1649.45,40,616570.28,345.19
2024,Streaky Bay Wind Farm,2024,800.68,19,616704.69,353.26
2024,Yorke Peninsula Wind Farm,2019,116.88,5,689920.61,423.7
2024,Yorke Peninsula Wind Farm,2020,764.52,22,673122.14,418.36
2024,Yorke Peninsula Wind Farm,2021,705.33,23,683918.54,425.19
2024,Yorke Peninsula Wind Farm,2022,894.18,27,655474.81,419.11
2024,Yorke Peninsula Wind Farm,2023,735.23,14,692221.78,419.62
2024,Yorke Peninsula Wind Farm,2024,227.32,7,698147.44,429.56
2024,Bodangora Wind Farm ,2019,29.73,5,942796.33,354.51
2024,Bodangora Wind Farm ,2020,114.56,4,883279.56,351.44
2024,Bodangora Wind Farm ,2021,715.88,12,901534.1,351.11
2024,Bodangora Wind Farm ,2022,904.7,22,862218.74,349.53
2024,Bodangora Wind Farm ,2023,838.28,17,929555.48,351.25
2024,Bodangora Wind Farm ,2024,666.47,14,890085.65,348.28
2024,Sapphire Wind Farm,2019,83.36,3,649754.96,358.66
2024,Sapphire Wind Farm,2020,932.05,21,617879.41,349.02
2024,Sapphire Wind Farm,2021,1595.42,29,618311.64,347.72
2024,Sapphire Wind Farm,2022,1723.81,35,623879.25,348.2
2024,Sapphire Wind Farm,2023,40.73,1,633791.53,356.39
2024,Sapphire Wind Farm,2024,17.4,6,604284.38,344.73
2024,Metz Solar Farm ,2019,151.53,3,748319.22,377.23
2024,Metz Solar Farm ,2020,272.14,7,712646.51,375.26
2024,Metz Solar Farm ,2021,898.26,15,723846.33,374.57
2024,Metz Solar Farm ,2022,1108.87,18,719711.58,373.71
2024,Metz Solar Farm ,2023,186.15,4,730750.91,376.47
2024,Metz Solar Farm ,2024,249.71,7,696780.46,370.04
2024,Bullawah Wind Farm,2019,319.72,6,877839.87,423.46
2024,Bullawah Wind Farm,2020,610.18,13,845955.46,423.59
2024,Bullawah Wind Farm,2021,2.26,1,858279.0,425.34
2024,Bullawah Wind Farm,2022,98.54,2,810340.7,421.69
2024,Bullawah Wind Farm,2023,518.28,9,863561.79,423.57
2024,Bullawah Wind Farm,2024,160.39,4,868381.56,418.48
2024,Sunraysia Solar Farm,2019,144.58,6,863138.86,507.42
2024,Sunraysia Solar Farm,2020,18.8,1,834899.53,508.05
2024,Sunraysia Solar Farm,2021,219.13,5,845872.0,507.83
2024,Sunraysia Solar Farm,2022,0.0,0,802877.69,504.23
2024,Sunraysia Solar Farm,2023,556.67,10,854499.57,506.6
2024,Sunraysia Solar Farm,2024,338.7,9,854755.6,501.74
2024,Muswellbrook Solar Farm ,2019,581.74,11,797066.77,514.68
2024,Muswellbrook Solar Farm ,2020,130.76,5,755489.8,512.77
2024,Muswellbrook Solar Farm ,2021,118.8,2,763780.19,515.37
2024,Muswellbrook Solar Farm ,2022,1379.41,29,733503.18,502.32
2024,Muswellbrook Solar Farm ,2023,15.93,1,794070.77,518.37
2024,Muswellbrook Solar Farm ,2024,262.52,6,745805.55,506.03
2024,Wollongong Offshore Wind Project (proposed),2019,83.24,2,825727.57,495.49
2024,Wollongong Offshore Wind Project (proposed),2020,525.45,10,813358.0,487.61
2024,Wollongong Offshore Wind Project (proposed),2021,134.69,5,831311.71,492.06
2024,Wollongong Offshore Wind Project (proposed),2022,578.98,13,841699.43,487.34
2024,Wollongong Offshore Wind Project (proposed),2023,749.98,17,823569.04,491.66
2024,Wollongong Offshore Wind Project (proposed),2024,315.89,7,815988.1,489.06
2024,Broken Hill Solar Farm,2019,231.93,4,667877.2,404.88
2024,Broken Hill Solar Farm,2020,143.18,3,653062.04,404.37
2024,Broken Hill Solar Farm,2021,165.95,6,651309.99,400.2
2024,Broken Hill Solar Farm,2022,91.42,3,628308.48,399.94
2024,Broken Hill Solar Farm,2023,1319.07,23,651393.32,402.19
2024,Broken Hill Solar Farm,2024,335.16,11,642761.28,398.87
2024,Wagga Wagga North Solar Farm,2019,666.26,14,815152.41,516.88
2024,Wagga Wagga North Solar Farm,2020,1224.69,28,768923.6,503.35
2024,Wagga Wagga North Solar Farm,2021,1468.68,31,774514.84,504.22
2024,Wagga Wagga North Solar Farm,2022,792.9,16,746275.33,497.93
2024,Wagga Wagga North Solar Farm,2023,1290.81,28,782461.31,504.7
2024,Wagga Wagga North Solar Farm,2024,594.45,15,796472.77,506.77
2024,Cooma Solar Farm,2019,0.0,0,898767.16,571.85
2024,Cooma Solar Farm,2020,916.46,18,836159.46,558.33
2024,Cooma Solar Farm,2021,692.06,11,847087.99,563.53
2024,Cooma Solar Farm,2022,409.88,8,810971.12,560.07
2024,Cooma Solar Farm,2023,60.74,1,855257.29,567.85
2024,Cooma Solar Farm,2024,106.03,5,847658.96,557.88
2024,N13,2019,130.54,4,959381.69,354.55
2024,N13,2020,26.34,3,913981.52,351.69
2024,N13,2021,13.75,2,917347.62,353.18
2024,N13,2022,88.06,2,881950.13,352.66
2024,N13,2023,556.48,10,940607.88,353.67
2024,N13,2024,323.64,9,903694.52,347.93
2024,Moree Solar Farm,2019,484.42,8,709887.52,344.36
2024,Moree Solar Farm,2020,1053.39,28,665726.77,337.9
2024,Moree Solar Farm,2021,925.57,20,668861.07,337.29
2024,Moree Solar Farm,2022,1974.6,46,656674.97,334.25
2024,Moree Solar Farm,2023,253.63,7,699001.08,346.0
2024,Moree Solar Farm,2024,139.66,6,651455.95,336.75
2024,Snowy Wind,2019,205.73,4,872997.97,448.32
2024,Snowy Wind,2020,1125.43,28,814721.39,437.55
2024,Snowy Wind,2021,1862.23,36,819720.08,432.56
2024,Snowy Wind,2022,1500.66,32,788647.39,431.27
2024,Snowy Wind,2023,2248.62,36,820716.84,431.85
2024,Snowy Wind,2024,661.63,14,849582.54,440.93
2024,N10 Offshore,2019,591.21,10,617067.04,541.82
2024,N10 Offshore,2020,79.07,1,595195.42,540.45
2024,N10 Offshore,2021,886.09,13,598718.22,537.25
2024,N10 Offshore,2022,1236.89,26,592265.5,533.76
2024,N10 Offshore,2023,260.0,8,615779.96,551.29
2024,N10 Offshore,2024,209.75,5,583567.99,537.86
