SA2_CODE26,SA2_NAME26,CHG_FLAG26,CHG_LBL26,SA3_CODE26,SA3_NAME26,SA4_CODE26,SA4_NAME26,GCC_CODE26,GCC_NAME26,STE_CODE26,STE_NAME26,AUS_CODE26,AUS_NAME26,AREASQKM26
101021007,Braidwood,0,No change,10102,Queanbeyan,101,Capital Region,1RNSW,Rest of NSW,1,New South Wales,AUS,Australia,3418.3524
101021008,Karabar,0,No change,10102,Queanbeyan,101,Capital Region,1RNSW,Rest of NSW,1,New South Wales,AUS,Australia,6.9825
101021009,Queanbeyan,0,No change,10102,Queanbeyan,101,Capital Region,1RNSW,Rest of NSW,1,New South Wales,AUS,Australia,4.762
101021010,Queanbeyan - East,0,No change,10102,Queanbeyan,101,Capital Region,1RNSW,Rest of NSW,1,New South Wales,AUS,Australia,13.0032
101021012,Queanbeyan West - Jerrabomberra,0,No change,10102,Queanbeyan,101,Capital Region,1RNSW,Rest of NSW,1,New South Wales,AUS,Australia,13.6748
101021610,Googong,0,No change,10102,Queanbeyan,101,Capital Region,1RNSW,Rest of NSW,1,New South Wales,AUS,Australia,6.9162
101021611,Queanbeyan Surrounds,0,No change,10102,Queanbeyan,101,Capital Region,1RNSW,Rest of NSW,1,New South Wales,AUS,Australia,3047.7058
101031013,Bombala,0,No change,10103,Snowy Mountains,101,Capital Region,1RNSW,Rest of NSW,1,New South Wales,AUS,Australia,3990.144
101031014,Cooma,0,No change,10103,Snowy Mountains,101,Capital Region,1RNSW,Rest of NSW,1,New South Wales,AUS,Australia,103.6371
101031015,Cooma Surrounds,0,No change,10103,Snowy Mountains,101,Capital Region,1RNSW,Rest of NSW,1,New South Wales,AUS,Australia,6251.0157
101031016,Jindabyne - Berridale,0,No change,10103,Snowy Mountains,101,Capital Region,1RNSW,Rest of NSW,1,New South Wales,AUS,Australia,3939.7888
101041017,Batemans Bay,0,No change,10104,South Coast,101,Capital Region,1RNSW,Rest of NSW,1,New South Wales,AUS,Australia,63.7073
101041018,Batemans Bay - South,0,No change,10104,South Coast,101,Capital Region,1RNSW,Rest of NSW,1,New South Wales,AUS,Australia,30.5948
101041019,Bega - Tathra,0,No change,10104,South Coast,101,Capital Region,1RNSW,Rest of NSW,1,New South Wales,AUS,Australia,183.8984
101041020,Bega-Eden Hinterland,0,No change,10104,South Coast,101,Capital Region,1RNSW,Rest of NSW,1,New South Wales,AUS,Australia,4709.8266
101041021,Broulee - Tomakin,0,No change,10104,South Coast,101,Capital Region,1RNSW,Rest of NSW,1,New South Wales,AUS,Australia,24.2329
101041022,Deua - Wadbilliga,0,No change,10104,South Coast,101,Capital Region,1RNSW,Rest of NSW,1,New South Wales,AUS,Australia,2781.9988
101041023,Eden,0,No change,10104,South Coast,101,Capital Region,1RNSW,Rest of NSW,1,New South Wales,AUS,Australia,94.8138
101041024,Eurobodalla Hinterland,0,No change,10104,South Coast,101,Capital Region,1RNSW,Rest of NSW,1,New South Wales,AUS,Australia,1460.0117
101041025,Merimbula - Tura Beach,0,No change,10104,South Coast,101,Capital Region,1RNSW,Rest of NSW,1,New South Wales,AUS,Australia,97.3395
101041026,Moruya - Tuross Head,0,No change,10104,South Coast,101,Capital Region,1RNSW,Rest of NSW,1,New South Wales,AUS,Australia,165.4119
101041027,Narooma - Bermagui,0,No change,10104,South Coast,101,Capital Region,1RNSW,Rest of NSW,1,New South Wales,AUS,Australia,252.652
101051540,Goulburn Surrounds,0,No change,10105,Goulburn - Mulwaree,101,Capital Region,1RNSW,Rest of NSW,1,New South Wales,AUS,Australia,9035.1222
101051734,Goulburn - North,1,New,10105,Goulburn - Mulwaree,101,Capital Region,1RNSW,Rest of NSW,1,New South Wales,AUS,Australia,15.0551
101051735,Goulburn - South,1,New,10105,Goulburn - Mulwaree,101,Capital Region,1RNSW,Rest of NSW,1,New South Wales,AUS,Australia,49.7314
101061541,Yass,0,No change,10106,Young - Yass,101,Capital Region,1RNSW,Rest of NSW,1,New South Wales,AUS,Australia,99.7341
101061542,Yass Surrounds,0,No change,10106,Young - Yass,101,Capital Region,1RNSW,Rest of NSW,1,New South Wales,AUS,Australia,5680.5697
101061543,Young,0,No change,10106,Young - Yass,101,Capital Region,1RNSW,Rest of NSW,1,New South Wales,AUS,Australia,505.753
101061544,Young Surrounds,0,No change,10106,Young - Yass,101,Capital Region,1RNSW,Rest of NSW,1,New South Wales,AUS,Australia,5849.8088
102011028,Avoca Beach - Copacabana,0,No change,10201,Gosford,102,Central Coast,1GSYD,Greater Sydney,1,New South Wales,AUS,Australia,6.4376
102011029,Box Head - MacMasters Beach,0,No change,10201,Gosford,102,Central Coast,1GSYD,Greater Sydney,1,New South Wales,AUS,Australia,32.0802
102011030,Calga - Kulnura,0,No change,10201,Gosford,102,Central Coast,1GSYD,Greater Sydney,1,New South Wales,AUS,Australia,767.9512
102011031,Erina - Green Point,0,No change,10201,Gosford,102,Central Coast,1GSYD,Greater Sydney,1,New South Wales,AUS,Australia,33.7934
102011032,Gosford - Springfield,0,No change,10201,Gosford,102,Central Coast,1GSYD,Greater Sydney,1,New South Wales,AUS,Australia,16.9125
102011033,Kariong,0,No change,10201,Gosford,102,Central Coast,1GSYD,Greater Sydney,1,New South Wales,AUS,Australia,8.3063
102011034,Kincumber - Picketts Valley,0,No change,10201,Gosford,102,Central Coast,1GSYD,Greater Sydney,1,New South Wales,AUS,Australia,11.7169
102011035,Narara,0,No change,10201,Gosford,102,Central Coast,1GSYD,Greater Sydney,1,New South Wales,AUS,Australia,7.7021
102011036,Niagara Park - Lisarow,0,No change,10201,Gosford,102,Central Coast,1GSYD,Greater Sydney,1,New South Wales,AUS,Australia,16.7316
102011037,Point Clare - Koolewong,0,No change,10201,Gosford,102,Central Coast,1GSYD,Greater Sydney,1,New South Wales,AUS,Australia,6.7794
102011038,Saratoga - Davistown,0,No change,10201,Gosford,102,Central Coast,1GSYD,Greater Sydney,1,New South Wales,AUS,Australia,4.7683
102011039,Terrigal - North Avoca,0,No change,10201,Gosford,102,Central Coast,1GSYD,Greater Sydney,1,New South Wales,AUS,Australia,10.4791
102011040,Umina - Booker Bay - Patonga,0,No change,10201,Gosford,102,Central Coast,1GSYD,Greater Sydney,1,New South Wales,AUS,Australia,25.2285
102011041,Wamberal - Forresters Beach,0,No change,10201,Gosford,102,Central Coast,1GSYD,Greater Sydney,1,New South Wales,AUS,Australia,13.7221
102011042,Woy Woy - Blackwall,0,No change,10201,Gosford,102,Central Coast,1GSYD,Greater Sydney,1,New South Wales,AUS,Australia,17.3963
102011043,Wyoming,0,No change,10201,Gosford,102,Central Coast,1GSYD,Greater Sydney,1,New South Wales,AUS,Australia,8.381
102021044,Bateau Bay - Killarney Vale,0,No change,10202,Wyong,102,Central Coast,1GSYD,Greater Sydney,1,New South Wales,AUS,Australia,10.8595
102021045,Blue Haven - San Remo,0,No change,10202,Wyong,102,Central Coast,1GSYD,Greater Sydney,1,New South Wales,AUS,Australia,20.9796
102021046,Budgewoi - Buff Point - Halekulani,0,No change,10202,Wyong,102,Central Coast,1GSYD,Greater Sydney,1,New South Wales,AUS,Australia,9.3297
102021047,Chittaway Bay - Tumbi Umbi,0,No change,10202,Wyong,102,Central Coast,1GSYD,Greater Sydney,1,New South Wales,AUS,Australia,24.4986
102021048,Gorokan - Kanwal - Charmhaven,0,No change,10202,Wyong,102,Central Coast,1GSYD,Greater Sydney,1,New South Wales,AUS,Australia,11.249
102021049,Jilliby - Yarramalong,0,No change,10202,Wyong,102,Central Coast,1GSYD,Greater Sydney,1,New South Wales,AUS,Australia,346.7661
102021050,Lake Munmorah - Mannering Park,0,No change,10202,Wyong,102,Central Coast,1GSYD,Greater Sydney,1,New South Wales,AUS,Australia,35.4946
102021051,Ourimbah - Fountaindale,0,No change,10202,Wyong,102,Central Coast,1GSYD,Greater Sydney,1,New South Wales,AUS,Australia,114.1172
102021052,Summerland Point - Gwandalan,0,No change,10202,Wyong,102,Central Coast,1GSYD,Greater Sydney,1,New South Wales,AUS,Australia,9.1793
102021053,The Entrance,0,No change,10202,Wyong,102,Central Coast,1GSYD,Greater Sydney,1,New South Wales,AUS,Australia,13.8576
102021054,Toukley - Norah Head,0,No change,10202,Wyong,102,Central Coast,1GSYD,Greater Sydney,1,New South Wales,AUS,Australia,10.5216
102021055,Tuggerah - Kangy Angy,0,No change,10202,Wyong,102,Central Coast,1GSYD,Greater Sydney,1,New South Wales,AUS,Australia,27.8463
102021056,Warnervale - Wadalba,0,No change,10202,Wyong,102,Central Coast,1GSYD,Greater Sydney,1,New South Wales,AUS,Australia,42.89
102021057,Wyong,0,No change,10202,Wyong,102,Central Coast,1GSYD,Greater Sydney,1,New South Wales,AUS,Australia,15.0334
103011059,Bathurst - East,0,No change,10301,Bathurst,103,Central West,1RNSW,Rest of NSW,1,New South Wales,AUS,Australia,94.0343
103011060,Bathurst Surrounds,0,No change,10301,Bathurst,103,Central West,1RNSW,Rest of NSW,1,New South Wales,AUS,Australia,3798.2628
103011061,Oberon,0,No change,10301,Bathurst,103,Central West,1RNSW,Rest of NSW,1,New South Wales,AUS,Australia,2972.3813
103011612,Bathurst - South,0,No change,10301,Bathurst,103,Central West,1RNSW,Rest of NSW,1,New South Wales,AUS,Australia,37.4794
103011613,Bathurst - West,0,No change,10301,Bathurst,103,Central West,1RNSW,Rest of NSW,1,New South Wales,AUS,Australia,82.0251
103021062,Condobolin,0,No change,10302,Lachlan Valley,103,Central West,1RNSW,Rest of NSW,1,New South Wales,AUS,Australia,15858.8504
103021063,Cowra,0,No change,10302,Lachlan Valley,103,Central West,1RNSW,Rest of NSW,1,New South Wales,AUS,Australia,242.201
103021064,Cowra Surrounds,0,No change,10302,Lachlan Valley,103,Central West,1RNSW,Rest of NSW,1,New South Wales,AUS,Australia,3037.1556
103021065,Forbes,0,No change,10302,Lachlan Valley,103,Central West,1RNSW,Rest of NSW,1,New South Wales,AUS,Australia,4598.0438
103021066,Grenfell,0,No change,10302,Lachlan Valley,103,Central West,1RNSW,Rest of NSW,1,New South Wales,AUS,Australia,3294.0767
103021067,Parkes (NSW),0,No change,10302,Lachlan Valley,103,Central West,1RNSW,Rest of NSW,1,New South Wales,AUS,Australia,234.7555
103021068,Parkes Surrounds,0,No change,10302,Lachlan Valley,103,Central West,1RNSW,Rest of NSW,1,New South Wales,AUS,Australia,5418.165
103021069,West Wyalong,0,No change,10302,Lachlan Valley,103,Central West,1RNSW,Rest of NSW,1,New South Wales,AUS,Australia,8317.473
103031070,Lithgow,0,No change,10303,Lithgow - Mudgee,103,Central West,1RNSW,Rest of NSW,1,New South Wales,AUS,Australia,119.9844
103031071,Lithgow Surrounds,0,No change,10303,Lithgow - Mudgee,103,Central West,1RNSW,Rest of NSW,1,New South Wales,AUS,Australia,2514.0698
103031072,Mudgee,0,No change,10303,Lithgow - Mudgee,103,Central West,1RNSW,Rest of NSW,1,New South Wales,AUS,Australia,65.8948
103031073,Mudgee Surrounds - East,0,No change,10303,Lithgow - Mudgee,103,Central West,1RNSW,Rest of NSW,1,New South Wales,AUS,Australia,2852.0844
103031074,Mudgee Surrounds - West,0,No change,10303,Lithgow - Mudgee,103,Central West,1RNSW,Rest of NSW,1,New South Wales,AUS,Australia,8043.8634
103031075,Wollangambe - Wollemi,0,No change,10303,Lithgow - Mudgee,103,Central West,1RNSW,Rest of NSW,1,New South Wales,AUS,Australia,2448.7276
103041076,Blayney,0,No change,10304,Orange,103,Central West,1RNSW,Rest of NSW,1,New South Wales,AUS,Australia,1642.6749
103041077,Orange,0,No change,10304,Orange,103,Central West,1RNSW,Rest of NSW,1,New South Wales,AUS,Australia,45.2499
103041078,Orange - North,0,No change,10304,Orange,103,Central West,1RNSW,Rest of NSW,1,New South Wales,AUS,Australia,99.5119
103041079,Orange Surrounds,0,No change,10304,Orange,103,Central West,1RNSW,Rest of NSW,1,New South Wales,AUS,Australia,4480.0955
104011080,Grafton,0,No change,10401,Clarence Valley,104,Coffs Harbour - Grafton,1RNSW,Rest of NSW,1,New South Wales,AUS,Australia,106.2537
104011081,Grafton Surrounds,0,No change,10401,Clarence Valley,104,Coffs Harbour - Grafton,1RNSW,Rest of NSW,1,New South Wales,AUS,Australia,8445.8906
104011082,Maclean - Yamba - Iluka,0,No change,10401,Clarence Valley,104,Coffs Harbour - Grafton,1RNSW,Rest of NSW,1,New South Wales,AUS,Australia,711.0493
104021083,Bellingen,0,No change,10402,Coffs Harbour,104,Coffs Harbour - Grafton,1RNSW,Rest of NSW,1,New South Wales,AUS,Australia,1001.0482
104021084,Coffs Harbour - North,0,No change,10402,Coffs Harbour,104,Coffs Harbour - Grafton,1RNSW,Rest of NSW,1,New South Wales,AUS,Australia,25.6688
104021085,Coffs Harbour - South,0,No change,10402,Coffs Harbour,104,Coffs Harbour - Grafton,1RNSW,Rest of NSW,1,New South Wales,AUS,Australia,33.6996
104021086,Coramba - Nana Glen - Bucca,0,No change,10402,Coffs Harbour,104,Coffs Harbour - Grafton,1RNSW,Rest of NSW,1,New South Wales,AUS,Australia,363.909
104021087,Dorrigo,0,No change,10402,Coffs Harbour,104,Coffs Harbour - Grafton,1RNSW,Rest of NSW,1,New South Wales,AUS,Australia,1987.6714
104021088,Korora - Emerald Beach,0,No change,10402,Coffs Harbour,104,Coffs Harbour - Grafton,1RNSW,Rest of NSW,1,New South Wales,AUS,Australia,57.6882
104021089,Sawtell - Boambee,0,No change,10402,Coffs Harbour,104,Coffs Harbour - Grafton,1RNSW,Rest of NSW,1,New South Wales,AUS,Australia,118.2251
104021090,Urunga,0,No change,10402,Coffs Harbour,104,Coffs Harbour - Grafton,1RNSW,Rest of NSW,1,New South Wales,AUS,Australia,108.4123
104021091,Woolgoolga - Arrawarra,0,No change,10402,Coffs Harbour,104,Coffs Harbour - Grafton,1RNSW,Rest of NSW,1,New South Wales,AUS,Australia,270.2411
105011092,Bourke - Brewarrina,0,No change,10501,Bourke - Cobar - Coonamble,105,Far West and Orana,1RNSW,Rest of NSW,1,New South Wales,AUS,Australia,56841.5228
105011093,Cobar,0,No change,10501,Bourke - Cobar - Coonamble,105,Far West and Orana,1RNSW,Rest of NSW,1,New South Wales,AUS,Australia,45551.3981
105011094,Coonamble,0,No change,10501,Bourke - Cobar - Coonamble,105,Far West and Orana,1RNSW,Rest of NSW,1,New South Wales,AUS,Australia,12142.3534
105011095,Nyngan - Warren,0,No change,10501,Bourke - Cobar - Coonamble,105,Far West and Orana,1RNSW,Rest of NSW,1,New South Wales,AUS,Australia,21216.0025
105011096,Walgett - Lightning Ridge,0,No change,10501,Bourke - Cobar - Coonamble,105,Far West and Orana,1RNSW,Rest of NSW,1,New South Wales,AUS,Australia,27011.1329
105021097,Broken Hill,0,No change,10502,Broken Hill and Far West,105,Far West and Orana,1RNSW,Rest of NSW,1,New South Wales,AUS,Australia,170.1153
105021098,Far West,0,No change,10502,Broken Hill and Far West,105,Far West and Orana,1RNSW,Rest of NSW,1,New South Wales,AUS,Australia,146684.7335
105031099,Coonabarabran,0,No change,10503,Dubbo,105,Far West and Orana,1RNSW,Rest of NSW,1,New South Wales,AUS,Australia,10474.1332
105031100,Dubbo - East,0,No change,10503,Dubbo,105,Far West and Orana,1RNSW,Rest of NSW,1,New South Wales,AUS,Australia,87.6912
105031101,Dubbo - South,0,No change,10503,Dubbo,105,Far West and Orana,1RNSW,Rest of NSW,1,New South Wales,AUS,Australia,25.4336
105031102,Dubbo - West,0,No change,10503,Dubbo,105,Far West and Orana,1RNSW,Rest of NSW,1,New South Wales,AUS,Australia,69.436
105031103,Dubbo Surrounds,0,No change,10503,Dubbo,105,Far West and Orana,1RNSW,Rest of NSW,1,New South Wales,AUS,Australia,4128.5683
105031104,Gilgandra,0,No change,10503,Dubbo,105,Far West and Orana,1RNSW,Rest of NSW,1,New South Wales,AUS,Australia,5393.4383
105031105,Narromine,0,No change,10503,Dubbo,105,Far West and Orana,1RNSW,Rest of NSW,1,New South Wales,AUS,Australia,5956.2535
105031106,Wellington,0,No change,10503,Dubbo,105,Far West and Orana,1RNSW,Rest of NSW,1,New South Wales,AUS,Australia,3603.4369
106011107,Branxton - Greta - Pokolbin,0,No change,10601,Lower Hunter,106,Hunter Valley exc Newcastle,1RNSW,Rest of NSW,1,New South Wales,AUS,Australia,392.2862
106011108,Cessnock,0,No change,10601,Lower Hunter,106,Hunter Valley exc Newcastle,1RNSW,Rest of NSW,1,New South Wales,AUS,Australia,68.9815
106011109,Cessnock Surrounds,0,No change,10601,Lower Hunter,106,Hunter Valley exc Newcastle,1RNSW,Rest of NSW,1,New South Wales,AUS,Australia,1570.4345
106011110,Dungog,0,No change,10601,Lower Hunter,106,Hunter Valley exc Newcastle,1RNSW,Rest of NSW,1,New South Wales,AUS,Australia,2249.9983
106011111,Kurri Kurri - Abermain,0,No change,10601,Lower Hunter,106,Hunter Valley exc Newcastle,1RNSW,Rest of NSW,1,New South Wales,AUS,Australia,90.6144
106011112,Singleton,0,No change,10601,Lower Hunter,106,Hunter Valley exc Newcastle,1RNSW,Rest of NSW,1,New South Wales,AUS,Australia,127.2317
106011113,Singleton Surrounds,0,No change,10601,Lower Hunter,106,Hunter Valley exc Newcastle,1RNSW,Rest of NSW,1,New South Wales,AUS,Australia,4067.2347
106021114,Maitland,0,No change,10602,Maitland,106,Hunter Valley exc Newcastle,1RNSW,Rest of NSW,1,New South Wales,AUS,Australia,32.0793
106021116,Maitland - North,0,No change,10602,Maitland,106,Hunter Valley exc Newcastle,1RNSW,Rest of NSW,1,New South Wales,AUS,Australia,70.5478
106021614,East Maitland - Metford,0,No change,10602,Maitland,106,Hunter Valley exc Newcastle,1RNSW,Rest of NSW,1,New South Wales,AUS,Australia,21.6762
106021615,Rutherford (North) - Aberglasslyn,0,No change,10602,Maitland,106,Hunter Valley exc Newcastle,1RNSW,Rest of NSW,1,New South Wales,AUS,Australia,136.1326
106021616,Rutherford (South) - Telarah,0,No change,10602,Maitland,106,Hunter Valley exc Newcastle,1RNSW,Rest of NSW,1,New South Wales,AUS,Australia,39.3027
106021617,Tenambit - East Maitland,0,No change,10602,Maitland,106,Hunter Valley exc Newcastle,1RNSW,Rest of NSW,1,New South Wales,AUS,Australia,17.2818
106021618,Thornton - Millers Forest,0,No change,10602,Maitland,106,Hunter Valley exc Newcastle,1RNSW,Rest of NSW,1,New South Wales,AUS,Australia,63.0965
106031119,Anna Bay,0,No change,10603,Port Stephens,106,Hunter Valley exc Newcastle,1RNSW,Rest of NSW,1,New South Wales,AUS,Australia,68.05
106031120,Lemon Tree Passage - Tanilba Bay,0,No change,10603,Port Stephens,106,Hunter Valley exc Newcastle,1RNSW,Rest of NSW,1,New South Wales,AUS,Australia,29.9822
106031121,Nelson Bay Peninsula,0,No change,10603,Port Stephens,106,Hunter Valley exc Newcastle,1RNSW,Rest of NSW,1,New South Wales,AUS,Australia,47.4762
106031122,Raymond Terrace,0,No change,10603,Port Stephens,106,Hunter Valley exc Newcastle,1RNSW,Rest of NSW,1,New South Wales,AUS,Australia,109.4865
106031123,Seaham - Woodville,0,No change,10603,Port Stephens,106,Hunter Valley exc Newcastle,1RNSW,Rest of NSW,1,New South Wales,AUS,Australia,247.4836
106031124,Tea Gardens - Hawks Nest,0,No change,10603,Port Stephens,106,Hunter Valley exc Newcastle,1RNSW,Rest of NSW,1,New South Wales,AUS,Australia,204.3164
106031125,Williamtown - Medowie - Karuah,0,No change,10603,Port Stephens,106,Hunter Valley exc Newcastle,1RNSW,Rest of NSW,1,New South Wales,AUS,Australia,365.1825
106041126,Muswellbrook,0,No change,10604,Upper Hunter,106,Hunter Valley exc Newcastle,1RNSW,Rest of NSW,1,New South Wales,AUS,Australia,262.3964
106041127,Muswellbrook Surrounds,0,No change,10604,Upper Hunter,106,Hunter Valley exc Newcastle,1RNSW,Rest of NSW,1,New South Wales,AUS,Australia,3142.4877
106041128,Scone,0,No change,10604,Upper Hunter,106,Hunter Valley exc Newcastle,1RNSW,Rest of NSW,1,New South Wales,AUS,Australia,118.5743
106041129,Scone Surrounds,0,No change,10604,Upper Hunter,106,Hunter Valley exc Newcastle,1RNSW,Rest of NSW,1,New South Wales,AUS,Australia,7948.9583
107011131,Dapto - Avondale,0,No change,10701,Dapto - Port Kembla,107,Illawarra,1RNSW,Rest of NSW,1,New South Wales,AUS,Australia,56.6003
107011132,Horsley - Kembla Grange,0,No change,10701,Dapto - Port Kembla,107,Illawarra,1RNSW,Rest of NSW,1,New South Wales,AUS,Australia,44.2402
107011133,Port Kembla Industrial,0,No change,10701,Dapto - Port Kembla,107,Illawarra,1RNSW,Rest of NSW,1,New South Wales,AUS,Australia,12.939
107011134,Unanderra - Mount Kembla,0,No change,10701,Dapto - Port Kembla,107,Illawarra,1RNSW,Rest of NSW,1,New South Wales,AUS,Australia,25.1483
107011545,Berkeley - Lake Heights - Cringila,0,No change,10701,Dapto - Port Kembla,107,Illawarra,1RNSW,Rest of NSW,1,New South Wales,AUS,Australia,12.5307
107011546,Port Kembla - Warrawong,0,No change,10701,Dapto - Port Kembla,107,Illawarra,1RNSW,Rest of NSW,1,New South Wales,AUS,Australia,6.9708
107011547,Windang - Primbee,0,No change,10701,Dapto - Port Kembla,107,Illawarra,1RNSW,Rest of NSW,1,New South Wales,AUS,Australia,5.5883
107021135,Illawarra Catchment Reserve,0,No change,10702,Illawarra Catchment Reserve,107,Illawarra,1RNSW,Rest of NSW,1,New South Wales,AUS,Australia,744.3423
107031136,Albion Park - Macquarie Pass,0,No change,10703,Kiama - Shellharbour,107,Illawarra,1RNSW,Rest of NSW,1,New South Wales,AUS,Australia,75.1257
107031137,Albion Park Rail,0,No change,10703,Kiama - Shellharbour,107,Illawarra,1RNSW,Rest of NSW,1,New South Wales,AUS,Australia,7.1682
107031138,Kiama,0,No change,10703,Kiama - Shellharbour,107,Illawarra,1RNSW,Rest of NSW,1,New South Wales,AUS,Australia,13.8553
107031139,Kiama Downs - Minnamurra,0,No change,10703,Kiama - Shellharbour,107,Illawarra,1RNSW,Rest of NSW,1,New South Wales,AUS,Australia,7.261
107031140,Kiama Hinterland - Gerringong,0,No change,10703,Kiama - Shellharbour,107,Illawarra,1RNSW,Rest of NSW,1,New South Wales,AUS,Australia,222.2612
107031141,Shellharbour - Flinders,0,No change,10703,Kiama - Shellharbour,107,Illawarra,1RNSW,Rest of NSW,1,New South Wales,AUS,Australia,49.5813
107031142,Shellharbour - Oak Flats,0,No change,10703,Kiama - Shellharbour,107,Illawarra,1RNSW,Rest of NSW,1,New South Wales,AUS,Australia,6.051
107031143,Warilla,0,No change,10703,Kiama - Shellharbour,107,Illawarra,1RNSW,Rest of NSW,1,New South Wales,AUS,Australia,9.4949
107041144,Balgownie - Fairy Meadow,0,No change,10704,Wollongong,107,Illawarra,1RNSW,Rest of NSW,1,New South Wales,AUS,Australia,12.2638
107041145,Corrimal - Tarrawanna - Bellambi,0,No change,10704,Wollongong,107,Illawarra,1RNSW,Rest of NSW,1,New South Wales,AUS,Australia,11.0648
107041146,Figtree - Keiraville,0,No change,10704,Wollongong,107,Illawarra,1RNSW,Rest of NSW,1,New South Wales,AUS,Australia,18.8129
107041147,Helensburgh,0,No change,10704,Wollongong,107,Illawarra,1RNSW,Rest of NSW,1,New South Wales,AUS,Australia,154.8373
107041148,Thirroul - Austinmer - Coalcliff,0,No change,10704,Wollongong,107,Illawarra,1RNSW,Rest of NSW,1,New South Wales,AUS,Australia,16.1558
107041150,Woonona - Bulli - Russell Vale,0,No change,10704,Wollongong,107,Illawarra,1RNSW,Rest of NSW,1,New South Wales,AUS,Australia,15.7847
107041548,Wollongong - East,0,No change,10704,Wollongong,107,Illawarra,1RNSW,Rest of NSW,1,New South Wales,AUS,Australia,5.5038
107041549,Wollongong - West,0,No change,10704,Wollongong,107,Illawarra,1RNSW,Rest of NSW,1,New South Wales,AUS,Australia,5.6592
108011151,Bulahdelah - Stroud,0,No change,10801,Great Lakes,108,Mid North Coast,1RNSW,Rest of NSW,1,New South Wales,AUS,Australia,2334.0245
108011152,Forster,0,No change,10801,Great Lakes,108,Mid North Coast,1RNSW,Rest of NSW,1,New South Wales,AUS,Australia,33.873
108011153,Forster-Tuncurry Surrounds,0,No change,10801,Great Lakes,108,Mid North Coast,1RNSW,Rest of NSW,1,New South Wales,AUS,Australia,749.4773
108011154,Tuncurry,0,No change,10801,Great Lakes,108,Mid North Coast,1RNSW,Rest of NSW,1,New South Wales,AUS,Australia,15.6698
108021155,Kempsey,0,No change,10802,Kempsey - Nambucca,108,Mid North Coast,1RNSW,Rest of NSW,1,New South Wales,AUS,Australia,195.1561
108021156,Kempsey Surrounds,0,No change,10802,Kempsey - Nambucca,108,Mid North Coast,1RNSW,Rest of NSW,1,New South Wales,AUS,Australia,3627.2593
108021157,Macksville - Scotts Head,0,No change,10802,Kempsey - Nambucca,108,Mid North Coast,1RNSW,Rest of NSW,1,New South Wales,AUS,Australia,83.793
108021158,Nambucca Heads,0,No change,10802,Kempsey - Nambucca,108,Mid North Coast,1RNSW,Rest of NSW,1,New South Wales,AUS,Australia,31.0504
108021159,Nambucca Heads Surrounds,0,No change,10802,Kempsey - Nambucca,108,Mid North Coast,1RNSW,Rest of NSW,1,New South Wales,AUS,Australia,1356.0989
108021160,South West Rocks,0,No change,10802,Kempsey - Nambucca,108,Mid North Coast,1RNSW,Rest of NSW,1,New South Wales,AUS,Australia,45.9674
108031161,Lord Howe Island,0,No change,10803,Lord Howe Island,108,Mid North Coast,1RNSW,Rest of NSW,1,New South Wales,AUS,Australia,16.2918
108041162,Laurieton - Bonny Hills,0,No change,10804,Port Macquarie,108,Mid North Coast,1RNSW,Rest of NSW,1,New South Wales,AUS,Australia,524.9062
108041164,Port Macquarie - West,0,No change,10804,Port Macquarie,108,Mid North Coast,1RNSW,Rest of NSW,1,New South Wales,AUS,Australia,54.1667
108041165,Port Macquarie Surrounds,0,No change,10804,Port Macquarie,108,Mid North Coast,1RNSW,Rest of NSW,1,New South Wales,AUS,Australia,2871.7473
108041166,Wauchope,0,No change,10804,Port Macquarie,108,Mid North Coast,1RNSW,Rest of NSW,1,New South Wales,AUS,Australia,194.8611
108041619,Port Macquarie - East,0,No change,10804,Port Macquarie,108,Mid North Coast,1RNSW,Rest of NSW,1,New South Wales,AUS,Australia,7.0934
108041620,Port Macquarie - South,0,No change,10804,Port Macquarie,108,Mid North Coast,1RNSW,Rest of NSW,1,New South Wales,AUS,Australia,34.9946
108051167,Gloucester,0,No change,10805,Taree - Gloucester,108,Mid North Coast,1RNSW,Rest of NSW,1,New South Wales,AUS,Australia,2933.8677
108051168,Old Bar - Manning Point - Red Head,0,No change,10805,Taree - Gloucester,108,Mid North Coast,1RNSW,Rest of NSW,1,New South Wales,AUS,Australia,209.6182
108051169,Taree,0,No change,10805,Taree - Gloucester,108,Mid North Coast,1RNSW,Rest of NSW,1,New South Wales,AUS,Australia,125.1186
108051170,Taree Surrounds,0,No change,10805,Taree - Gloucester,108,Mid North Coast,1RNSW,Rest of NSW,1,New South Wales,AUS,Australia,3344.9331
108051171,Wingham,0,No change,10805,Taree - Gloucester,108,Mid North Coast,1RNSW,Rest of NSW,1,New South Wales,AUS,Australia,61.5309
109011172,Albury - East,0,No change,10901,Albury,109,Murray,1RNSW,Rest of NSW,1,New South Wales,AUS,Australia,101.4838
109011173,Albury - North,0,No change,10901,Albury,109,Murray,1RNSW,Rest of NSW,1,New South Wales,AUS,Australia,24.1552
109011174,Albury - South,0,No change,10901,Albury,109,Murray,1RNSW,Rest of NSW,1,New South Wales,AUS,Australia,48.1443
109011175,Albury Surrounds,0,No change,10901,Albury,109,Murray,1RNSW,Rest of NSW,1,New South Wales,AUS,Australia,5401.7533
109011176,Lavington,0,No change,10901,Albury,109,Murray,1RNSW,Rest of NSW,1,New South Wales,AUS,Australia,21.467
109021177,Hay,0,No change,10902,Lower Murray,109,Murray,1RNSW,Rest of NSW,1,New South Wales,AUS,Australia,13922.8978
109021178,Wentworth - Buronga,0,No change,10902,Lower Murray,109,Murray,1RNSW,Rest of NSW,1,New South Wales,AUS,Australia,322.4567
109021179,Wentworth-Balranald Region,0,No change,10902,Lower Murray,109,Murray,1RNSW,Rest of NSW,1,New South Wales,AUS,Australia,49722.5295
109031180,Corowa,0,No change,10903,Upper Murray exc Albury,109,Murray,1RNSW,Rest of NSW,1,New South Wales,AUS,Australia,77.1283
109031181,Corowa Surrounds,0,No change,10903,Upper Murray exc Albury,109,Murray,1RNSW,Rest of NSW,1,New South Wales,AUS,Australia,4495.1556
109031182,Deniliquin,0,No change,10903,Upper Murray exc Albury,109,Murray,1RNSW,Rest of NSW,1,New South Wales,AUS,Australia,143.2081
109031183,Deniliquin Surrounds,0,No change,10903,Upper Murray exc Albury,109,Murray,1RNSW,Rest of NSW,1,New South Wales,AUS,Australia,18337.9457
109031184,Moama,0,No change,10903,Upper Murray exc Albury,109,Murray,1RNSW,Rest of NSW,1,New South Wales,AUS,Australia,167.0068
109031185,Tocumwal - Finley - Jerilderie,0,No change,10903,Upper Murray exc Albury,109,Murray,1RNSW,Rest of NSW,1,New South Wales,AUS,Australia,5011.1591
110011186,Armidale,0,No change,11001,Armidale,110,New England and North West,1RNSW,Rest of NSW,1,New South Wales,AUS,Australia,274.5996
110011187,Armidale Surrounds - North,0,No change,11001,Armidale,110,New England and North West,1RNSW,Rest of NSW,1,New South Wales,AUS,Australia,6098.2355
110011188,Armidale Surrounds - South,0,No change,11001,Armidale,110,New England and North West,1RNSW,Rest of NSW,1,New South Wales,AUS,Australia,3280.2793
110011189,Walcha,0,No change,11001,Armidale,110,New England and North West,1RNSW,Rest of NSW,1,New South Wales,AUS,Australia,6742.5353
110021190,Glen Innes,0,No change,11002,Inverell - Tenterfield,110,New England and North West,1RNSW,Rest of NSW,1,New South Wales,AUS,Australia,5479.9771
110021191,Inverell,0,No change,11002,Inverell - Tenterfield,110,New England and North West,1RNSW,Rest of NSW,1,New South Wales,AUS,Australia,207.6617
110021192,Inverell Surrounds - East,0,No change,11002,Inverell - Tenterfield,110,New England and North West,1RNSW,Rest of NSW,1,New South Wales,AUS,Australia,9270.8568
110021193,Inverell Surrounds - West,0,No change,11002,Inverell - Tenterfield,110,New England and North West,1RNSW,Rest of NSW,1,New South Wales,AUS,Australia,8283.6399
110021194,Tenterfield,0,No change,11002,Inverell - Tenterfield,110,New England and North West,1RNSW,Rest of NSW,1,New South Wales,AUS,Australia,7324.3073
110031195,Moree,0,No change,11003,Moree - Narrabri,110,New England and North West,1RNSW,Rest of NSW,1,New South Wales,AUS,Australia,69.3971
110031196,Moree Surrounds,0,No change,11003,Moree - Narrabri,110,New England and North West,1RNSW,Rest of NSW,1,New South Wales,AUS,Australia,19807.3169
110031197,Narrabri,0,No change,11003,Moree - Narrabri,110,New England and North West,1RNSW,Rest of NSW,1,New South Wales,AUS,Australia,180.3631
110031198,Narrabri Surrounds,0,No change,11003,Moree - Narrabri,110,New England and North West,1RNSW,Rest of NSW,1,New South Wales,AUS,Australia,11965.644
110041199,Gunnedah,0,No change,11004,Tamworth - Gunnedah,110,New England and North West,1RNSW,Rest of NSW,1,New South Wales,AUS,Australia,90.1552
110041200,Gunnedah Surrounds,0,No change,11004,Tamworth - Gunnedah,110,New England and North West,1RNSW,Rest of NSW,1,New South Wales,AUS,Australia,5765.8612
110041201,Quirindi,0,No change,11004,Tamworth - Gunnedah,110,New England and North West,1RNSW,Rest of NSW,1,New South Wales,AUS,Australia,5077.8423
110041202,Tamworth - East,0,No change,11004,Tamworth - Gunnedah,110,New England and North West,1RNSW,Rest of NSW,1,New South Wales,AUS,Australia,102.1806
110041203,Tamworth - North,0,No change,11004,Tamworth - Gunnedah,110,New England and North West,1RNSW,Rest of NSW,1,New South Wales,AUS,Australia,76.0422
110041204,Tamworth - West,0,No change,11004,Tamworth - Gunnedah,110,New England and North West,1RNSW,Rest of NSW,1,New South Wales,AUS,Australia,62.5221
110041205,Tamworth Surrounds,0,No change,11004,Tamworth - Gunnedah,110,New England and North West,1RNSW,Rest of NSW,1,New South Wales,AUS,Australia,8980.4842
111011206,Belmont - Bennetts Green,0,No change,11101,Lake Macquarie - East,111,Newcastle and Lake Macquarie,1RNSW,Rest of NSW,1,New South Wales,AUS,Australia,22.2102
111011207,Belmont South - Blacksmiths,0,No change,11101,Lake Macquarie - East,111,Newcastle and Lake Macquarie,1RNSW,Rest of NSW,1,New South Wales,AUS,Australia,6.8068
111011208,Charlestown - Dudley,0,No change,11101,Lake Macquarie - East,111,Newcastle and Lake Macquarie,1RNSW,Rest of NSW,1,New South Wales,AUS,Australia,22.2796
111011209,Glendale - Cardiff - Hillsborough,0,No change,11101,Lake Macquarie - East,111,Newcastle and Lake Macquarie,1RNSW,Rest of NSW,1,New South Wales,AUS,Australia,21.9176
111011210,Mount Hutton - Windale,0,No change,11101,Lake Macquarie - East,111,Newcastle and Lake Macquarie,1RNSW,Rest of NSW,1,New South Wales,AUS,Australia,6.2654
111011211,Redhead,0,No change,11101,Lake Macquarie - East,111,Newcastle and Lake Macquarie,1RNSW,Rest of NSW,1,New South Wales,AUS,Australia,3.6842
111011212,Swansea - Caves Beach,0,No change,11101,Lake Macquarie - East,111,Newcastle and Lake Macquarie,1RNSW,Rest of NSW,1,New South Wales,AUS,Australia,32.4068
111011213,Valentine - Eleebana,0,No change,11101,Lake Macquarie - East,111,Newcastle and Lake Macquarie,1RNSW,Rest of NSW,1,New South Wales,AUS,Australia,9.9748
111011214,Warners Bay - Boolaroo,0,No change,11101,Lake Macquarie - East,111,Newcastle and Lake Macquarie,1RNSW,Rest of NSW,1,New South Wales,AUS,Australia,12.54
111021215,Bolton Point - Teralba,0,No change,11102,Lake Macquarie - West,111,Newcastle and Lake Macquarie,1RNSW,Rest of NSW,1,New South Wales,AUS,Australia,21.9698
111021216,Bonnells Bay - Silverwater,0,No change,11102,Lake Macquarie - West,111,Newcastle and Lake Macquarie,1RNSW,Rest of NSW,1,New South Wales,AUS,Australia,10.1593
111021218,Morisset - Cooranbong,0,No change,11102,Lake Macquarie - West,111,Newcastle and Lake Macquarie,1RNSW,Rest of NSW,1,New South Wales,AUS,Australia,330.5209
111021219,Toronto - Awaba,0,No change,11102,Lake Macquarie - West,111,Newcastle and Lake Macquarie,1RNSW,Rest of NSW,1,New South Wales,AUS,Australia,43.6626
111021220,Wangi Wangi - Rathmines,0,No change,11102,Lake Macquarie - West,111,Newcastle and Lake Macquarie,1RNSW,Rest of NSW,1,New South Wales,AUS,Australia,13.1714
111021736,Edgeworth - Cameron Park,1,New,11102,Lake Macquarie - West,111,Newcastle and Lake Macquarie,1RNSW,Rest of NSW,1,New South Wales,AUS,Australia,16.2505
111021737,West Wallsend - Barnsley - Killingworth,1,New,11102,Lake Macquarie - West,111,Newcastle and Lake Macquarie,1RNSW,Rest of NSW,1,New South Wales,AUS,Australia,71.8986
111031222,Adamstown - Kotara,0,No change,11103,Newcastle,111,Newcastle and Lake Macquarie,1RNSW,Rest of NSW,1,New South Wales,AUS,Australia,8.0182
111031223,Beresfield - Hexham,0,No change,11103,Newcastle,111,Newcastle and Lake Macquarie,1RNSW,Rest of NSW,1,New South Wales,AUS,Australia,59.2573
111031224,Hamilton - Broadmeadow,0,No change,11103,Newcastle,111,Newcastle and Lake Macquarie,1RNSW,Rest of NSW,1,New South Wales,AUS,Australia,6.7462
111031225,Lambton - New Lambton,0,No change,11103,Newcastle,111,Newcastle and Lake Macquarie,1RNSW,Rest of NSW,1,New South Wales,AUS,Australia,10.5485
111031226,Maryland - Fletcher - Minmi,0,No change,11103,Newcastle,111,Newcastle and Lake Macquarie,1RNSW,Rest of NSW,1,New South Wales,AUS,Australia,17.2634
111031227,Mayfield - Warabrook,0,No change,11103,Newcastle,111,Newcastle and Lake Macquarie,1RNSW,Rest of NSW,1,New South Wales,AUS,Australia,7.5372
111031228,Merewether - The Junction,0,No change,11103,Newcastle,111,Newcastle and Lake Macquarie,1RNSW,Rest of NSW,1,New South Wales,AUS,Australia,7.2464
111031229,Newcastle - Cooks Hill,0,No change,11103,Newcastle,111,Newcastle and Lake Macquarie,1RNSW,Rest of NSW,1,New South Wales,AUS,Australia,3.9772
111031230,Newcastle Port - Kooragang,0,No change,11103,Newcastle,111,Newcastle and Lake Macquarie,1RNSW,Rest of NSW,1,New South Wales,AUS,Australia,30.8589
111031231,Shortland - Jesmond,0,No change,11103,Newcastle,111,Newcastle and Lake Macquarie,1RNSW,Rest of NSW,1,New South Wales,AUS,Australia,12.7086
111031232,Stockton - Fullerton Cove,0,No change,11103,Newcastle,111,Newcastle and Lake Macquarie,1RNSW,Rest of NSW,1,New South Wales,AUS,Australia,30.5131
111031233,Wallsend - Elermore Vale,0,No change,11103,Newcastle,111,Newcastle and Lake Macquarie,1RNSW,Rest of NSW,1,New South Wales,AUS,Australia,21.52
111031234,Waratah - North Lambton,0,No change,11103,Newcastle,111,Newcastle and Lake Macquarie,1RNSW,Rest of NSW,1,New South Wales,AUS,Australia,5.114
111031235,Wickham - Carrington - Tighes Hill,0,No change,11103,Newcastle,111,Newcastle and Lake Macquarie,1RNSW,Rest of NSW,1,New South Wales,AUS,Australia,3.5549
112011236,Ballina,0,No change,11201,Richmond Valley - Coastal,112,Richmond - Tweed,1RNSW,Rest of NSW,1,New South Wales,AUS,Australia,36.1602
112011237,Ballina Surrounds,0,No change,11201,Richmond Valley - Coastal,112,Richmond - Tweed,1RNSW,Rest of NSW,1,New South Wales,AUS,Australia,406.5486
112011238,Bangalow,0,No change,11201,Richmond Valley - Coastal,112,Richmond - Tweed,1RNSW,Rest of NSW,1,New South Wales,AUS,Australia,186.5293
112011239,Brunswick Heads - Ocean Shores,0,No change,11201,Richmond Valley - Coastal,112,Richmond - Tweed,1RNSW,Rest of NSW,1,New South Wales,AUS,Australia,54.4455
112011240,Byron Bay,0,No change,11201,Richmond Valley - Coastal,112,Richmond - Tweed,1RNSW,Rest of NSW,1,New South Wales,AUS,Australia,39.7771
112011241,Evans Head,0,No change,11201,Richmond Valley - Coastal,112,Richmond - Tweed,1RNSW,Rest of NSW,1,New South Wales,AUS,Australia,543.5362
112011242,Lennox Head - Skennars Head,0,No change,11201,Richmond Valley - Coastal,112,Richmond - Tweed,1RNSW,Rest of NSW,1,New South Wales,AUS,Australia,37.8459
112011243,Mullumbimby,0,No change,11201,Richmond Valley - Coastal,112,Richmond - Tweed,1RNSW,Rest of NSW,1,New South Wales,AUS,Australia,268.0749
112021244,Casino,0,No change,11202,Richmond Valley - Hinterland,112,Richmond - Tweed,1RNSW,Rest of NSW,1,New South Wales,AUS,Australia,138.9581
112021245,Casino Surrounds,0,No change,11202,Richmond Valley - Hinterland,112,Richmond - Tweed,1RNSW,Rest of NSW,1,New South Wales,AUS,Australia,3950.1026
112021246,Goonellabah,0,No change,11202,Richmond Valley - Hinterland,112,Richmond - Tweed,1RNSW,Rest of NSW,1,New South Wales,AUS,Australia,25.2268
112021247,Kyogle,0,No change,11202,Richmond Valley - Hinterland,112,Richmond - Tweed,1RNSW,Rest of NSW,1,New South Wales,AUS,Australia,1979.7777
112021248,Lismore,0,No change,11202,Richmond Valley - Hinterland,112,Richmond - Tweed,1RNSW,Rest of NSW,1,New South Wales,AUS,Australia,63.3098
112021249,Lismore Surrounds,0,No change,11202,Richmond Valley - Hinterland,112,Richmond - Tweed,1RNSW,Rest of NSW,1,New South Wales,AUS,Australia,1233.2422
112031250,Kingscliff - Fingal Head,0,No change,11203,Tweed Valley,112,Richmond - Tweed,1RNSW,Rest of NSW,1,New South Wales,AUS,Australia,38.4359
112031251,Murwillumbah,0,No change,11203,Tweed Valley,112,Richmond - Tweed,1RNSW,Rest of NSW,1,New South Wales,AUS,Australia,24.2868
112031252,Murwillumbah Surrounds,0,No change,11203,Tweed Valley,112,Richmond - Tweed,1RNSW,Rest of NSW,1,New South Wales,AUS,Australia,908.2417
112031253,Pottsville,0,No change,11203,Tweed Valley,112,Richmond - Tweed,1RNSW,Rest of NSW,1,New South Wales,AUS,Australia,189.4635
112031254,Tweed Heads,0,No change,11203,Tweed Valley,112,Richmond - Tweed,1RNSW,Rest of NSW,1,New South Wales,AUS,Australia,100.4343
112031550,Banora Point,0,No change,11203,Tweed Valley,112,Richmond - Tweed,1RNSW,Rest of NSW,1,New South Wales,AUS,Australia,9.4424
112031551,Terranora - North Tumbulgum,0,No change,11203,Tweed Valley,112,Richmond - Tweed,1RNSW,Rest of NSW,1,New South Wales,AUS,Australia,29.0247
112031552,Tweed Heads South,0,No change,11203,Tweed Valley,112,Richmond - Tweed,1RNSW,Rest of NSW,1,New South Wales,AUS,Australia,8.4562
113011256,Griffith (NSW),0,No change,11301,Griffith - Murrumbidgee (West),113,Riverina,1RNSW,Rest of NSW,1,New South Wales,AUS,Australia,56.3332
113011257,Griffith Surrounds,0,No change,11301,Griffith - Murrumbidgee (West),113,Riverina,1RNSW,Rest of NSW,1,New South Wales,AUS,Australia,23020.2048
113011258,Leeton,0,No change,11301,Griffith - Murrumbidgee (West),113,Riverina,1RNSW,Rest of NSW,1,New South Wales,AUS,Australia,373.8747
113011259,Narrandera,0,No change,11301,Griffith - Murrumbidgee (West),113,Riverina,1RNSW,Rest of NSW,1,New South Wales,AUS,Australia,5409.2765
113021260,Tumbarumba,0,No change,11302,Tumut - Tumbarumba,113,Riverina,1RNSW,Rest of NSW,1,New South Wales,AUS,Australia,4520.6741
113021261,Tumut,0,No change,11302,Tumut - Tumbarumba,113,Riverina,1RNSW,Rest of NSW,1,New South Wales,AUS,Australia,40.3087
113021262,Tumut Surrounds,0,No change,11302,Tumut - Tumbarumba,113,Riverina,1RNSW,Rest of NSW,1,New South Wales,AUS,Australia,4613.7431
113031263,Cootamundra,0,No change,11303,Wagga Wagga,113,Riverina,1RNSW,Rest of NSW,1,New South Wales,AUS,Australia,1656.1222
113031264,Gundagai,0,No change,11303,Wagga Wagga,113,Riverina,1RNSW,Rest of NSW,1,New South Wales,AUS,Australia,2362.5241
113031265,Junee,0,No change,11303,Wagga Wagga,113,Riverina,1RNSW,Rest of NSW,1,New South Wales,AUS,Australia,1970.8746
113031266,Temora,0,No change,11303,Wagga Wagga,113,Riverina,1RNSW,Rest of NSW,1,New South Wales,AUS,Australia,3434.2619
113031267,Wagga Wagga - East,0,No change,11303,Wagga Wagga,113,Riverina,1RNSW,Rest of NSW,1,New South Wales,AUS,Australia,54.0429
113031268,Wagga Wagga - North,0,No change,11303,Wagga Wagga,113,Riverina,1RNSW,Rest of NSW,1,New South Wales,AUS,Australia,53.6776
113031269,Wagga Wagga - South,0,No change,11303,Wagga Wagga,113,Riverina,1RNSW,Rest of NSW,1,New South Wales,AUS,Australia,29.4358
113031270,Wagga Wagga - West,0,No change,11303,Wagga Wagga,113,Riverina,1RNSW,Rest of NSW,1,New South Wales,AUS,Australia,54.9391
113031271,Wagga Wagga Surrounds,0,No change,11303,Wagga Wagga,113,Riverina,1RNSW,Rest of NSW,1,New South Wales,AUS,Australia,9334.6875
114011272,Berry - Kangaroo Valley,0,No change,11401,Shoalhaven,114,Southern Highlands and Shoalhaven,1RNSW,Rest of NSW,1,New South Wales,AUS,Australia,537.0884
114011273,Callala Bay - Currarong,0,No change,11401,Shoalhaven,114,Southern Highlands and Shoalhaven,1RNSW,Rest of NSW,1,New South Wales,AUS,Australia,166.9089
114011274,Culburra Beach,0,No change,11401,Shoalhaven,114,Southern Highlands and Shoalhaven,1RNSW,Rest of NSW,1,New South Wales,AUS,Australia,76.4017
114011275,Ettrema - Sassafras - Budawang,0,No change,11401,Shoalhaven,114,Southern Highlands and Shoalhaven,1RNSW,Rest of NSW,1,New South Wales,AUS,Australia,2144.4619
114011276,Huskisson - Vincentia,0,No change,11401,Shoalhaven,114,Southern Highlands and Shoalhaven,1RNSW,Rest of NSW,1,New South Wales,AUS,Australia,31.0117
114011277,North Nowra - Bomaderry,0,No change,11401,Shoalhaven,114,Southern Highlands and Shoalhaven,1RNSW,Rest of NSW,1,New South Wales,AUS,Australia,99.7318
114011279,St Georges Basin - Erowal Bay,0,No change,11401,Shoalhaven,114,Southern Highlands and Shoalhaven,1RNSW,Rest of NSW,1,New South Wales,AUS,Australia,76.8594
114011280,Sussex Inlet - Berrara,0,No change,11401,Shoalhaven,114,Southern Highlands and Shoalhaven,1RNSW,Rest of NSW,1,New South Wales,AUS,Australia,40.4363
114011281,Tomerong - Wandandian - Woollamia,0,No change,11401,Shoalhaven,114,Southern Highlands and Shoalhaven,1RNSW,Rest of NSW,1,New South Wales,AUS,Australia,375.9761
114011282,Ulladulla,0,No change,11401,Shoalhaven,114,Southern Highlands and Shoalhaven,1RNSW,Rest of NSW,1,New South Wales,AUS,Australia,46.7765
114011283,Ulladulla Surrounds,0,No change,11401,Shoalhaven,114,Southern Highlands and Shoalhaven,1RNSW,Rest of NSW,1,New South Wales,AUS,Australia,677.6148
114011738,Nowra - Worrigee,1,New,11401,Shoalhaven,114,Southern Highlands and Shoalhaven,1RNSW,Rest of NSW,1,New South Wales,AUS,Australia,43.1664
114011739,South Nowra - Nowra Hill,1,New,11401,Shoalhaven,114,Southern Highlands and Shoalhaven,1RNSW,Rest of NSW,1,New South Wales,AUS,Australia,58.5136
114021284,Bowral,0,No change,11402,Southern Highlands,114,Southern Highlands and Shoalhaven,1RNSW,Rest of NSW,1,New South Wales,AUS,Australia,55.572
114021285,Hill Top - Colo Vale,0,No change,11402,Southern Highlands,114,Southern Highlands and Shoalhaven,1RNSW,Rest of NSW,1,New South Wales,AUS,Australia,174.3752
114021286,Mittagong,0,No change,11402,Southern Highlands,114,Southern Highlands and Shoalhaven,1RNSW,Rest of NSW,1,New South Wales,AUS,Australia,73.7568
114021287,Moss Vale - Berrima,0,No change,11402,Southern Highlands,114,Southern Highlands and Shoalhaven,1RNSW,Rest of NSW,1,New South Wales,AUS,Australia,118.1151
114021288,Robertson - Fitzroy Falls,0,No change,11402,Southern Highlands,114,Southern Highlands and Shoalhaven,1RNSW,Rest of NSW,1,New South Wales,AUS,Australia,498.4941
114021289,Southern Highlands,0,No change,11402,Southern Highlands,114,Southern Highlands and Shoalhaven,1RNSW,Rest of NSW,1,New South Wales,AUS,Australia,1409.7012
115011290,Baulkham Hills - East,0,No change,11501,Baulkham Hills,115,Sydney - Baulkham Hills and Hawkesbury,1GSYD,Greater Sydney,1,New South Wales,AUS,Australia,8.3081
115011291,Baulkham Hills (West) - Bella Vista,0,No change,11501,Baulkham Hills,115,Sydney - Baulkham Hills and Hawkesbury,1GSYD,Greater Sydney,1,New South Wales,AUS,Australia,10.8721
115011294,Glenhaven,0,No change,11501,Baulkham Hills,115,Sydney - Baulkham Hills and Hawkesbury,1GSYD,Greater Sydney,1,New South Wales,AUS,Australia,7.2309
115011296,West Pennant Hills,0,No change,11501,Baulkham Hills,115,Sydney - Baulkham Hills and Hawkesbury,1GSYD,Greater Sydney,1,New South Wales,AUS,Australia,7.8291
115011553,Castle Hill - Central,0,No change,11501,Baulkham Hills,115,Sydney - Baulkham Hills and Hawkesbury,1GSYD,Greater Sydney,1,New South Wales,AUS,Australia,4.1512
115011554,Castle Hill - East,0,No change,11501,Baulkham Hills,115,Sydney - Baulkham Hills and Hawkesbury,1GSYD,Greater Sydney,1,New South Wales,AUS,Australia,2.072
115011555,Castle Hill - North,0,No change,11501,Baulkham Hills,115,Sydney - Baulkham Hills and Hawkesbury,1GSYD,Greater Sydney,1,New South Wales,AUS,Australia,6.8149
115011556,Castle Hill - South,0,No change,11501,Baulkham Hills,115,Sydney - Baulkham Hills and Hawkesbury,1GSYD,Greater Sydney,1,New South Wales,AUS,Australia,4.1277
115011557,Castle Hill - West,0,No change,11501,Baulkham Hills,115,Sydney - Baulkham Hills and Hawkesbury,1GSYD,Greater Sydney,1,New South Wales,AUS,Australia,1.6363
115011558,Cherrybrook,0,No change,11501,Baulkham Hills,115,Sydney - Baulkham Hills and Hawkesbury,1GSYD,Greater Sydney,1,New South Wales,AUS,Australia,8.2514
115011621,Kellyville - East,0,No change,11501,Baulkham Hills,115,Sydney - Baulkham Hills and Hawkesbury,1GSYD,Greater Sydney,1,New South Wales,AUS,Australia,5.7375
115011622,Kellyville - West,0,No change,11501,Baulkham Hills,115,Sydney - Baulkham Hills and Hawkesbury,1GSYD,Greater Sydney,1,New South Wales,AUS,Australia,4.9944
115021297,Dural - Kenthurst - Wisemans Ferry,0,No change,11502,Dural - Wisemans Ferry,115,Sydney - Baulkham Hills and Hawkesbury,1GSYD,Greater Sydney,1,New South Wales,AUS,Australia,377.5395
115021298,Galston - Laughtondale,0,No change,11502,Dural - Wisemans Ferry,115,Sydney - Baulkham Hills and Hawkesbury,1GSYD,Greater Sydney,1,New South Wales,AUS,Australia,191.699
115031299,Bilpin - Colo - St Albans,0,No change,11503,Hawkesbury,115,Sydney - Baulkham Hills and Hawkesbury,1GSYD,Greater Sydney,1,New South Wales,AUS,Australia,2160.16
115031300,Kurrajong Heights - Ebenezer,0,No change,11503,Hawkesbury,115,Sydney - Baulkham Hills and Hawkesbury,1GSYD,Greater Sydney,1,New South Wales,AUS,Australia,331.85
115041301,Pitt Town - McGraths Hill,0,No change,11504,Rouse Hill - McGraths Hill,115,Sydney - Baulkham Hills and Hawkesbury,1GSYD,Greater Sydney,1,New South Wales,AUS,Australia,80.5031
115041624,North Kellyville,0,No change,11504,Rouse Hill - McGraths Hill,115,Sydney - Baulkham Hills and Hawkesbury,1GSYD,Greater Sydney,1,New South Wales,AUS,Australia,8.0039
115041625,Rouse Hill (East) - Beaumont Hills,3,Name change,11504,Rouse Hill - McGraths Hill,115,Sydney - Baulkham Hills and Hawkesbury,1GSYD,Greater Sydney,1,New South Wales,AUS,Australia,8.6462
115041740,Box Hill - East,1,New,11504,Rouse Hill - McGraths Hill,115,Sydney - Baulkham Hills and Hawkesbury,1GSYD,Greater Sydney,1,New South Wales,AUS,Australia,4.7452
115041741,Box Hill - West,1,New,11504,Rouse Hill - McGraths Hill,115,Sydney - Baulkham Hills and Hawkesbury,1GSYD,Greater Sydney,1,New South Wales,AUS,Australia,5.0465
115041742,Gables - Nelson,1,New,11504,Rouse Hill - McGraths Hill,115,Sydney - Baulkham Hills and Hawkesbury,1GSYD,Greater Sydney,1,New South Wales,AUS,Australia,11.2791
116011303,Blacktown (East) - Kings Park,0,No change,11601,Blacktown,116,Sydney - Blacktown,1GSYD,Greater Sydney,1,New South Wales,AUS,Australia,7.9753
116011304,Blacktown (North) - Marayong,0,No change,11601,Blacktown,116,Sydney - Blacktown,1GSYD,Greater Sydney,1,New South Wales,AUS,Australia,7.3828
116011306,Doonside - Woodcroft,0,No change,11601,Blacktown,116,Sydney - Blacktown,1GSYD,Greater Sydney,1,New South Wales,AUS,Australia,9.9106
116011560,Blacktown - South,0,No change,11601,Blacktown,116,Sydney - Blacktown,1GSYD,Greater Sydney,1,New South Wales,AUS,Australia,3.3594
116011561,Blacktown - West,0,No change,11601,Blacktown,116,Sydney - Blacktown,1GSYD,Greater Sydney,1,New South Wales,AUS,Australia,4.6753
116011626,Seven Hills - Prospect,0,No change,11601,Blacktown,116,Sydney - Blacktown,1GSYD,Greater Sydney,1,New South Wales,AUS,Australia,7.5851
116011627,Toongabbie - West,0,No change,11601,Blacktown,116,Sydney - Blacktown,1GSYD,Greater Sydney,1,New South Wales,AUS,Australia,3.2406
116011743,Kings Langley,1,New,11601,Blacktown,116,Sydney - Blacktown,1GSYD,Greater Sydney,1,New South Wales,AUS,Australia,3.6669
116011744,Lalor Park - Seven Hills,1,New,11601,Blacktown,116,Sydney - Blacktown,1GSYD,Greater Sydney,1,New South Wales,AUS,Australia,8.1329
116021309,Glenwood,0,No change,11602,Blacktown - North,116,Sydney - Blacktown,1GSYD,Greater Sydney,1,New South Wales,AUS,Australia,5.1186
116021562,Acacia Gardens,0,No change,11602,Blacktown - North,116,Sydney - Blacktown,1GSYD,Greater Sydney,1,New South Wales,AUS,Australia,0.9466
116021628,Kellyville Ridge - The Ponds (East),3,Name change,11602,Blacktown - North,116,Sydney - Blacktown,1GSYD,Greater Sydney,1,New South Wales,AUS,Australia,5.9124
116021630,Riverstone,0,No change,11602,Blacktown - North,116,Sydney - Blacktown,1GSYD,Greater Sydney,1,New South Wales,AUS,Australia,32.1657
116021631,Schofields (West) - Colebee,0,No change,11602,Blacktown - North,116,Sydney - Blacktown,1GSYD,Greater Sydney,1,New South Wales,AUS,Australia,10.5498
116021633,Stanhope Gardens - Parklea,0,No change,11602,Blacktown - North,116,Sydney - Blacktown,1GSYD,Greater Sydney,1,New South Wales,AUS,Australia,3.9008
116021745,Marsden Park - North,1,New,11602,Blacktown - North,116,Sydney - Blacktown,1GSYD,Greater Sydney,1,New South Wales,AUS,Australia,2.7571
116021746,Marsden Park - South,1,New,11602,Blacktown - North,116,Sydney - Blacktown,1GSYD,Greater Sydney,1,New South Wales,AUS,Australia,8.6454
116021747,Melonba - Shanes Park,1,New,11602,Blacktown - North,116,Sydney - Blacktown,1GSYD,Greater Sydney,1,New South Wales,AUS,Australia,13.6387
116021748,Quakers Hill,1,New,11602,Blacktown - North,116,Sydney - Blacktown,1GSYD,Greater Sydney,1,New South Wales,AUS,Australia,7.6302
116021749,Rouse Hill - West,1,New,11602,Blacktown - North,116,Sydney - Blacktown,1GSYD,Greater Sydney,1,New South Wales,AUS,Australia,3.3915
116021750,Schofields - East,1,New,11602,Blacktown - North,116,Sydney - Blacktown,1GSYD,Greater Sydney,1,New South Wales,AUS,Australia,2.7917
116021751,Tallawong,1,New,11602,Blacktown - North,116,Sydney - Blacktown,1GSYD,Greater Sydney,1,New South Wales,AUS,Australia,4.2437
116021752,The Ponds - West,1,New,11602,Blacktown - North,116,Sydney - Blacktown,1GSYD,Greater Sydney,1,New South Wales,AUS,Australia,1.3737
116031313,Bidwill - Hebersham - Emerton,0,No change,11603,Mount Druitt,116,Sydney - Blacktown,1GSYD,Greater Sydney,1,New South Wales,AUS,Australia,6.095
116031314,Glendenning - Dean Park,0,No change,11603,Mount Druitt,116,Sydney - Blacktown,1GSYD,Greater Sydney,1,New South Wales,AUS,Australia,5.1425
116031315,Hassall Grove - Plumpton,0,No change,11603,Mount Druitt,116,Sydney - Blacktown,1GSYD,Greater Sydney,1,New South Wales,AUS,Australia,6.2052
116031316,Lethbridge Park - Tregear,0,No change,11603,Mount Druitt,116,Sydney - Blacktown,1GSYD,Greater Sydney,1,New South Wales,AUS,Australia,11.2672
116031317,Mount Druitt - Whalan,0,No change,11603,Mount Druitt,116,Sydney - Blacktown,1GSYD,Greater Sydney,1,New South Wales,AUS,Australia,8.6854
116031318,Prospect Reservoir,0,No change,11603,Mount Druitt,116,Sydney - Blacktown,1GSYD,Greater Sydney,1,New South Wales,AUS,Australia,29.8693
116031319,Rooty Hill - Minchinbury,0,No change,11603,Mount Druitt,116,Sydney - Blacktown,1GSYD,Greater Sydney,1,New South Wales,AUS,Australia,14.6242
117011320,Banksmeadow,0,No change,11701,Botany,117,Sydney - City and Inner South,1GSYD,Greater Sydney,1,New South Wales,AUS,Australia,3.9384
117011321,Botany,0,No change,11701,Botany,117,Sydney - City and Inner South,1GSYD,Greater Sydney,1,New South Wales,AUS,Australia,3.4307
117011323,Pagewood - Hillsdale - Daceyville,0,No change,11701,Botany,117,Sydney - City and Inner South,1GSYD,Greater Sydney,1,New South Wales,AUS,Australia,3.1186
117011324,Port Botany Industrial,0,No change,11701,Botany,117,Sydney - City and Inner South,1GSYD,Greater Sydney,1,New South Wales,AUS,Australia,2.8044
117011325,Sydney Airport,0,No change,11701,Botany,117,Sydney - City and Inner South,1GSYD,Greater Sydney,1,New South Wales,AUS,Australia,8.9106
117011634,Eastlakes,0,No change,11701,Botany,117,Sydney - City and Inner South,1GSYD,Greater Sydney,1,New South Wales,AUS,Australia,3.1149
117011635,Mascot,0,No change,11701,Botany,117,Sydney - City and Inner South,1GSYD,Greater Sydney,1,New South Wales,AUS,Australia,3.0501
117021327,Petersham - Stanmore,0,No change,11702,Marrickville - Sydenham - Petersham,117,Sydney - City and Inner South,1GSYD,Greater Sydney,1,New South Wales,AUS,Australia,3.0035
117021328,Sydenham - Tempe - St Peters,0,No change,11702,Marrickville - Sydenham - Petersham,117,Sydney - City and Inner South,1GSYD,Greater Sydney,1,New South Wales,AUS,Australia,3.8539
117021636,Marrickville - North,0,No change,11702,Marrickville - Sydenham - Petersham,117,Sydney - City and Inner South,1GSYD,Greater Sydney,1,New South Wales,AUS,Australia,2.8199
117021637,Marrickville - South,0,No change,11702,Marrickville - Sydenham - Petersham,117,Sydney - City and Inner South,1GSYD,Greater Sydney,1,New South Wales,AUS,Australia,2.9929
117031329,Darlinghurst,0,No change,11703,Sydney Inner City,117,Sydney - City and Inner South,1GSYD,Greater Sydney,1,New South Wales,AUS,Australia,0.8569
117031330,Erskineville - Alexandria,0,No change,11703,Sydney Inner City,117,Sydney - City and Inner South,1GSYD,Greater Sydney,1,New South Wales,AUS,Australia,4.32
117031331,Glebe - Forest Lodge,0,No change,11703,Sydney Inner City,117,Sydney - City and Inner South,1GSYD,Greater Sydney,1,New South Wales,AUS,Australia,2.3149
117031333,Potts Point - Woolloomooloo,0,No change,11703,Sydney Inner City,117,Sydney - City and Inner South,1GSYD,Greater Sydney,1,New South Wales,AUS,Australia,1.4636
117031336,Surry Hills,0,No change,11703,Sydney Inner City,117,Sydney - City and Inner South,1GSYD,Greater Sydney,1,New South Wales,AUS,Australia,1.3164
117031638,Camperdown - Darlington,0,No change,11703,Sydney Inner City,117,Sydney - City and Inner South,1GSYD,Greater Sydney,1,New South Wales,AUS,Australia,1.7106
117031639,Chippendale,0,No change,11703,Sydney Inner City,117,Sydney - City and Inner South,1GSYD,Greater Sydney,1,New South Wales,AUS,Australia,0.4642
117031640,Newtown (NSW),0,No change,11703,Sydney Inner City,117,Sydney - City and Inner South,1GSYD,Greater Sydney,1,New South Wales,AUS,Australia,1.5707
117031641,Pyrmont,0,No change,11703,Sydney Inner City,117,Sydney - City and Inner South,1GSYD,Greater Sydney,1,New South Wales,AUS,Australia,0.9299
117031642,Redfern,0,No change,11703,Sydney Inner City,117,Sydney - City and Inner South,1GSYD,Greater Sydney,1,New South Wales,AUS,Australia,1.6989
117031643,Rosebery - Beaconsfield,0,No change,11703,Sydney Inner City,117,Sydney - City and Inner South,1GSYD,Greater Sydney,1,New South Wales,AUS,Australia,1.6423
117031644,Sydney (North) - Millers Point,0,No change,11703,Sydney Inner City,117,Sydney - City and Inner South,1GSYD,Greater Sydney,1,New South Wales,AUS,Australia,3.2121
117031645,Sydney (South) - Haymarket,0,No change,11703,Sydney Inner City,117,Sydney - City and Inner South,1GSYD,Greater Sydney,1,New South Wales,AUS,Australia,1.0813
117031646,Ultimo,0,No change,11703,Sydney Inner City,117,Sydney - City and Inner South,1GSYD,Greater Sydney,1,New South Wales,AUS,Australia,0.5588
117031647,Waterloo,0,No change,11703,Sydney Inner City,117,Sydney - City and Inner South,1GSYD,Greater Sydney,1,New South Wales,AUS,Australia,1.1339
117031648,Zetland,0,No change,11703,Sydney Inner City,117,Sydney - City and Inner South,1GSYD,Greater Sydney,1,New South Wales,AUS,Australia,0.8046
118011339,Bondi - Tamarama - Bronte,0,No change,11801,Eastern Suburbs - North,118,Sydney - Eastern Suburbs,1GSYD,Greater Sydney,1,New South Wales,AUS,Australia,2.4962
118011340,Bondi Beach - North Bondi,0,No change,11801,Eastern Suburbs - North,118,Sydney - Eastern Suburbs,1GSYD,Greater Sydney,1,New South Wales,AUS,Australia,2.4604
118011341,Bondi Junction - Waverly,0,No change,11801,Eastern Suburbs - North,118,Sydney - Eastern Suburbs,1GSYD,Greater Sydney,1,New South Wales,AUS,Australia,2.5234
118011342,Centennial Park,0,No change,11801,Eastern Suburbs - North,118,Sydney - Eastern Suburbs,1GSYD,Greater Sydney,1,New South Wales,AUS,Australia,1.9786
118011344,Dover Heights,0,No change,11801,Eastern Suburbs - North,118,Sydney - Eastern Suburbs,1GSYD,Greater Sydney,1,New South Wales,AUS,Australia,1.8705
118011345,Paddington - Moore Park,0,No change,11801,Eastern Suburbs - North,118,Sydney - Eastern Suburbs,1GSYD,Greater Sydney,1,New South Wales,AUS,Australia,3.725
118011346,Rose Bay - Vaucluse - Watsons Bay,0,No change,11801,Eastern Suburbs - North,118,Sydney - Eastern Suburbs,1GSYD,Greater Sydney,1,New South Wales,AUS,Australia,5.1368
118011347,Woollahra,0,No change,11801,Eastern Suburbs - North,118,Sydney - Eastern Suburbs,1GSYD,Greater Sydney,1,New South Wales,AUS,Australia,1.2805
118011649,Bellevue Hill,0,No change,11801,Eastern Suburbs - North,118,Sydney - Eastern Suburbs,1GSYD,Greater Sydney,1,New South Wales,AUS,Australia,3.1556
118011650,Double Bay - Darling Point,0,No change,11801,Eastern Suburbs - North,118,Sydney - Eastern Suburbs,1GSYD,Greater Sydney,1,New South Wales,AUS,Australia,1.5591
118021564,Kensington (NSW),0,No change,11802,Eastern Suburbs - South,118,Sydney - Eastern Suburbs,1GSYD,Greater Sydney,1,New South Wales,AUS,Australia,2.6423
118021565,Kingsford,0,No change,11802,Eastern Suburbs - South,118,Sydney - Eastern Suburbs,1GSYD,Greater Sydney,1,New South Wales,AUS,Australia,2.0141
118021566,Maroubra - North,0,No change,11802,Eastern Suburbs - South,118,Sydney - Eastern Suburbs,1GSYD,Greater Sydney,1,New South Wales,AUS,Australia,1.8112
118021567,Maroubra - South,0,No change,11802,Eastern Suburbs - South,118,Sydney - Eastern Suburbs,1GSYD,Greater Sydney,1,New South Wales,AUS,Australia,2.065
118021568,Maroubra - West,0,No change,11802,Eastern Suburbs - South,118,Sydney - Eastern Suburbs,1GSYD,Greater Sydney,1,New South Wales,AUS,Australia,2.0464
118021569,Randwick - North,0,No change,11802,Eastern Suburbs - South,118,Sydney - Eastern Suburbs,1GSYD,Greater Sydney,1,New South Wales,AUS,Australia,1.9356
118021570,Randwick - South,0,No change,11802,Eastern Suburbs - South,118,Sydney - Eastern Suburbs,1GSYD,Greater Sydney,1,New South Wales,AUS,Australia,3.3725
118021651,Coogee - Clovelly,0,No change,11802,Eastern Suburbs - South,118,Sydney - Eastern Suburbs,1GSYD,Greater Sydney,1,New South Wales,AUS,Australia,2.7034
118021652,Malabar - La Perouse,0,No change,11802,Eastern Suburbs - South,118,Sydney - Eastern Suburbs,1GSYD,Greater Sydney,1,New South Wales,AUS,Australia,8.4115
118021653,Matraville - Chifley,0,No change,11802,Eastern Suburbs - South,118,Sydney - Eastern Suburbs,1GSYD,Greater Sydney,1,New South Wales,AUS,Australia,3.4138
118021654,South Coogee,0,No change,11802,Eastern Suburbs - South,118,Sydney - Eastern Suburbs,1GSYD,Greater Sydney,1,New South Wales,AUS,Australia,1.1322
119011354,Bass Hill - Georges Hall,0,No change,11901,Bankstown,119,Sydney - Inner South West,1GSYD,Greater Sydney,1,New South Wales,AUS,Australia,8.9161
119011355,Chullora,0,No change,11901,Bankstown,119,Sydney - Inner South West,1GSYD,Greater Sydney,1,New South Wales,AUS,Australia,4.0501
119011356,Condell Park,0,No change,11901,Bankstown,119,Sydney - Inner South West,1GSYD,Greater Sydney,1,New South Wales,AUS,Australia,10.0036
119011358,Padstow,0,No change,11901,Bankstown,119,Sydney - Inner South West,1GSYD,Greater Sydney,1,New South Wales,AUS,Australia,6.5091
119011360,Revesby,0,No change,11901,Bankstown,119,Sydney - Inner South West,1GSYD,Greater Sydney,1,New South Wales,AUS,Australia,5.0925
119011361,Yagoona - Birrong,0,No change,11901,Bankstown,119,Sydney - Inner South West,1GSYD,Greater Sydney,1,New South Wales,AUS,Australia,5.5597
119011571,Bankstown - North,0,No change,11901,Bankstown,119,Sydney - Inner South West,1GSYD,Greater Sydney,1,New South Wales,AUS,Australia,2.7405
119011572,Bankstown - South,0,No change,11901,Bankstown,119,Sydney - Inner South West,1GSYD,Greater Sydney,1,New South Wales,AUS,Australia,4.4232
119011655,Greenacre - North,0,No change,11901,Bankstown,119,Sydney - Inner South West,1GSYD,Greater Sydney,1,New South Wales,AUS,Australia,4.0802
119011656,Greenacre - South,0,No change,11901,Bankstown,119,Sydney - Inner South West,1GSYD,Greater Sydney,1,New South Wales,AUS,Australia,2.9017
119011657,Panania (North) - Milperra,0,No change,11901,Bankstown,119,Sydney - Inner South West,1GSYD,Greater Sydney,1,New South Wales,AUS,Australia,7.5649
119011658,Panania (South) - Picnic Point,0,No change,11901,Bankstown,119,Sydney - Inner South West,1GSYD,Greater Sydney,1,New South Wales,AUS,Australia,6.8259
119021362,Belmore - Belfield,0,No change,11902,Canterbury,119,Sydney - Inner South West,1GSYD,Greater Sydney,1,New South Wales,AUS,Australia,4.5135
119021366,Punchbowl,0,No change,11902,Canterbury,119,Sydney - Inner South West,1GSYD,Greater Sydney,1,New South Wales,AUS,Australia,5.2458
119021367,Roselands,0,No change,11902,Canterbury,119,Sydney - Inner South West,1GSYD,Greater Sydney,1,New South Wales,AUS,Australia,3.6461
119021573,Lakemba,0,No change,11902,Canterbury,119,Sydney - Inner South West,1GSYD,Greater Sydney,1,New South Wales,AUS,Australia,2.1866
119021574,Wiley Park,0,No change,11902,Canterbury,119,Sydney - Inner South West,1GSYD,Greater Sydney,1,New South Wales,AUS,Australia,1.3933
119021659,Campsie - North,0,No change,11902,Canterbury,119,Sydney - Inner South West,1GSYD,Greater Sydney,1,New South Wales,AUS,Australia,1.5672
119021660,Campsie - South,0,No change,11902,Canterbury,119,Sydney - Inner South West,1GSYD,Greater Sydney,1,New South Wales,AUS,Australia,1.12
119021661,Canterbury - South,0,No change,11902,Canterbury,119,Sydney - Inner South West,1GSYD,Greater Sydney,1,New South Wales,AUS,Australia,2.0906
119021662,Earlwood,0,No change,11902,Canterbury,119,Sydney - Inner South West,1GSYD,Greater Sydney,1,New South Wales,AUS,Australia,5.5897
119021663,Kingsgrove - North,0,No change,11902,Canterbury,119,Sydney - Inner South West,1GSYD,Greater Sydney,1,New South Wales,AUS,Australia,2.6119
119031370,Narwee - Beverly Hills,0,No change,11903,Hurstville,119,Sydney - Inner South West,1GSYD,Greater Sydney,1,New South Wales,AUS,Australia,3.3909
119031371,Oatley - Hurstville Grove,0,No change,11903,Hurstville,119,Sydney - Inner South West,1GSYD,Greater Sydney,1,New South Wales,AUS,Australia,4.3549
119031372,Peakhurst - Lugarno,0,No change,11903,Hurstville,119,Sydney - Inner South West,1GSYD,Greater Sydney,1,New South Wales,AUS,Australia,7.4721
119031373,Riverwood,0,No change,11903,Hurstville,119,Sydney - Inner South West,1GSYD,Greater Sydney,1,New South Wales,AUS,Australia,2.7319
119031374,South Hurstville - Blakehurst,0,No change,11903,Hurstville,119,Sydney - Inner South West,1GSYD,Greater Sydney,1,New South Wales,AUS,Australia,6.2406
119031664,Hurstville - Central,0,No change,11903,Hurstville,119,Sydney - Inner South West,1GSYD,Greater Sydney,1,New South Wales,AUS,Australia,1.2264
119031665,Hurstville - North,0,No change,11903,Hurstville,119,Sydney - Inner South West,1GSYD,Greater Sydney,1,New South Wales,AUS,Australia,2.4137
119031666,Mortdale - Oatley,0,No change,11903,Hurstville,119,Sydney - Inner South West,1GSYD,Greater Sydney,1,New South Wales,AUS,Australia,4.4442
119031667,Penshurst,0,No change,11903,Hurstville,119,Sydney - Inner South West,1GSYD,Greater Sydney,1,New South Wales,AUS,Australia,1.6722
119041377,Kingsgrove (South) - Bardwell Park,0,No change,11904,Kogarah - Rockdale,119,Sydney - Inner South West,1GSYD,Greater Sydney,1,New South Wales,AUS,Australia,3.7871
119041378,Kogarah,0,No change,11904,Kogarah - Rockdale,119,Sydney - Inner South West,1GSYD,Greater Sydney,1,New South Wales,AUS,Australia,2.2198
119041379,Kogarah Bay - Carlton - Allawah,0,No change,11904,Kogarah - Rockdale,119,Sydney - Inner South West,1GSYD,Greater Sydney,1,New South Wales,AUS,Australia,3.5033
119041380,Monterey - Brighton-le-Sands - Kyeemagh,0,No change,11904,Kogarah - Rockdale,119,Sydney - Inner South West,1GSYD,Greater Sydney,1,New South Wales,AUS,Australia,3.3799
119041381,Rockdale - Banksia,0,No change,11904,Kogarah - Rockdale,119,Sydney - Inner South West,1GSYD,Greater Sydney,1,New South Wales,AUS,Australia,3.5762
119041382,Sans Souci - Ramsgate,0,No change,11904,Kogarah - Rockdale,119,Sydney - Inner South West,1GSYD,Greater Sydney,1,New South Wales,AUS,Australia,4.6115
119041668,Arncliffe - Bardwell Valley,0,No change,11904,Kogarah - Rockdale,119,Sydney - Inner South West,1GSYD,Greater Sydney,1,New South Wales,AUS,Australia,4.3131
119041669,Bexley - North,0,No change,11904,Kogarah - Rockdale,119,Sydney - Inner South West,1GSYD,Greater Sydney,1,New South Wales,AUS,Australia,2.6007
119041670,Bexley - South,0,No change,11904,Kogarah - Rockdale,119,Sydney - Inner South West,1GSYD,Greater Sydney,1,New South Wales,AUS,Australia,2.6771
119041671,Wolli Creek,0,No change,11904,Kogarah - Rockdale,119,Sydney - Inner South West,1GSYD,Greater Sydney,1,New South Wales,AUS,Australia,0.6795
120011383,Concord - Mortlake - Cabarita,0,No change,12001,Canada Bay,120,Sydney - Inner West,1GSYD,Greater Sydney,1,New South Wales,AUS,Australia,6.3199
120011385,Drummoyne - Rodd Point,0,No change,12001,Canada Bay,120,Sydney - Inner West,1GSYD,Greater Sydney,1,New South Wales,AUS,Australia,3.731
120011386,Five Dock - Abbotsford,0,No change,12001,Canada Bay,120,Sydney - Inner West,1GSYD,Greater Sydney,1,New South Wales,AUS,Australia,4.6202
120011672,Concord West - North Strathfield,0,No change,12001,Canada Bay,120,Sydney - Inner West,1GSYD,Greater Sydney,1,New South Wales,AUS,Australia,4.0969
120011673,Rhodes,0,No change,12001,Canada Bay,120,Sydney - Inner West,1GSYD,Greater Sydney,1,New South Wales,AUS,Australia,1.0063
120021387,Balmain,0,No change,12002,Leichhardt,120,Sydney - Inner West,1GSYD,Greater Sydney,1,New South Wales,AUS,Australia,2.5815
120021389,Lilyfield - Rozelle,0,No change,12002,Leichhardt,120,Sydney - Inner West,1GSYD,Greater Sydney,1,New South Wales,AUS,Australia,3.6039
120021674,Annandale (NSW),0,No change,12002,Leichhardt,120,Sydney - Inner West,1GSYD,Greater Sydney,1,New South Wales,AUS,Australia,1.4885
120021675,Leichhardt,0,No change,12002,Leichhardt,120,Sydney - Inner West,1GSYD,Greater Sydney,1,New South Wales,AUS,Australia,2.9838
120031392,Canterbury (North) - Ashbury,0,No change,12003,Strathfield - Burwood - Ashfield,120,Sydney - Inner West,1GSYD,Greater Sydney,1,New South Wales,AUS,Australia,3.0278
120031393,Croydon Park - Enfield,0,No change,12003,Strathfield - Burwood - Ashfield,120,Sydney - Inner West,1GSYD,Greater Sydney,1,New South Wales,AUS,Australia,3.9711
120031394,Dulwich Hill - Lewisham,0,No change,12003,Strathfield - Burwood - Ashfield,120,Sydney - Inner West,1GSYD,Greater Sydney,1,New South Wales,AUS,Australia,2.7016
120031395,Haberfield - Summer Hill,0,No change,12003,Strathfield - Burwood - Ashfield,120,Sydney - Inner West,1GSYD,Greater Sydney,1,New South Wales,AUS,Australia,3.4746
120031396,Homebush,0,No change,12003,Strathfield - Burwood - Ashfield,120,Sydney - Inner West,1GSYD,Greater Sydney,1,New South Wales,AUS,Australia,3.8432
120031576,Strathfield South,0,No change,12003,Strathfield - Burwood - Ashfield,120,Sydney - Inner West,1GSYD,Greater Sydney,1,New South Wales,AUS,Australia,2.5112
120031676,Ashfield - North,0,No change,12003,Strathfield - Burwood - Ashfield,120,Sydney - Inner West,1GSYD,Greater Sydney,1,New South Wales,AUS,Australia,1.5609
120031677,Ashfield - South,0,No change,12003,Strathfield - Burwood - Ashfield,120,Sydney - Inner West,1GSYD,Greater Sydney,1,New South Wales,AUS,Australia,2.1091
120031678,Burwood (NSW),0,No change,12003,Strathfield - Burwood - Ashfield,120,Sydney - Inner West,1GSYD,Greater Sydney,1,New South Wales,AUS,Australia,1.9049
120031679,Croydon,0,No change,12003,Strathfield - Burwood - Ashfield,120,Sydney - Inner West,1GSYD,Greater Sydney,1,New South Wales,AUS,Australia,2.5877
120031680,Strathfield - East,0,No change,12003,Strathfield - Burwood - Ashfield,120,Sydney - Inner West,1GSYD,Greater Sydney,1,New South Wales,AUS,Australia,2.5414
120031681,Strathfield - West,0,No change,12003,Strathfield - Burwood - Ashfield,120,Sydney - Inner West,1GSYD,Greater Sydney,1,New South Wales,AUS,Australia,3.9101
121011399,Chatswood (West) - Lane Cove North,0,No change,12101,Chatswood - Lane Cove,121,Sydney - North Sydney and Hornsby,1GSYD,Greater Sydney,1,New South Wales,AUS,Australia,5.5371
121011401,St Leonards - Naremburn,0,No change,12101,Chatswood - Lane Cove,121,Sydney - North Sydney and Hornsby,1GSYD,Greater Sydney,1,New South Wales,AUS,Australia,2.761
121011682,Artarmon,0,No change,12101,Chatswood - Lane Cove,121,Sydney - North Sydney and Hornsby,1GSYD,Greater Sydney,1,New South Wales,AUS,Australia,1.6583
121011683,Castle Cove - Northbridge,0,No change,12101,Chatswood - Lane Cove,121,Sydney - North Sydney and Hornsby,1GSYD,Greater Sydney,1,New South Wales,AUS,Australia,7.6847
121011684,Chatswood - East,0,No change,12101,Chatswood - Lane Cove,121,Sydney - North Sydney and Hornsby,1GSYD,Greater Sydney,1,New South Wales,AUS,Australia,3.4093
121011685,Greenwich - Riverview,0,No change,12101,Chatswood - Lane Cove,121,Sydney - North Sydney and Hornsby,1GSYD,Greater Sydney,1,New South Wales,AUS,Australia,4.5871
121011686,Lane Cove,0,No change,12101,Chatswood - Lane Cove,121,Sydney - North Sydney and Hornsby,1GSYD,Greater Sydney,1,New South Wales,AUS,Australia,4.4686
121011687,Willoughby,0,No change,12101,Chatswood - Lane Cove,121,Sydney - North Sydney and Hornsby,1GSYD,Greater Sydney,1,New South Wales,AUS,Australia,3.0671
121021403,Asquith - Mount Colah,0,No change,12102,Hornsby,121,Sydney - North Sydney and Hornsby,1GSYD,Greater Sydney,1,New South Wales,AUS,Australia,34.6889
121021404,Berowra - Brooklyn - Cowan,0,No change,12102,Hornsby,121,Sydney - North Sydney and Hornsby,1GSYD,Greater Sydney,1,New South Wales,AUS,Australia,81.7548
121021406,Normanhurst - Thornleigh - Westleigh,0,No change,12102,Hornsby,121,Sydney - North Sydney and Hornsby,1GSYD,Greater Sydney,1,New South Wales,AUS,Australia,9.9882
121021577,Hornsby - East,0,No change,12102,Hornsby,121,Sydney - North Sydney and Hornsby,1GSYD,Greater Sydney,1,New South Wales,AUS,Australia,2.5688
121021578,Hornsby - West,0,No change,12102,Hornsby,121,Sydney - North Sydney and Hornsby,1GSYD,Greater Sydney,1,New South Wales,AUS,Australia,6.2858
121021579,Wahroonga (West) - Waitara,0,No change,12102,Hornsby,121,Sydney - North Sydney and Hornsby,1GSYD,Greater Sydney,1,New South Wales,AUS,Australia,2.1124
121031407,Gordon - Killara,0,No change,12103,Ku-ring-gai,121,Sydney - North Sydney and Hornsby,1GSYD,Greater Sydney,1,New South Wales,AUS,Australia,11.6713
121031409,Pymble,0,No change,12103,Ku-ring-gai,121,Sydney - North Sydney and Hornsby,1GSYD,Greater Sydney,1,New South Wales,AUS,Australia,10.2515
121031410,St Ives,0,No change,12103,Ku-ring-gai,121,Sydney - North Sydney and Hornsby,1GSYD,Greater Sydney,1,New South Wales,AUS,Australia,17.7774
121031411,Turramurra,0,No change,12103,Ku-ring-gai,121,Sydney - North Sydney and Hornsby,1GSYD,Greater Sydney,1,New South Wales,AUS,Australia,20.6426
121031412,Wahroonga (East) - Warrawee,0,No change,12103,Ku-ring-gai,121,Sydney - North Sydney and Hornsby,1GSYD,Greater Sydney,1,New South Wales,AUS,Australia,13.327
121031753,Lindfield,1,New,12103,Ku-ring-gai,121,Sydney - North Sydney and Hornsby,1GSYD,Greater Sydney,1,New South Wales,AUS,Australia,7.2337
121031754,Roseville,1,New,12103,Ku-ring-gai,121,Sydney - North Sydney and Hornsby,1GSYD,Greater Sydney,1,New South Wales,AUS,Australia,4.6428
121041413,Cremorne - Cammeray,0,No change,12104,North Sydney - Mosman,121,Sydney - North Sydney and Hornsby,1GSYD,Greater Sydney,1,New South Wales,AUS,Australia,3.238
121041414,Crows Nest - Waverton,0,No change,12104,North Sydney - Mosman,121,Sydney - North Sydney and Hornsby,1GSYD,Greater Sydney,1,New South Wales,AUS,Australia,2.9668
121041416,Neutral Bay - Kirribilli,0,No change,12104,North Sydney - Mosman,121,Sydney - North Sydney and Hornsby,1GSYD,Greater Sydney,1,New South Wales,AUS,Australia,2.2116
121041417,North Sydney - Lavender Bay,0,No change,12104,North Sydney - Mosman,121,Sydney - North Sydney and Hornsby,1GSYD,Greater Sydney,1,New South Wales,AUS,Australia,1.9141
121041688,Mosman - North,0,No change,12104,North Sydney - Mosman,121,Sydney - North Sydney and Hornsby,1GSYD,Greater Sydney,1,New South Wales,AUS,Australia,3.2831
121041689,Mosman - South,0,No change,12104,North Sydney - Mosman,121,Sydney - North Sydney and Hornsby,1GSYD,Greater Sydney,1,New South Wales,AUS,Australia,5.3672
122011418,Balgowlah - Clontarf - Seaforth,0,No change,12201,Manly,122,Sydney - Northern Beaches,1GSYD,Greater Sydney,1,New South Wales,AUS,Australia,7.6104
122011419,Manly - Fairlight,0,No change,12201,Manly,122,Sydney - Northern Beaches,1GSYD,Greater Sydney,1,New South Wales,AUS,Australia,6.7351
122021420,Avalon - Palm Beach,0,No change,12202,Pittwater,122,Sydney - Northern Beaches,1GSYD,Greater Sydney,1,New South Wales,AUS,Australia,8.6057
122021421,Bayview - Elanora Heights,0,No change,12202,Pittwater,122,Sydney - Northern Beaches,1GSYD,Greater Sydney,1,New South Wales,AUS,Australia,64.583
122021422,Newport - Bilgola,0,No change,12202,Pittwater,122,Sydney - Northern Beaches,1GSYD,Greater Sydney,1,New South Wales,AUS,Australia,5.798
122021690,Mona Vale - Warriewood (North),0,No change,12202,Pittwater,122,Sydney - Northern Beaches,1GSYD,Greater Sydney,1,New South Wales,AUS,Australia,6.4617
122021691,North Narrabeen - Warriewood (South),0,No change,12202,Pittwater,122,Sydney - Northern Beaches,1GSYD,Greater Sydney,1,New South Wales,AUS,Australia,5.201
122031424,Beacon Hill - Narraweena,0,No change,12203,Warringah,122,Sydney - Northern Beaches,1GSYD,Greater Sydney,1,New South Wales,AUS,Australia,4.3406
122031425,Cromer,0,No change,12203,Warringah,122,Sydney - Northern Beaches,1GSYD,Greater Sydney,1,New South Wales,AUS,Australia,7.4915
122031427,Forestville - Killarney Heights,0,No change,12203,Warringah,122,Sydney - Northern Beaches,1GSYD,Greater Sydney,1,New South Wales,AUS,Australia,8.9311
122031429,Freshwater - Brookvale,0,No change,12203,Warringah,122,Sydney - Northern Beaches,1GSYD,Greater Sydney,1,New South Wales,AUS,Australia,7.1838
122031430,Manly Vale - Allambie Heights,0,No change,12203,Warringah,122,Sydney - Northern Beaches,1GSYD,Greater Sydney,1,New South Wales,AUS,Australia,9.3541
122031432,Terrey Hills - Duffys Forest,0,No change,12203,Warringah,122,Sydney - Northern Beaches,1GSYD,Greater Sydney,1,New South Wales,AUS,Australia,70.5438
122031692,Belrose,0,No change,12203,Warringah,122,Sydney - Northern Beaches,1GSYD,Greater Sydney,1,New South Wales,AUS,Australia,13.4385
122031693,Collaroy - Collaroy Plateau,0,No change,12203,Warringah,122,Sydney - Northern Beaches,1GSYD,Greater Sydney,1,New South Wales,AUS,Australia,4.1295
122031694,Dee Why (South) - North Curl Curl,0,No change,12203,Warringah,122,Sydney - Northern Beaches,1GSYD,Greater Sydney,1,New South Wales,AUS,Australia,1.9915
122031695,Dee Why - North,0,No change,12203,Warringah,122,Sydney - Northern Beaches,1GSYD,Greater Sydney,1,New South Wales,AUS,Australia,2.0816
122031696,Frenchs Forest - Oxford Falls,0,No change,12203,Warringah,122,Sydney - Northern Beaches,1GSYD,Greater Sydney,1,New South Wales,AUS,Australia,16.6937
122031697,Narrabeen - Wheeler Heights,0,No change,12203,Warringah,122,Sydney - Northern Beaches,1GSYD,Greater Sydney,1,New South Wales,AUS,Australia,3.0327
123011433,Camden - Ellis Lane,0,No change,12301,Camden,123,Sydney - Outer South West,1GSYD,Greater Sydney,1,New South Wales,AUS,Australia,26.1934
123011698,Currans Hill,0,No change,12301,Camden,123,Sydney - Outer South West,1GSYD,Greater Sydney,1,New South Wales,AUS,Australia,7.0704
123011699,Elderslie - Narellan,0,No change,12301,Camden,123,Sydney - Outer South West,1GSYD,Greater Sydney,1,New South Wales,AUS,Australia,15.3086
123011700,Harrington Park,0,No change,12301,Camden,123,Sydney - Outer South West,1GSYD,Greater Sydney,1,New South Wales,AUS,Australia,6.2329
123011701,Mount Annan,0,No change,12301,Camden,123,Sydney - Outer South West,1GSYD,Greater Sydney,1,New South Wales,AUS,Australia,13.2045
123011702,Spring Farm,0,No change,12301,Camden,123,Sydney - Outer South West,1GSYD,Greater Sydney,1,New South Wales,AUS,Australia,5.8595
123021436,Bradbury - Wedderburn,0,No change,12302,Campbelltown (NSW),123,Sydney - Outer South West,1GSYD,Greater Sydney,1,New South Wales,AUS,Australia,36.6552
123021437,Campbelltown - Woodbine,0,No change,12302,Campbelltown (NSW),123,Sydney - Outer South West,1GSYD,Greater Sydney,1,New South Wales,AUS,Australia,13.7477
123021438,Claymore - Eagle Vale - Raby,0,No change,12302,Campbelltown (NSW),123,Sydney - Outer South West,1GSYD,Greater Sydney,1,New South Wales,AUS,Australia,22.9252
123021439,Holsworthy Military Area,0,No change,12302,Campbelltown (NSW),123,Sydney - Outer South West,1GSYD,Greater Sydney,1,New South Wales,AUS,Australia,129.823
123021441,Leumeah - Minto Heights,0,No change,12302,Campbelltown (NSW),123,Sydney - Outer South West,1GSYD,Greater Sydney,1,New South Wales,AUS,Australia,23.6461
123021443,Minto - St Andrews,0,No change,12302,Campbelltown (NSW),123,Sydney - Outer South West,1GSYD,Greater Sydney,1,New South Wales,AUS,Australia,12.4133
123021703,Denham Court - Bardia,0,No change,12302,Campbelltown (NSW),123,Sydney - Outer South West,1GSYD,Greater Sydney,1,New South Wales,AUS,Australia,15.5854
123021704,Glenfield,0,No change,12302,Campbelltown (NSW),123,Sydney - Outer South West,1GSYD,Greater Sydney,1,New South Wales,AUS,Australia,6.9946
123021705,Ingleburn,0,No change,12302,Campbelltown (NSW),123,Sydney - Outer South West,1GSYD,Greater Sydney,1,New South Wales,AUS,Australia,14.1156
123021706,Macquarie Fields,0,No change,12302,Campbelltown (NSW),123,Sydney - Outer South West,1GSYD,Greater Sydney,1,New South Wales,AUS,Australia,9.0236
123021755,Menangle Park - Gilead,1,New,12302,Campbelltown (NSW),123,Sydney - Outer South West,1GSYD,Greater Sydney,1,New South Wales,AUS,Australia,39.5956
123021756,Rosemeadow - Ambarvale,1,New,12302,Campbelltown (NSW),123,Sydney - Outer South West,1GSYD,Greater Sydney,1,New South Wales,AUS,Australia,8.487
123031445,Bargo,0,No change,12303,Wollondilly,123,Sydney - Outer South West,1GSYD,Greater Sydney,1,New South Wales,AUS,Australia,67.7705
123031446,Douglas Park - Appin,0,No change,12303,Wollondilly,123,Sydney - Outer South West,1GSYD,Greater Sydney,1,New South Wales,AUS,Australia,289.9462
123031447,Picton - Tahmoor - Buxton,0,No change,12303,Wollondilly,123,Sydney - Outer South West,1GSYD,Greater Sydney,1,New South Wales,AUS,Australia,189.9085
123031448,The Oaks - Oakdale,0,No change,12303,Wollondilly,123,Sydney - Outer South West,1GSYD,Greater Sydney,1,New South Wales,AUS,Australia,322.7353
124011449,Blackheath - Megalong Valley,0,No change,12401,Blue Mountains,124,Sydney - Outer West and Blue Mountains,1GSYD,Greater Sydney,1,New South Wales,AUS,Australia,139.2166
124011450,Blaxland - Warrimoo - Lapstone,0,No change,12401,Blue Mountains,124,Sydney - Outer West and Blue Mountains,1GSYD,Greater Sydney,1,New South Wales,AUS,Australia,29.6935
124011451,Blue Mountains - North,0,No change,12401,Blue Mountains,124,Sydney - Outer West and Blue Mountains,1GSYD,Greater Sydney,1,New South Wales,AUS,Australia,595.0366
124011452,Katoomba - Leura,0,No change,12401,Blue Mountains,124,Sydney - Outer West and Blue Mountains,1GSYD,Greater Sydney,1,New South Wales,AUS,Australia,40.8734
124011453,Lawson - Hazelbrook - Linden,0,No change,12401,Blue Mountains,124,Sydney - Outer West and Blue Mountains,1GSYD,Greater Sydney,1,New South Wales,AUS,Australia,46.8873
124011454,Springwood - Winmalee,0,No change,12401,Blue Mountains,124,Sydney - Outer West and Blue Mountains,1GSYD,Greater Sydney,1,New South Wales,AUS,Australia,69.6647
124011455,Wentworth Falls,0,No change,12401,Blue Mountains,124,Sydney - Outer West and Blue Mountains,1GSYD,Greater Sydney,1,New South Wales,AUS,Australia,21.0358
124021456,Blue Mountains - South,0,No change,12402,Blue Mountains - South,124,Sydney - Outer West and Blue Mountains,1GSYD,Greater Sydney,1,New South Wales,AUS,Australia,2456.9093
124031457,Cambridge Park,0,No change,12403,Penrith,124,Sydney - Outer West and Blue Mountains,1GSYD,Greater Sydney,1,New South Wales,AUS,Australia,6.5871
124031459,Emu Plains - Leonay,0,No change,12403,Penrith,124,Sydney - Outer West and Blue Mountains,1GSYD,Greater Sydney,1,New South Wales,AUS,Australia,13.794
124031460,Glenmore Park - Regentville,0,No change,12403,Penrith,124,Sydney - Outer West and Blue Mountains,1GSYD,Greater Sydney,1,New South Wales,AUS,Australia,9.233
124031461,Jamisontown - South Penrith,0,No change,12403,Penrith,124,Sydney - Outer West and Blue Mountains,1GSYD,Greater Sydney,1,New South Wales,AUS,Australia,9.0181
124031463,Mulgoa - Luddenham - Orchard Hills,0,No change,12403,Penrith,124,Sydney - Outer West and Blue Mountains,1GSYD,Greater Sydney,1,New South Wales,AUS,Australia,158.6777
124031464,Penrith,0,No change,12403,Penrith,124,Sydney - Outer West and Blue Mountains,1GSYD,Greater Sydney,1,New South Wales,AUS,Australia,10.3945
124031465,Warragamba - Silverdale,0,No change,12403,Penrith,124,Sydney - Outer West and Blue Mountains,1GSYD,Greater Sydney,1,New South Wales,AUS,Australia,63.6142
124031707,Cranebrook - Castlereagh,0,No change,12403,Penrith,124,Sydney - Outer West and Blue Mountains,1GSYD,Greater Sydney,1,New South Wales,AUS,Australia,48.9014
124031708,Jordan Springs - Llandilo,0,No change,12403,Penrith,124,Sydney - Outer West and Blue Mountains,1GSYD,Greater Sydney,1,New South Wales,AUS,Australia,22.616
124031757,Kingswood - Caddens,1,New,12403,Penrith,124,Sydney - Outer West and Blue Mountains,1GSYD,Greater Sydney,1,New South Wales,AUS,Australia,6.4765
124031758,Werrington - Claremont Meadows,1,New,12403,Penrith,124,Sydney - Outer West and Blue Mountains,1GSYD,Greater Sydney,1,New South Wales,AUS,Australia,7.5465
124041466,Richmond - Clarendon,0,No change,12404,Richmond - Windsor,124,Sydney - Outer West and Blue Mountains,1GSYD,Greater Sydney,1,New South Wales,AUS,Australia,74.6728
124041467,Windsor - Bligh Park,0,No change,12404,Richmond - Windsor,124,Sydney - Outer West and Blue Mountains,1GSYD,Greater Sydney,1,New South Wales,AUS,Australia,22.73
124041468,Yarramundi - Londonderry,0,No change,12404,Richmond - Windsor,124,Sydney - Outer West and Blue Mountains,1GSYD,Greater Sydney,1,New South Wales,AUS,Australia,81.4359
124051469,Erskine Park,0,No change,12405,St Marys,124,Sydney - Outer West and Blue Mountains,1GSYD,Greater Sydney,1,New South Wales,AUS,Australia,8.3944
124051470,St Clair,0,No change,12405,St Marys,124,Sydney - Outer West and Blue Mountains,1GSYD,Greater Sydney,1,New South Wales,AUS,Australia,7.2035
124051580,Colyton - Oxley Park,0,No change,12405,St Marys,124,Sydney - Outer West and Blue Mountains,1GSYD,Greater Sydney,1,New South Wales,AUS,Australia,4.6521
124051581,St Marys - North St Marys,0,No change,12405,St Marys,124,Sydney - Outer West and Blue Mountains,1GSYD,Greater Sydney,1,New South Wales,AUS,Australia,12.8646
125011475,Rookwood Cemetery,0,No change,12501,Auburn,125,Sydney - Parramatta,1GSYD,Greater Sydney,1,New South Wales,AUS,Australia,3.015
125011582,Auburn - Central,0,No change,12501,Auburn,125,Sydney - Parramatta,1GSYD,Greater Sydney,1,New South Wales,AUS,Australia,3.7326
125011583,Auburn - North,0,No change,12501,Auburn,125,Sydney - Parramatta,1GSYD,Greater Sydney,1,New South Wales,AUS,Australia,2.0966
125011584,Auburn - South,0,No change,12501,Auburn,125,Sydney - Parramatta,1GSYD,Greater Sydney,1,New South Wales,AUS,Australia,2.4313
125011585,Berala,0,No change,12501,Auburn,125,Sydney - Parramatta,1GSYD,Greater Sydney,1,New South Wales,AUS,Australia,2.0865
125011586,Lidcombe,0,No change,12501,Auburn,125,Sydney - Parramatta,1GSYD,Greater Sydney,1,New South Wales,AUS,Australia,6.4037
125011587,Regents Park,0,No change,12501,Auburn,125,Sydney - Parramatta,1GSYD,Greater Sydney,1,New South Wales,AUS,Australia,2.0325
125011709,Silverwater - Newington,0,No change,12501,Auburn,125,Sydney - Parramatta,1GSYD,Greater Sydney,1,New South Wales,AUS,Australia,3.934
125011759,Sydney Olympic Park,1,New,12501,Auburn,125,Sydney - Parramatta,1GSYD,Greater Sydney,1,New South Wales,AUS,Australia,6.6272
125011760,Wentworth Point,1,New,12501,Auburn,125,Sydney - Parramatta,1GSYD,Greater Sydney,1,New South Wales,AUS,Australia,0.7008
125021478,Oatlands - Dundas Valley,0,No change,12502,Carlingford,125,Sydney - Parramatta,1GSYD,Greater Sydney,1,New South Wales,AUS,Australia,6.0763
125021711,Carlingford - East,0,No change,12502,Carlingford,125,Sydney - Parramatta,1GSYD,Greater Sydney,1,New South Wales,AUS,Australia,3.7288
125021712,Carlingford - West,0,No change,12502,Carlingford,125,Sydney - Parramatta,1GSYD,Greater Sydney,1,New South Wales,AUS,Australia,6.0171
125021761,Ermington - Melrose Park (West),1,New,12502,Carlingford,125,Sydney - Parramatta,1GSYD,Greater Sydney,1,New South Wales,AUS,Australia,4.6106
125021762,Rydalmere - Dundas,1,New,12502,Carlingford,125,Sydney - Parramatta,1GSYD,Greater Sydney,1,New South Wales,AUS,Australia,5.2549
125031479,Chester Hill - Sefton,0,No change,12503,Merrylands - Guildford,125,Sydney - Parramatta,1GSYD,Greater Sydney,1,New South Wales,AUS,Australia,7.2676
125031480,Fairfield - East,0,No change,12503,Merrylands - Guildford,125,Sydney - Parramatta,1GSYD,Greater Sydney,1,New South Wales,AUS,Australia,5.7115
125031483,Guildford - South Granville,0,No change,12503,Merrylands - Guildford,125,Sydney - Parramatta,1GSYD,Greater Sydney,1,New South Wales,AUS,Australia,6.7962
125031484,Guildford West - Merrylands West,0,No change,12503,Merrylands - Guildford,125,Sydney - Parramatta,1GSYD,Greater Sydney,1,New South Wales,AUS,Australia,5.4654
125031486,Smithfield Industrial,0,No change,12503,Merrylands - Guildford,125,Sydney - Parramatta,1GSYD,Greater Sydney,1,New South Wales,AUS,Australia,4.3017
125031487,Yennora Industrial,0,No change,12503,Merrylands - Guildford,125,Sydney - Parramatta,1GSYD,Greater Sydney,1,New South Wales,AUS,Australia,2.0787
125031713,Greystanes - South,0,No change,12503,Merrylands - Guildford,125,Sydney - Parramatta,1GSYD,Greater Sydney,1,New South Wales,AUS,Australia,5.6504
125031715,Pemulwuy - Greystanes (North),0,No change,12503,Merrylands - Guildford,125,Sydney - Parramatta,1GSYD,Greater Sydney,1,New South Wales,AUS,Australia,7.3982
125031716,South Wentworthville,0,No change,12503,Merrylands - Guildford,125,Sydney - Parramatta,1GSYD,Greater Sydney,1,New South Wales,AUS,Australia,1.7661
125031763,Granville (NSW),1,New,12503,Merrylands - Guildford,125,Sydney - Parramatta,1GSYD,Greater Sydney,1,New South Wales,AUS,Australia,3.9485
125031764,Merrylands - East,1,New,12503,Merrylands - Guildford,125,Sydney - Parramatta,1GSYD,Greater Sydney,1,New South Wales,AUS,Australia,1.6601
125031765,Merrylands - South,1,New,12503,Merrylands - Guildford,125,Sydney - Parramatta,1GSYD,Greater Sydney,1,New South Wales,AUS,Australia,1.7465
125031766,Merrylands (North) - Holroyd,1,New,12503,Merrylands - Guildford,125,Sydney - Parramatta,1GSYD,Greater Sydney,1,New South Wales,AUS,Australia,3.2061
125041489,North Parramatta,0,No change,12504,Parramatta,125,Sydney - Parramatta,1GSYD,Greater Sydney,1,New South Wales,AUS,Australia,7.0608
125041490,North Rocks,0,No change,12504,Parramatta,125,Sydney - Parramatta,1GSYD,Greater Sydney,1,New South Wales,AUS,Australia,5.3762
125041491,Northmead,0,No change,12504,Parramatta,125,Sydney - Parramatta,1GSYD,Greater Sydney,1,New South Wales,AUS,Australia,5.9331
125041493,Toongabbie - Constitution Hill,0,No change,12504,Parramatta,125,Sydney - Parramatta,1GSYD,Greater Sydney,1,New South Wales,AUS,Australia,7.4795
125041494,Winston Hills,0,No change,12504,Parramatta,125,Sydney - Parramatta,1GSYD,Greater Sydney,1,New South Wales,AUS,Australia,4.3479
125041588,Pendle Hill - Girraween,0,No change,12504,Parramatta,125,Sydney - Parramatta,1GSYD,Greater Sydney,1,New South Wales,AUS,Australia,4.4615
125041717,Parramatta - North,0,No change,12504,Parramatta,125,Sydney - Parramatta,1GSYD,Greater Sydney,1,New South Wales,AUS,Australia,2.2343
125041718,Parramatta - South,0,No change,12504,Parramatta,125,Sydney - Parramatta,1GSYD,Greater Sydney,1,New South Wales,AUS,Australia,1.3881
125041719,Rosehill - Harris Park,0,No change,12504,Parramatta,125,Sydney - Parramatta,1GSYD,Greater Sydney,1,New South Wales,AUS,Australia,4.8739
125041767,Wentworthville,1,New,12504,Parramatta,125,Sydney - Parramatta,1GSYD,Greater Sydney,1,New South Wales,AUS,Australia,2.1871
125041768,Westmead - Mays Hill,1,New,12504,Parramatta,125,Sydney - Parramatta,1GSYD,Greater Sydney,1,New South Wales,AUS,Australia,1.7483
126011496,Pennant Hills - Cheltenham,0,No change,12601,Pennant Hills - Epping,126,Sydney - Ryde,1GSYD,Greater Sydney,1,New South Wales,AUS,Australia,13.2936
126011720,Epping (East) - North Epping,0,No change,12601,Pennant Hills - Epping,126,Sydney - Ryde,1GSYD,Greater Sydney,1,New South Wales,AUS,Australia,4.3923
126011721,Epping (NSW) - West,0,No change,12601,Pennant Hills - Epping,126,Sydney - Ryde,1GSYD,Greater Sydney,1,New South Wales,AUS,Australia,4.4886
126021498,Gladesville - Huntleys Point,0,No change,12602,Ryde - Hunters Hill,126,Sydney - Ryde,1GSYD,Greater Sydney,1,New South Wales,AUS,Australia,4.7162
126021499,Hunters Hill - Woolwich,0,No change,12602,Ryde - Hunters Hill,126,Sydney - Ryde,1GSYD,Greater Sydney,1,New South Wales,AUS,Australia,4.1512
126021501,North Ryde - East Ryde,0,No change,12602,Ryde - Hunters Hill,126,Sydney - Ryde,1GSYD,Greater Sydney,1,New South Wales,AUS,Australia,6.2231
126021503,West Ryde - Meadowbank,0,No change,12602,Ryde - Hunters Hill,126,Sydney - Ryde,1GSYD,Greater Sydney,1,New South Wales,AUS,Australia,4.7923
126021590,Putney,0,No change,12602,Ryde - Hunters Hill,126,Sydney - Ryde,1GSYD,Greater Sydney,1,New South Wales,AUS,Australia,1.5194
126021722,Denistone,0,No change,12602,Ryde - Hunters Hill,126,Sydney - Ryde,1GSYD,Greater Sydney,1,New South Wales,AUS,Australia,2.5272
126021723,Eastwood,0,No change,12602,Ryde - Hunters Hill,126,Sydney - Ryde,1GSYD,Greater Sydney,1,New South Wales,AUS,Australia,5.293
126021724,Ryde - North,0,No change,12602,Ryde - Hunters Hill,126,Sydney - Ryde,1GSYD,Greater Sydney,1,New South Wales,AUS,Australia,5.7098
126021725,Ryde - South,0,No change,12602,Ryde - Hunters Hill,126,Sydney - Ryde,1GSYD,Greater Sydney,1,New South Wales,AUS,Australia,1.5584
126021769,Macquarie Park,1,New,12602,Ryde - Hunters Hill,126,Sydney - Ryde,1GSYD,Greater Sydney,1,New South Wales,AUS,Australia,6.6284
126021770,Marsfield,1,New,12602,Ryde - Hunters Hill,126,Sydney - Ryde,1GSYD,Greater Sydney,1,New South Wales,AUS,Australia,4.0433
127011504,Ashcroft - Busby - Miller,0,No change,12701,Bringelly - Green Valley,127,Sydney - South West,1GSYD,Greater Sydney,1,New South Wales,AUS,Australia,5.463
127011592,Badgerys Creek,0,No change,12701,Bringelly - Green Valley,127,Sydney - South West,1GSYD,Greater Sydney,1,New South Wales,AUS,Australia,17.5773
127011593,Cecil Hills,0,No change,12701,Bringelly - Green Valley,127,Sydney - South West,1GSYD,Greater Sydney,1,New South Wales,AUS,Australia,3.7478
127011594,Green Valley,0,No change,12701,Bringelly - Green Valley,127,Sydney - South West,1GSYD,Greater Sydney,1,New South Wales,AUS,Australia,3.2145
127011595,Hinchinbrook,0,No change,12701,Bringelly - Green Valley,127,Sydney - South West,1GSYD,Greater Sydney,1,New South Wales,AUS,Australia,5.225
127011596,Hoxton Park - Carnes Hill - Horningsea Park,0,No change,12701,Bringelly - Green Valley,127,Sydney - South West,1GSYD,Greater Sydney,1,New South Wales,AUS,Australia,4.1265
127011597,West Hoxton - Middleton Grange,0,No change,12701,Bringelly - Green Valley,127,Sydney - South West,1GSYD,Greater Sydney,1,New South Wales,AUS,Australia,9.2627
127011726,Cobbitty - Bringelly,0,No change,12701,Bringelly - Green Valley,127,Sydney - South West,1GSYD,Greater Sydney,1,New South Wales,AUS,Australia,73.8659
127011727,Gledswood Hills - Gregory Hills,0,No change,12701,Bringelly - Green Valley,127,Sydney - South West,1GSYD,Greater Sydney,1,New South Wales,AUS,Australia,8.723
127011771,Austral - East,1,New,12701,Bringelly - Green Valley,127,Sydney - South West,1GSYD,Greater Sydney,1,New South Wales,AUS,Australia,5.6395
127011772,Austral - North,1,New,12701,Bringelly - Green Valley,127,Sydney - South West,1GSYD,Greater Sydney,1,New South Wales,AUS,Australia,14.2994
127011773,Austral - West,1,New,12701,Bringelly - Green Valley,127,Sydney - South West,1GSYD,Greater Sydney,1,New South Wales,AUS,Australia,5.1512
127011774,Bradfield - Rossmore,1,New,12701,Bringelly - Green Valley,127,Sydney - South West,1GSYD,Greater Sydney,1,New South Wales,AUS,Australia,85.6242
127011775,Leppington - Catherine Field,1,New,12701,Bringelly - Green Valley,127,Sydney - South West,1GSYD,Greater Sydney,1,New South Wales,AUS,Australia,33.775
127011776,Leppington - South,1,New,12701,Bringelly - Green Valley,127,Sydney - South West,1GSYD,Greater Sydney,1,New South Wales,AUS,Australia,2.5802
127011777,Oran Park - North,1,New,12701,Bringelly - Green Valley,127,Sydney - South West,1GSYD,Greater Sydney,1,New South Wales,AUS,Australia,9.3097
127011778,Oran Park - South,1,New,12701,Bringelly - Green Valley,127,Sydney - South West,1GSYD,Greater Sydney,1,New South Wales,AUS,Australia,3.9379
127021509,Bonnyrigg Heights - Bonnyrigg,0,No change,12702,Fairfield,127,Sydney - South West,1GSYD,Greater Sydney,1,New South Wales,AUS,Australia,5.1887
127021510,Bossley Park - Abbotsbury,0,No change,12702,Fairfield,127,Sydney - South West,1GSYD,Greater Sydney,1,New South Wales,AUS,Australia,9.5146
127021511,Cabramatta - Lansvale,0,No change,12702,Fairfield,127,Sydney - South West,1GSYD,Greater Sydney,1,New South Wales,AUS,Australia,7.5964
127021512,Cabramatta West - Mount Pritchard,0,No change,12702,Fairfield,127,Sydney - South West,1GSYD,Greater Sydney,1,New South Wales,AUS,Australia,5.3429
127021513,Canley Vale - Canley Heights,0,No change,12702,Fairfield,127,Sydney - South West,1GSYD,Greater Sydney,1,New South Wales,AUS,Australia,5.4161
127021514,Edensor Park,0,No change,12702,Fairfield,127,Sydney - South West,1GSYD,Greater Sydney,1,New South Wales,AUS,Australia,3.0955
127021515,Fairfield,0,No change,12702,Fairfield,127,Sydney - South West,1GSYD,Greater Sydney,1,New South Wales,AUS,Australia,4.2304
127021516,Fairfield - West,0,No change,12702,Fairfield,127,Sydney - South West,1GSYD,Greater Sydney,1,New South Wales,AUS,Australia,4.6915
127021517,Greenfield Park - Prairiewood,0,No change,12702,Fairfield,127,Sydney - South West,1GSYD,Greater Sydney,1,New South Wales,AUS,Australia,3.6367
127021518,Horsley Park - Kemps Creek,0,No change,12702,Fairfield,127,Sydney - South West,1GSYD,Greater Sydney,1,New South Wales,AUS,Australia,56.2773
127021519,Smithfield - Wetherill Park,0,No change,12702,Fairfield,127,Sydney - South West,1GSYD,Greater Sydney,1,New South Wales,AUS,Australia,6.6123
127021520,St Johns Park - Wakeley,0,No change,12702,Fairfield,127,Sydney - South West,1GSYD,Greater Sydney,1,New South Wales,AUS,Australia,3.6111
127021521,Wetherill Park Industrial,0,No change,12702,Fairfield,127,Sydney - South West,1GSYD,Greater Sydney,1,New South Wales,AUS,Australia,8.5567
127031522,Casula,0,No change,12703,Liverpool,127,Sydney - South West,1GSYD,Greater Sydney,1,New South Wales,AUS,Australia,7.072
127031523,Chipping Norton - Moorebank,0,No change,12703,Liverpool,127,Sydney - South West,1GSYD,Greater Sydney,1,New South Wales,AUS,Australia,14.4901
127031524,Holsworthy - Wattle Grove,0,No change,12703,Liverpool,127,Sydney - South West,1GSYD,Greater Sydney,1,New South Wales,AUS,Australia,73.7001
127031599,Lurnea - Cartwright,0,No change,12703,Liverpool,127,Sydney - South West,1GSYD,Greater Sydney,1,New South Wales,AUS,Australia,3.4665
127031601,Warwick Farm,0,No change,12703,Liverpool,127,Sydney - South West,1GSYD,Greater Sydney,1,New South Wales,AUS,Australia,4.6501
127031730,Edmondson Park,0,No change,12703,Liverpool,127,Sydney - South West,1GSYD,Greater Sydney,1,New South Wales,AUS,Australia,6.0564
127031731,Liverpool - East,0,No change,12703,Liverpool,127,Sydney - South West,1GSYD,Greater Sydney,1,New South Wales,AUS,Australia,2.2599
127031732,Liverpool - West,0,No change,12703,Liverpool,127,Sydney - South West,1GSYD,Greater Sydney,1,New South Wales,AUS,Australia,4.0583
127031733,Prestons,0,No change,12703,Liverpool,127,Sydney - South West,1GSYD,Greater Sydney,1,New South Wales,AUS,Australia,9.2311
128011529,Gymea - Grays Point,0,No change,12801,Cronulla - Miranda - Caringbah,128,Sydney - Sutherland,1GSYD,Greater Sydney,1,New South Wales,AUS,Australia,5.7978
128011530,Miranda - Yowie Bay,0,No change,12801,Cronulla - Miranda - Caringbah,128,Sydney - Sutherland,1GSYD,Greater Sydney,1,New South Wales,AUS,Australia,5.9967
128011531,Sylvania - Taren Point,0,No change,12801,Cronulla - Miranda - Caringbah,128,Sydney - Sutherland,1GSYD,Greater Sydney,1,New South Wales,AUS,Australia,6.0595
128011602,Caringbah,0,No change,12801,Cronulla - Miranda - Caringbah,128,Sydney - Sutherland,1GSYD,Greater Sydney,1,New South Wales,AUS,Australia,3.9959
128011603,Caringbah South,0,No change,12801,Cronulla - Miranda - Caringbah,128,Sydney - Sutherland,1GSYD,Greater Sydney,1,New South Wales,AUS,Australia,4.0699
128011604,Cronulla - Kurnell - Bundeena,0,No change,12801,Cronulla - Miranda - Caringbah,128,Sydney - Sutherland,1GSYD,Greater Sydney,1,New South Wales,AUS,Australia,25.0864
128011605,Lilli Pilli - Port Hacking - Dolans Bay,0,No change,12801,Cronulla - Miranda - Caringbah,128,Sydney - Sutherland,1GSYD,Greater Sydney,1,New South Wales,AUS,Australia,1.2706
128011606,Woolooware - Burraneer,0,No change,12801,Cronulla - Miranda - Caringbah,128,Sydney - Sutherland,1GSYD,Greater Sydney,1,New South Wales,AUS,Australia,3.3282
128021533,Heathcote - Waterfall,0,No change,12802,Sutherland - Menai - Heathcote,128,Sydney - Sutherland,1GSYD,Greater Sydney,1,New South Wales,AUS,Australia,27.6162
128021534,Illawong - Alfords Point,0,No change,12802,Sutherland - Menai - Heathcote,128,Sydney - Sutherland,1GSYD,Greater Sydney,1,New South Wales,AUS,Australia,7.2978
128021535,Menai - Lucas Heights - Woronora,0,No change,12802,Sutherland - Menai - Heathcote,128,Sydney - Sutherland,1GSYD,Greater Sydney,1,New South Wales,AUS,Australia,33.4046
128021536,Oyster Bay - Como - Jannali,0,No change,12802,Sutherland - Menai - Heathcote,128,Sydney - Sutherland,1GSYD,Greater Sydney,1,New South Wales,AUS,Australia,8.9053
128021537,Royal National Park,0,No change,12802,Sutherland - Menai - Heathcote,128,Sydney - Sutherland,1GSYD,Greater Sydney,1,New South Wales,AUS,Australia,139.3336
128021607,Engadine,0,No change,12802,Sutherland - Menai - Heathcote,128,Sydney - Sutherland,1GSYD,Greater Sydney,1,New South Wales,AUS,Australia,8.9538
128021608,Loftus - Yarrawarrah,0,No change,12802,Sutherland - Menai - Heathcote,128,Sydney - Sutherland,1GSYD,Greater Sydney,1,New South Wales,AUS,Australia,3.8436
128021609,Woronora Heights,0,No change,12802,Sutherland - Menai - Heathcote,128,Sydney - Sutherland,1GSYD,Greater Sydney,1,New South Wales,AUS,Australia,3.1374
128021779,Kirrawee,1,New,12802,Sutherland - Menai - Heathcote,128,Sydney - Sutherland,1GSYD,Greater Sydney,1,New South Wales,AUS,Australia,3.5205
128021780,Sutherland,1,New,12802,Sutherland - Menai - Heathcote,128,Sydney - Sutherland,1GSYD,Greater Sydney,1,New South Wales,AUS,Australia,4.2345
197979799,Migratory - Offshore - Shipping (NSW),0,No change,19797,Migratory - Offshore - Shipping (NSW),197,Migratory - Offshore - Shipping (NSW),19799,Migratory - Offshore - Shipping (NSW),1,New South Wales,AUS,Australia,
199999499,No usual address (NSW),0,No change,19999,No usual address (NSW),199,No usual address (NSW),19499,No usual address (NSW),1,New South Wales,AUS,Australia,
201011001,Alfredton,0,No change,20101,Ballarat,201,Ballarat,2RVIC,Rest of Vic,2,Victoria,AUS,Australia,52.7111
201011002,Ballarat,0,No change,20101,Ballarat,201,Ballarat,2RVIC,Rest of Vic,2,Victoria,AUS,Australia,12.3787
201011005,Buninyong,0,No change,20101,Ballarat,201,Ballarat,2RVIC,Rest of Vic,2,Victoria,AUS,Australia,51.5855
201011006,Delacombe,0,No change,20101,Ballarat,201,Ballarat,2RVIC,Rest of Vic,2,Victoria,AUS,Australia,34.1605
201011007,Smythes Creek,0,No change,20101,Ballarat,201,Ballarat,2RVIC,Rest of Vic,2,Victoria,AUS,Australia,104.7274
201011008,Wendouree - Miners Rest,0,No change,20101,Ballarat,201,Ballarat,2RVIC,Rest of Vic,2,Victoria,AUS,Australia,67.5736
201011481,Ballarat East - Warrenheip,0,No change,20101,Ballarat,201,Ballarat,2RVIC,Rest of Vic,2,Victoria,AUS,Australia,19.2159
201011482,Ballarat North - Invermay,0,No change,20101,Ballarat,201,Ballarat,2RVIC,Rest of Vic,2,Victoria,AUS,Australia,73.142
201011483,Canadian - Mount Clear,0,No change,20101,Ballarat,201,Ballarat,2RVIC,Rest of Vic,2,Victoria,AUS,Australia,22.2728
201011484,Sebastopol - Redan,0,No change,20101,Ballarat,201,Ballarat,2RVIC,Rest of Vic,2,Victoria,AUS,Australia,10.5813
201021009,Bacchus Marsh Surrounds,0,No change,20102,Creswick - Daylesford - Ballan,201,Ballarat,2RVIC,Rest of Vic,2,Victoria,AUS,Australia,1038.8122
201021010,Creswick - Clunes,0,No change,20102,Creswick - Daylesford - Ballan,201,Ballarat,2RVIC,Rest of Vic,2,Victoria,AUS,Australia,856.7891
201021011,Daylesford,0,No change,20102,Creswick - Daylesford - Ballan,201,Ballarat,2RVIC,Rest of Vic,2,Victoria,AUS,Australia,920.7579
201021012,Gordon (Vic),3,Name change,20102,Creswick - Daylesford - Ballan,201,Ballarat,2RVIC,Rest of Vic,2,Victoria,AUS,Australia,850.3138
201031013,Avoca,0,No change,20103,Maryborough - Pyrenees,201,Ballarat,2RVIC,Rest of Vic,2,Victoria,AUS,Australia,1714.2397
201031014,Beaufort,0,No change,20103,Maryborough - Pyrenees,201,Ballarat,2RVIC,Rest of Vic,2,Victoria,AUS,Australia,1863.043
201031015,Golden Plains - North,0,No change,20103,Maryborough - Pyrenees,201,Ballarat,2RVIC,Rest of Vic,2,Victoria,AUS,Australia,922.0814
201031016,Maryborough (Vic),3,Name change,20103,Maryborough - Pyrenees,201,Ballarat,2RVIC,Rest of Vic,2,Victoria,AUS,Australia,45.5379
201031017,Maryborough Surrounds,0,No change,20103,Maryborough - Pyrenees,201,Ballarat,2RVIC,Rest of Vic,2,Victoria,AUS,Australia,1627.5521
202011018,Bendigo,0,No change,20201,Bendigo,202,Bendigo,2RVIC,Rest of Vic,2,Victoria,AUS,Australia,16.0796
202011019,California Gully - Eaglehawk,0,No change,20201,Bendigo,202,Bendigo,2RVIC,Rest of Vic,2,Victoria,AUS,Australia,32.9308
202011020,East Bendigo - Kennington,0,No change,20201,Bendigo,202,Bendigo,2RVIC,Rest of Vic,2,Victoria,AUS,Australia,17.1489
202011021,Flora Hill - Spring Gully,0,No change,20201,Bendigo,202,Bendigo,2RVIC,Rest of Vic,2,Victoria,AUS,Australia,13.2029
202011022,Kangaroo Flat - Golden Square,0,No change,20201,Bendigo,202,Bendigo,2RVIC,Rest of Vic,2,Victoria,AUS,Australia,40.9147
202011023,Maiden Gully,0,No change,20201,Bendigo,202,Bendigo,2RVIC,Rest of Vic,2,Victoria,AUS,Australia,42.9757
202011024,Strathfieldsaye,0,No change,20201,Bendigo,202,Bendigo,2RVIC,Rest of Vic,2,Victoria,AUS,Australia,56.4142
202011025,White Hills - Ascot,0,No change,20201,Bendigo,202,Bendigo,2RVIC,Rest of Vic,2,Victoria,AUS,Australia,67.7768
202021026,Bendigo Surrounds - South,0,No change,20202,Heathcote - Castlemaine - Kyneton,202,Bendigo,2RVIC,Rest of Vic,2,Victoria,AUS,Australia,796.8536
202021027,Castlemaine,0,No change,20202,Heathcote - Castlemaine - Kyneton,202,Bendigo,2RVIC,Rest of Vic,2,Victoria,AUS,Australia,83.9291
202021028,Castlemaine Surrounds,0,No change,20202,Heathcote - Castlemaine - Kyneton,202,Bendigo,2RVIC,Rest of Vic,2,Victoria,AUS,Australia,1514.9805
202021029,Heathcote,0,No change,20202,Heathcote - Castlemaine - Kyneton,202,Bendigo,2RVIC,Rest of Vic,2,Victoria,AUS,Australia,756.8175
202021030,Kyneton,0,No change,20202,Heathcote - Castlemaine - Kyneton,202,Bendigo,2RVIC,Rest of Vic,2,Victoria,AUS,Australia,556.4897
202021031,Woodend,0,No change,20202,Heathcote - Castlemaine - Kyneton,202,Bendigo,2RVIC,Rest of Vic,2,Victoria,AUS,Australia,211.8678
202031032,Bendigo Surrounds - North,0,No change,20203,Loddon - Elmore,202,Bendigo,2RVIC,Rest of Vic,2,Victoria,AUS,Australia,1440.2176
202031033,Loddon,0,No change,20203,Loddon - Elmore,202,Bendigo,2RVIC,Rest of Vic,2,Victoria,AUS,Australia,6193.3066
203011034,Bannockburn,0,No change,20301,Barwon - West,203,Geelong,2RVIC,Rest of Vic,2,Victoria,AUS,Australia,192.052
203011035,Golden Plains - South,0,No change,20301,Barwon - West,203,Geelong,2RVIC,Rest of Vic,2,Victoria,AUS,Australia,1484.5294
203011036,Winchelsea,0,No change,20301,Barwon - West,203,Geelong,2RVIC,Rest of Vic,2,Victoria,AUS,Australia,903.2574
203021037,Belmont,0,No change,20302,Geelong,203,Geelong,2RVIC,Rest of Vic,2,Victoria,AUS,Australia,9.3677
203021039,Geelong,0,No change,20302,Geelong,203,Geelong,2RVIC,Rest of Vic,2,Victoria,AUS,Australia,12.8171
203021040,Geelong West - Hamlyn Heights,0,No change,20302,Geelong,203,Geelong,2RVIC,Rest of Vic,2,Victoria,AUS,Australia,32.0375
203021042,Highton,0,No change,20302,Geelong,203,Geelong,2RVIC,Rest of Vic,2,Victoria,AUS,Australia,40.587
203021043,Lara,0,No change,20302,Geelong,203,Geelong,2RVIC,Rest of Vic,2,Victoria,AUS,Australia,588.6285
203021044,Leopold,0,No change,20302,Geelong,203,Geelong,2RVIC,Rest of Vic,2,Victoria,AUS,Australia,27.9287
203021045,Newcomb - Moolap,0,No change,20302,Geelong,203,Geelong,2RVIC,Rest of Vic,2,Victoria,AUS,Australia,43.2941
203021046,Newtown (Vic),3,Name change,20302,Geelong,203,Geelong,2RVIC,Rest of Vic,2,Victoria,AUS,Australia,5.8078
203021047,North Geelong - Bell Park,0,No change,20302,Geelong,203,Geelong,2RVIC,Rest of Vic,2,Victoria,AUS,Australia,21.9362
203021485,Charlemont,0,No change,20302,Geelong,203,Geelong,2RVIC,Rest of Vic,2,Victoria,AUS,Australia,18.1166
203021486,Corio - Lovely Banks,0,No change,20302,Geelong,203,Geelong,2RVIC,Rest of Vic,2,Victoria,AUS,Australia,74.3239
203021488,Norlane,0,No change,20302,Geelong,203,Geelong,2RVIC,Rest of Vic,2,Victoria,AUS,Australia,6.4625
203021595,Grovedale - Waurn Ponds,1,New,20302,Geelong,203,Geelong,2RVIC,Rest of Vic,2,Victoria,AUS,Australia,16.11
203021596,Mount Duneed,1,New,20302,Geelong,203,Geelong,2RVIC,Rest of Vic,2,Victoria,AUS,Australia,21.478
203031048,Clifton Springs,0,No change,20303,Surf Coast - Bellarine Peninsula,203,Geelong,2RVIC,Rest of Vic,2,Victoria,AUS,Australia,65.1496
203031049,Lorne - Anglesea,0,No change,20303,Surf Coast - Bellarine Peninsula,203,Geelong,2RVIC,Rest of Vic,2,Victoria,AUS,Australia,447.9915
203031051,Portarlington,0,No change,20303,Surf Coast - Bellarine Peninsula,203,Geelong,2RVIC,Rest of Vic,2,Victoria,AUS,Australia,71.8556
203031052,Point Lonsdale - Queenscliff,0,No change,20303,Surf Coast - Bellarine Peninsula,203,Geelong,2RVIC,Rest of Vic,2,Victoria,AUS,Australia,61.6734
203031489,Barwon Heads - Armstrong Creek,0,No change,20303,Surf Coast - Bellarine Peninsula,203,Geelong,2RVIC,Rest of Vic,2,Victoria,AUS,Australia,88.2112
203031490,Ocean Grove,0,No change,20303,Surf Coast - Bellarine Peninsula,203,Geelong,2RVIC,Rest of Vic,2,Victoria,AUS,Australia,68.7681
203031597,Torquay - North,1,New,20303,Surf Coast - Bellarine Peninsula,203,Geelong,2RVIC,Rest of Vic,2,Victoria,AUS,Australia,48.2928
203031598,Torquay - South,1,New,20303,Surf Coast - Bellarine Peninsula,203,Geelong,2RVIC,Rest of Vic,2,Victoria,AUS,Australia,78.0268
204011054,Alexandra,0,No change,20401,Upper Goulburn Valley,204,Hume,2RVIC,Rest of Vic,2,Victoria,AUS,Australia,2118.9555
204011055,Euroa,0,No change,20401,Upper Goulburn Valley,204,Hume,2RVIC,Rest of Vic,2,Victoria,AUS,Australia,2057.9046
204011056,Kilmore - Broadford,0,No change,20401,Upper Goulburn Valley,204,Hume,2RVIC,Rest of Vic,2,Victoria,AUS,Australia,461.5234
204011057,Mansfield (Vic),3,Name change,20401,Upper Goulburn Valley,204,Hume,2RVIC,Rest of Vic,2,Victoria,AUS,Australia,3927.8774
204011058,Nagambie,0,No change,20401,Upper Goulburn Valley,204,Hume,2RVIC,Rest of Vic,2,Victoria,AUS,Australia,1294.3498
204011059,Seymour,0,No change,20401,Upper Goulburn Valley,204,Hume,2RVIC,Rest of Vic,2,Victoria,AUS,Australia,79.3085
204011060,Seymour Surrounds,0,No change,20401,Upper Goulburn Valley,204,Hume,2RVIC,Rest of Vic,2,Victoria,AUS,Australia,1688.8307
204011061,Upper Yarra Valley,0,No change,20401,Upper Goulburn Valley,204,Hume,2RVIC,Rest of Vic,2,Victoria,AUS,Australia,856.2714
204011062,Yea,0,No change,20401,Upper Goulburn Valley,204,Hume,2RVIC,Rest of Vic,2,Victoria,AUS,Australia,1474.2972
204021063,Benalla,0,No change,20402,Wangaratta - Benalla,204,Hume,2RVIC,Rest of Vic,2,Victoria,AUS,Australia,315.3043
204021064,Benalla Surrounds,0,No change,20402,Wangaratta - Benalla,204,Hume,2RVIC,Rest of Vic,2,Victoria,AUS,Australia,2105.3238
204021065,Rutherglen,0,No change,20402,Wangaratta - Benalla,204,Hume,2RVIC,Rest of Vic,2,Victoria,AUS,Australia,479.8352
204021066,Wangaratta,0,No change,20402,Wangaratta - Benalla,204,Hume,2RVIC,Rest of Vic,2,Victoria,AUS,Australia,57.5836
204021067,Wangaratta Surrounds,0,No change,20402,Wangaratta - Benalla,204,Hume,2RVIC,Rest of Vic,2,Victoria,AUS,Australia,3587.526
204031068,Beechworth,0,No change,20403,Wodonga - Alpine,204,Hume,2RVIC,Rest of Vic,2,Victoria,AUS,Australia,371.3306
204031069,Bright - Mount Beauty,0,No change,20403,Wodonga - Alpine,204,Hume,2RVIC,Rest of Vic,2,Victoria,AUS,Australia,4253.654
204031070,Chiltern - Indigo Valley,0,No change,20403,Wodonga - Alpine,204,Hume,2RVIC,Rest of Vic,2,Victoria,AUS,Australia,513.0896
204031071,Myrtleford,0,No change,20403,Wodonga - Alpine,204,Hume,2RVIC,Rest of Vic,2,Victoria,AUS,Australia,553.3639
204031072,Towong,0,No change,20403,Wodonga - Alpine,204,Hume,2RVIC,Rest of Vic,2,Victoria,AUS,Australia,6668.9469
204031073,West Wodonga,0,No change,20403,Wodonga - Alpine,204,Hume,2RVIC,Rest of Vic,2,Victoria,AUS,Australia,153.8801
204031075,Yackandandah,0,No change,20403,Wodonga - Alpine,204,Hume,2RVIC,Rest of Vic,2,Victoria,AUS,Australia,708.198
204031491,Baranduda - Leneva,0,No change,20403,Wodonga - Alpine,204,Hume,2RVIC,Rest of Vic,2,Victoria,AUS,Australia,248.8097
204031492,Wodonga,0,No change,20403,Wodonga - Alpine,204,Hume,2RVIC,Rest of Vic,2,Victoria,AUS,Australia,30.3131
205011076,Drouin,0,No change,20501,Baw Baw,205,Latrobe - Gippsland,2RVIC,Rest of Vic,2,Victoria,AUS,Australia,326.806
205011077,Mount Baw Baw Region,0,No change,20501,Baw Baw,205,Latrobe - Gippsland,2RVIC,Rest of Vic,2,Victoria,AUS,Australia,2753.3275
205011078,Trafalgar (Vic),3,Name change,20501,Baw Baw,205,Latrobe - Gippsland,2RVIC,Rest of Vic,2,Victoria,AUS,Australia,501.529
205011599,Warragul - North,1,New,20501,Baw Baw,205,Latrobe - Gippsland,2RVIC,Rest of Vic,2,Victoria,AUS,Australia,113.5145
205011600,Warragul - South,1,New,20501,Baw Baw,205,Latrobe - Gippsland,2RVIC,Rest of Vic,2,Victoria,AUS,Australia,238.6644
205021080,Alps - East,0,No change,20502,Gippsland - East,205,Latrobe - Gippsland,2RVIC,Rest of Vic,2,Victoria,AUS,Australia,2071.2835
205021081,Bairnsdale,0,No change,20502,Gippsland - East,205,Latrobe - Gippsland,2RVIC,Rest of Vic,2,Victoria,AUS,Australia,155.0081
205021082,Bruthen - Omeo,0,No change,20502,Gippsland - East,205,Latrobe - Gippsland,2RVIC,Rest of Vic,2,Victoria,AUS,Australia,7377.4205
205021083,Lake King,0,No change,20502,Gippsland - East,205,Latrobe - Gippsland,2RVIC,Rest of Vic,2,Victoria,AUS,Australia,93.8744
205021084,Lakes Entrance,0,No change,20502,Gippsland - East,205,Latrobe - Gippsland,2RVIC,Rest of Vic,2,Victoria,AUS,Australia,214.0352
205021085,Orbost,0,No change,20502,Gippsland - East,205,Latrobe - Gippsland,2RVIC,Rest of Vic,2,Victoria,AUS,Australia,11383.7
205021086,Paynesville,0,No change,20502,Gippsland - East,205,Latrobe - Gippsland,2RVIC,Rest of Vic,2,Victoria,AUS,Australia,417.8856
205031087,Foster,0,No change,20503,Gippsland - South West,205,Latrobe - Gippsland,2RVIC,Rest of Vic,2,Victoria,AUS,Australia,1498.8468
205031088,French Island,0,No change,20503,Gippsland - South West,205,Latrobe - Gippsland,2RVIC,Rest of Vic,2,Victoria,AUS,Australia,170.2291
205031089,Korumburra,0,No change,20503,Gippsland - South West,205,Latrobe - Gippsland,2RVIC,Rest of Vic,2,Victoria,AUS,Australia,600.6913
205031090,Leongatha,0,No change,20503,Gippsland - South West,205,Latrobe - Gippsland,2RVIC,Rest of Vic,2,Victoria,AUS,Australia,801.0086
205031091,Phillip Island,0,No change,20503,Gippsland - South West,205,Latrobe - Gippsland,2RVIC,Rest of Vic,2,Victoria,AUS,Australia,100.573
205031092,Wilsons Promontory,0,No change,20503,Gippsland - South West,205,Latrobe - Gippsland,2RVIC,Rest of Vic,2,Victoria,AUS,Australia,481.5078
205031601,Inverloch - Cape Paterson,1,New,20503,Gippsland - South West,205,Latrobe - Gippsland,2RVIC,Rest of Vic,2,Victoria,AUS,Australia,152.8376
205031602,Wonthaggi,1,New,20503,Gippsland - South West,205,Latrobe - Gippsland,2RVIC,Rest of Vic,2,Victoria,AUS,Australia,83.5314
205031603,Wonthaggi Surrounds,1,New,20503,Gippsland - South West,205,Latrobe - Gippsland,2RVIC,Rest of Vic,2,Victoria,AUS,Australia,492.3936
205041094,Churchill,0,No change,20504,Latrobe Valley,205,Latrobe - Gippsland,2RVIC,Rest of Vic,2,Victoria,AUS,Australia,796.523
205041095,Moe - Newborough,0,No change,20504,Latrobe Valley,205,Latrobe - Gippsland,2RVIC,Rest of Vic,2,Victoria,AUS,Australia,105.2836
205041096,Morwell,0,No change,20504,Latrobe Valley,205,Latrobe - Gippsland,2RVIC,Rest of Vic,2,Victoria,AUS,Australia,85.4861
205041098,Yallourn North - Glengarry,0,No change,20504,Latrobe Valley,205,Latrobe - Gippsland,2RVIC,Rest of Vic,2,Victoria,AUS,Australia,342.7019
205041493,Traralgon - East,0,No change,20504,Latrobe Valley,205,Latrobe - Gippsland,2RVIC,Rest of Vic,2,Victoria,AUS,Australia,108.3299
205041494,Traralgon - West,0,No change,20504,Latrobe Valley,205,Latrobe - Gippsland,2RVIC,Rest of Vic,2,Victoria,AUS,Australia,41.3428
205051099,Alps - West,0,No change,20505,Wellington,205,Latrobe - Gippsland,2RVIC,Rest of Vic,2,Victoria,AUS,Australia,2955.6801
205051100,Longford - Loch Sport,0,No change,20505,Wellington,205,Latrobe - Gippsland,2RVIC,Rest of Vic,2,Victoria,AUS,Australia,1610.8492
205051101,Maffra,0,No change,20505,Wellington,205,Latrobe - Gippsland,2RVIC,Rest of Vic,2,Victoria,AUS,Australia,2532.3197
205051102,Rosedale,0,No change,20505,Wellington,205,Latrobe - Gippsland,2RVIC,Rest of Vic,2,Victoria,AUS,Australia,968.4598
205051103,Sale,0,No change,20505,Wellington,205,Latrobe - Gippsland,2RVIC,Rest of Vic,2,Victoria,AUS,Australia,45.6023
205051104,Yarram,0,No change,20505,Wellington,205,Latrobe - Gippsland,2RVIC,Rest of Vic,2,Victoria,AUS,Australia,1931.8628
206011106,Brunswick East,0,No change,20601,Brunswick - Coburg,206,Melbourne - Inner,2GMEL,Greater Melbourne,2,Victoria,AUS,Australia,2.1682
206011107,Brunswick West,0,No change,20601,Brunswick - Coburg,206,Melbourne - Inner,2GMEL,Greater Melbourne,2,Victoria,AUS,Australia,3.1795
206011109,Pascoe Vale South,0,No change,20601,Brunswick - Coburg,206,Melbourne - Inner,2GMEL,Greater Melbourne,2,Victoria,AUS,Australia,2.9887
206011495,Brunswick - North,0,No change,20601,Brunswick - Coburg,206,Melbourne - Inner,2GMEL,Greater Melbourne,2,Victoria,AUS,Australia,2.4091
206011496,Brunswick - South,0,No change,20601,Brunswick - Coburg,206,Melbourne - Inner,2GMEL,Greater Melbourne,2,Victoria,AUS,Australia,2.7336
206011497,Coburg - East,0,No change,20601,Brunswick - Coburg,206,Melbourne - Inner,2GMEL,Greater Melbourne,2,Victoria,AUS,Australia,3.7468
206011498,Coburg - West,0,No change,20601,Brunswick - Coburg,206,Melbourne - Inner,2GMEL,Greater Melbourne,2,Victoria,AUS,Australia,3.1876
206021110,Alphington - Fairfield,0,No change,20602,Darebin - South,206,Melbourne - Inner,2GMEL,Greater Melbourne,2,Victoria,AUS,Australia,2.8853
206021112,Thornbury,0,No change,20602,Darebin - South,206,Melbourne - Inner,2GMEL,Greater Melbourne,2,Victoria,AUS,Australia,4.9972
206021499,Northcote - East,0,No change,20602,Darebin - South,206,Melbourne - Inner,2GMEL,Greater Melbourne,2,Victoria,AUS,Australia,3.5134
206021500,Northcote - West,0,No change,20602,Darebin - South,206,Melbourne - Inner,2GMEL,Greater Melbourne,2,Victoria,AUS,Australia,2.6316
206031113,Ascot Vale,0,No change,20603,Essendon,206,Melbourne - Inner,2GMEL,Greater Melbourne,2,Victoria,AUS,Australia,3.8361
206031115,Flemington,0,No change,20603,Essendon,206,Melbourne - Inner,2GMEL,Greater Melbourne,2,Victoria,AUS,Australia,1.5808
206031116,Moonee Ponds,0,No change,20603,Essendon,206,Melbourne - Inner,2GMEL,Greater Melbourne,2,Victoria,AUS,Australia,4.3552
206031501,Essendon (West) - Aberfeldie,0,No change,20603,Essendon,206,Melbourne - Inner,2GMEL,Greater Melbourne,2,Victoria,AUS,Australia,4.8886
206031502,Essendon - East,0,No change,20603,Essendon,206,Melbourne - Inner,2GMEL,Greater Melbourne,2,Victoria,AUS,Australia,3.5543
206041117,Carlton,0,No change,20604,Melbourne City,206,Melbourne - Inner,2GMEL,Greater Melbourne,2,Victoria,AUS,Australia,1.8187
206041118,Docklands,0,No change,20604,Melbourne City,206,Melbourne - Inner,2GMEL,Greater Melbourne,2,Victoria,AUS,Australia,2.4438
206041119,East Melbourne,0,No change,20604,Melbourne City,206,Melbourne - Inner,2GMEL,Greater Melbourne,2,Victoria,AUS,Australia,2.8998
206041120,Flemington Racecourse,0,No change,20604,Melbourne City,206,Melbourne - Inner,2GMEL,Greater Melbourne,2,Victoria,AUS,Australia,1.7093
206041121,Kensington (Vic),3,Name change,20604,Melbourne City,206,Melbourne - Inner,2GMEL,Greater Melbourne,2,Victoria,AUS,Australia,2.147
206041124,Parkville,0,No change,20604,Melbourne City,206,Melbourne - Inner,2GMEL,Greater Melbourne,2,Victoria,AUS,Australia,4.0491
206041125,South Yarra - West,0,No change,20604,Melbourne City,206,Melbourne - Inner,2GMEL,Greater Melbourne,2,Victoria,AUS,Australia,1.5027
206041127,West Melbourne - Industrial,0,No change,20604,Melbourne City,206,Melbourne - Inner,2GMEL,Greater Melbourne,2,Victoria,AUS,Australia,6.1992
206041503,Melbourne CBD - East,0,No change,20604,Melbourne City,206,Melbourne - Inner,2GMEL,Greater Melbourne,2,Victoria,AUS,Australia,0.8017
206041504,Melbourne CBD - North,0,No change,20604,Melbourne City,206,Melbourne - Inner,2GMEL,Greater Melbourne,2,Victoria,AUS,Australia,0.5615
206041505,Melbourne CBD - West,0,No change,20604,Melbourne City,206,Melbourne - Inner,2GMEL,Greater Melbourne,2,Victoria,AUS,Australia,1.0054
206041506,North Melbourne,0,No change,20604,Melbourne City,206,Melbourne - Inner,2GMEL,Greater Melbourne,2,Victoria,AUS,Australia,2.4248
206041507,Royal Botanic Gardens Victoria,0,No change,20604,Melbourne City,206,Melbourne - Inner,2GMEL,Greater Melbourne,2,Victoria,AUS,Australia,1.3511
206041508,Southbank (West) - South Wharf,0,No change,20604,Melbourne City,206,Melbourne - Inner,2GMEL,Greater Melbourne,2,Victoria,AUS,Australia,0.8496
206041509,Southbank - East,0,No change,20604,Melbourne City,206,Melbourne - Inner,2GMEL,Greater Melbourne,2,Victoria,AUS,Australia,0.8041
206041510,West Melbourne - Residential,0,No change,20604,Melbourne City,206,Melbourne - Inner,2GMEL,Greater Melbourne,2,Victoria,AUS,Australia,0.825
206051128,Albert Park,0,No change,20605,Port Phillip,206,Melbourne - Inner,2GMEL,Greater Melbourne,2,Victoria,AUS,Australia,4.6747
206051129,Elwood,0,No change,20605,Port Phillip,206,Melbourne - Inner,2GMEL,Greater Melbourne,2,Victoria,AUS,Australia,2.553
206051130,Port Melbourne,0,No change,20605,Port Phillip,206,Melbourne - Inner,2GMEL,Greater Melbourne,2,Victoria,AUS,Australia,2.7894
206051134,St Kilda East,0,No change,20605,Port Phillip,206,Melbourne - Inner,2GMEL,Greater Melbourne,2,Victoria,AUS,Australia,2.4135
206051511,Port Melbourne Industrial,0,No change,20605,Port Phillip,206,Melbourne - Inner,2GMEL,Greater Melbourne,2,Victoria,AUS,Australia,7.6427
206051512,South Melbourne,0,No change,20605,Port Phillip,206,Melbourne - Inner,2GMEL,Greater Melbourne,2,Victoria,AUS,Australia,1.8897
206051513,St Kilda - Central,0,No change,20605,Port Phillip,206,Melbourne - Inner,2GMEL,Greater Melbourne,2,Victoria,AUS,Australia,1.5375
206051514,St Kilda - West,0,No change,20605,Port Phillip,206,Melbourne - Inner,2GMEL,Greater Melbourne,2,Victoria,AUS,Australia,2.3637
206061135,Armadale,0,No change,20606,Stonnington - West,206,Melbourne - Inner,2GMEL,Greater Melbourne,2,Victoria,AUS,Australia,2.1835
206061136,Prahran - Windsor,0,No change,20606,Stonnington - West,206,Melbourne - Inner,2GMEL,Greater Melbourne,2,Victoria,AUS,Australia,2.9051
206061138,Toorak,0,No change,20606,Stonnington - West,206,Melbourne - Inner,2GMEL,Greater Melbourne,2,Victoria,AUS,Australia,4.3233
206061515,South Yarra - North,0,No change,20606,Stonnington - West,206,Melbourne - Inner,2GMEL,Greater Melbourne,2,Victoria,AUS,Australia,1.1696
206061516,South Yarra - South,0,No change,20606,Stonnington - West,206,Melbourne - Inner,2GMEL,Greater Melbourne,2,Victoria,AUS,Australia,1.3475
206071139,Abbotsford,0,No change,20607,Yarra,206,Melbourne - Inner,2GMEL,Greater Melbourne,2,Victoria,AUS,Australia,1.7406
206071140,Carlton North - Princes Hill,0,No change,20607,Yarra,206,Melbourne - Inner,2GMEL,Greater Melbourne,2,Victoria,AUS,Australia,2.3042
206071141,Collingwood,0,No change,20607,Yarra,206,Melbourne - Inner,2GMEL,Greater Melbourne,2,Victoria,AUS,Australia,1.2669
206071142,Fitzroy,0,No change,20607,Yarra,206,Melbourne - Inner,2GMEL,Greater Melbourne,2,Victoria,AUS,Australia,1.3779
206071143,Fitzroy North,0,No change,20607,Yarra,206,Melbourne - Inner,2GMEL,Greater Melbourne,2,Victoria,AUS,Australia,2.5051
206071145,Clifton Hill - Alphington,0,No change,20607,Yarra,206,Melbourne - Inner,2GMEL,Greater Melbourne,2,Victoria,AUS,Australia,5.2089
206071517,Richmond (South) - Cremorne,0,No change,20607,Yarra,206,Melbourne - Inner,2GMEL,Greater Melbourne,2,Victoria,AUS,Australia,4.2891
206071518,Richmond - North,0,No change,20607,Yarra,206,Melbourne - Inner,2GMEL,Greater Melbourne,2,Victoria,AUS,Australia,1.9232
207011146,Ashburton (Vic),3,Name change,20701,Boroondara,207,Melbourne - Inner East,2GMEL,Greater Melbourne,2,Victoria,AUS,Australia,2.8366
207011147,Balwyn,0,No change,20701,Boroondara,207,Melbourne - Inner East,2GMEL,Greater Melbourne,2,Victoria,AUS,Australia,5.585
207011148,Balwyn North,0,No change,20701,Boroondara,207,Melbourne - Inner East,2GMEL,Greater Melbourne,2,Victoria,AUS,Australia,8.8492
207011149,Camberwell,0,No change,20701,Boroondara,207,Melbourne - Inner East,2GMEL,Greater Melbourne,2,Victoria,AUS,Australia,7.2919
207011150,Glen Iris - East,0,No change,20701,Boroondara,207,Melbourne - Inner East,2GMEL,Greater Melbourne,2,Victoria,AUS,Australia,5.7049
207011152,Hawthorn East,0,No change,20701,Boroondara,207,Melbourne - Inner East,2GMEL,Greater Melbourne,2,Victoria,AUS,Australia,3.8242
207011154,Kew East,0,No change,20701,Boroondara,207,Melbourne - Inner East,2GMEL,Greater Melbourne,2,Victoria,AUS,Australia,4.0154
207011155,Surrey Hills (West) - Canterbury,0,No change,20701,Boroondara,207,Melbourne - Inner East,2GMEL,Greater Melbourne,2,Victoria,AUS,Australia,5.7026
207011519,Hawthorn - North,0,No change,20701,Boroondara,207,Melbourne - Inner East,2GMEL,Greater Melbourne,2,Victoria,AUS,Australia,2.4558
207011520,Hawthorn - South,0,No change,20701,Boroondara,207,Melbourne - Inner East,2GMEL,Greater Melbourne,2,Victoria,AUS,Australia,3.2163
207011521,Kew - South,0,No change,20701,Boroondara,207,Melbourne - Inner East,2GMEL,Greater Melbourne,2,Victoria,AUS,Australia,4.3235
207011522,Kew - West,0,No change,20701,Boroondara,207,Melbourne - Inner East,2GMEL,Greater Melbourne,2,Victoria,AUS,Australia,6.2106
207021156,Bulleen,0,No change,20702,Manningham - West,207,Melbourne - Inner East,2GMEL,Greater Melbourne,2,Victoria,AUS,Australia,6.6711
207021159,Templestowe,0,No change,20702,Manningham - West,207,Melbourne - Inner East,2GMEL,Greater Melbourne,2,Victoria,AUS,Australia,16.1176
207021160,Templestowe Lower,0,No change,20702,Manningham - West,207,Melbourne - Inner East,2GMEL,Greater Melbourne,2,Victoria,AUS,Australia,5.9386
207021424,Doncaster East - North,0,No change,20702,Manningham - West,207,Melbourne - Inner East,2GMEL,Greater Melbourne,2,Victoria,AUS,Australia,6.403
207021425,Doncaster East - South,0,No change,20702,Manningham - West,207,Melbourne - Inner East,2GMEL,Greater Melbourne,2,Victoria,AUS,Australia,4.7684
207021604,Doncaster - East,1,New,20702,Manningham - West,207,Melbourne - Inner East,2GMEL,Greater Melbourne,2,Victoria,AUS,Australia,4.3573
207021605,Doncaster - West,1,New,20702,Manningham - West,207,Melbourne - Inner East,2GMEL,Greater Melbourne,2,Victoria,AUS,Australia,4.4165
207031161,Blackburn,0,No change,20703,Whitehorse - West,207,Melbourne - Inner East,2GMEL,Greater Melbourne,2,Victoria,AUS,Australia,8.6076
207031162,Blackburn South,0,No change,20703,Whitehorse - West,207,Melbourne - Inner East,2GMEL,Greater Melbourne,2,Victoria,AUS,Australia,3.5966
207031164,Box Hill North,0,No change,20703,Whitehorse - West,207,Melbourne - Inner East,2GMEL,Greater Melbourne,2,Victoria,AUS,Australia,6.2087
207031165,Burwood (Vic),3,Name change,20703,Whitehorse - West,207,Melbourne - Inner East,2GMEL,Greater Melbourne,2,Victoria,AUS,Australia,5.0392
207031166,Burwood East,0,No change,20703,Whitehorse - West,207,Melbourne - Inner East,2GMEL,Greater Melbourne,2,Victoria,AUS,Australia,4.2629
207031167,Surrey Hills (East) - Mont Albert,0,No change,20703,Whitehorse - West,207,Melbourne - Inner East,2GMEL,Greater Melbourne,2,Victoria,AUS,Australia,3.3279
207031606,Box Hill,1,New,20703,Whitehorse - West,207,Melbourne - Inner East,2GMEL,Greater Melbourne,2,Victoria,AUS,Australia,3.5218
207031607,Box Hill South,1,New,20703,Whitehorse - West,207,Melbourne - Inner East,2GMEL,Greater Melbourne,2,Victoria,AUS,Australia,3.4903
208011168,Beaumaris,0,No change,20801,Bayside,208,Melbourne - Inner South,2GMEL,Greater Melbourne,2,Victoria,AUS,Australia,5.9678
208011169,Brighton (Vic),3,Name change,20801,Bayside,208,Melbourne - Inner South,2GMEL,Greater Melbourne,2,Victoria,AUS,Australia,8.2004
208011170,Brighton East,0,No change,20801,Bayside,208,Melbourne - Inner South,2GMEL,Greater Melbourne,2,Victoria,AUS,Australia,5.6083
208011171,Highett (West) - Cheltenham (West),3,Name change,20801,Bayside,208,Melbourne - Inner South,2GMEL,Greater Melbourne,2,Victoria,AUS,Australia,5.3198
208011172,Hampton,0,No change,20801,Bayside,208,Melbourne - Inner South,2GMEL,Greater Melbourne,2,Victoria,AUS,Australia,5.6847
208011173,Sandringham - Black Rock,0,No change,20801,Bayside,208,Melbourne - Inner South,2GMEL,Greater Melbourne,2,Victoria,AUS,Australia,6.4301
208021176,Carnegie,0,No change,20802,Glen Eira,208,Melbourne - Inner South,2GMEL,Greater Melbourne,2,Victoria,AUS,Australia,3.8045
208021178,Caulfield - South,0,No change,20802,Glen Eira,208,Melbourne - Inner South,2GMEL,Greater Melbourne,2,Victoria,AUS,Australia,4.7426
208021179,Elsternwick,0,No change,20802,Glen Eira,208,Melbourne - Inner South,2GMEL,Greater Melbourne,2,Victoria,AUS,Australia,2.8616
208021180,Hughesdale,0,No change,20802,Glen Eira,208,Melbourne - Inner South,2GMEL,Greater Melbourne,2,Victoria,AUS,Australia,2.0096
208021181,Murrumbeena,0,No change,20802,Glen Eira,208,Melbourne - Inner South,2GMEL,Greater Melbourne,2,Victoria,AUS,Australia,2.5148
208021182,Ormond - Glen Huntly,0,No change,20802,Glen Eira,208,Melbourne - Inner South,2GMEL,Greater Melbourne,2,Victoria,AUS,Australia,2.9371
208021426,Bentleigh East - North,0,No change,20802,Glen Eira,208,Melbourne - Inner South,2GMEL,Greater Melbourne,2,Victoria,AUS,Australia,4.5989
208021427,Bentleigh East - South,0,No change,20802,Glen Eira,208,Melbourne - Inner South,2GMEL,Greater Melbourne,2,Victoria,AUS,Australia,4.5882
208021608,Bentleigh - South,1,New,20802,Glen Eira,208,Melbourne - Inner South,2GMEL,Greater Melbourne,2,Victoria,AUS,Australia,3.3294
208021609,Bentleigh (North) - McKinnon,1,New,20802,Glen Eira,208,Melbourne - Inner South,2GMEL,Greater Melbourne,2,Victoria,AUS,Australia,2.8948
208021610,Caulfield North - East,1,New,20802,Glen Eira,208,Melbourne - Inner South,2GMEL,Greater Melbourne,2,Victoria,AUS,Australia,2.7884
208021611,Caulfield North - West,1,New,20802,Glen Eira,208,Melbourne - Inner South,2GMEL,Greater Melbourne,2,Victoria,AUS,Australia,3.6305
208031183,Aspendale Gardens - Waterways,0,No change,20803,Kingston,208,Melbourne - Inner South,2GMEL,Greater Melbourne,2,Victoria,AUS,Australia,5.3073
208031184,Braeside,0,No change,20803,Kingston,208,Melbourne - Inner South,2GMEL,Greater Melbourne,2,Victoria,AUS,Australia,9.0819
208031185,Carrum - Patterson Lakes,0,No change,20803,Kingston,208,Melbourne - Inner South,2GMEL,Greater Melbourne,2,Victoria,AUS,Australia,5.8242
208031186,Chelsea - Bonbeach,0,No change,20803,Kingston,208,Melbourne - Inner South,2GMEL,Greater Melbourne,2,Victoria,AUS,Australia,5.4231
208031187,Chelsea Heights,0,No change,20803,Kingston,208,Melbourne - Inner South,2GMEL,Greater Melbourne,2,Victoria,AUS,Australia,3.1958
208031189,Edithvale - Aspendale,0,No change,20803,Kingston,208,Melbourne - Inner South,2GMEL,Greater Melbourne,2,Victoria,AUS,Australia,5.1001
208031190,Mentone,0,No change,20803,Kingston,208,Melbourne - Inner South,2GMEL,Greater Melbourne,2,Victoria,AUS,Australia,4.45
208031191,Moorabbin - Heatherton,0,No change,20803,Kingston,208,Melbourne - Inner South,2GMEL,Greater Melbourne,2,Victoria,AUS,Australia,11.6997
208031192,Moorabbin Airport,0,No change,20803,Kingston,208,Melbourne - Inner South,2GMEL,Greater Melbourne,2,Victoria,AUS,Australia,3.0755
208031193,Mordialloc - Parkdale,0,No change,20803,Kingston,208,Melbourne - Inner South,2GMEL,Greater Melbourne,2,Victoria,AUS,Australia,7.9681
208031612,Cheltenham - East,1,New,20803,Kingston,208,Melbourne - Inner South,2GMEL,Greater Melbourne,2,Victoria,AUS,Australia,5.3415
208031613,Highett (East) - Cheltenham (North),1,New,20803,Kingston,208,Melbourne - Inner South,2GMEL,Greater Melbourne,2,Victoria,AUS,Australia,3.3961
208041194,Malvern - Glen Iris,0,No change,20804,Stonnington - East,208,Melbourne - Inner South,2GMEL,Greater Melbourne,2,Victoria,AUS,Australia,6.1552
208041195,Malvern East,0,No change,20804,Stonnington - East,208,Melbourne - Inner South,2GMEL,Greater Melbourne,2,Victoria,AUS,Australia,7.5666
209011196,Bundoora - East,0,No change,20901,Banyule,209,Melbourne - North East,2GMEL,Greater Melbourne,2,Victoria,AUS,Australia,4.0749
209011197,Greensborough,0,No change,20901,Banyule,209,Melbourne - North East,2GMEL,Greater Melbourne,2,Victoria,AUS,Australia,10.0974
209011198,Heidelberg - Rosanna,0,No change,20901,Banyule,209,Melbourne - North East,2GMEL,Greater Melbourne,2,Victoria,AUS,Australia,6.3717
209011199,Heidelberg West,0,No change,20901,Banyule,209,Melbourne - North East,2GMEL,Greater Melbourne,2,Victoria,AUS,Australia,6.6912
209011200,Ivanhoe,0,No change,20901,Banyule,209,Melbourne - North East,2GMEL,Greater Melbourne,2,Victoria,AUS,Australia,5.0498
209011201,Ivanhoe East - Eaglemont,0,No change,20901,Banyule,209,Melbourne - North East,2GMEL,Greater Melbourne,2,Victoria,AUS,Australia,4.2769
209011202,Montmorency - Briar Hill,0,No change,20901,Banyule,209,Melbourne - North East,2GMEL,Greater Melbourne,2,Victoria,AUS,Australia,12.0278
209011203,Viewbank - Yallambie,0,No change,20901,Banyule,209,Melbourne - North East,2GMEL,Greater Melbourne,2,Victoria,AUS,Australia,10.2379
209011204,Watsonia,0,No change,20901,Banyule,209,Melbourne - North East,2GMEL,Greater Melbourne,2,Victoria,AUS,Australia,3.7857
209021205,Kingsbury,0,No change,20902,Darebin - North,209,Melbourne - North East,2GMEL,Greater Melbourne,2,Victoria,AUS,Australia,9.0094
209021428,Preston - East,0,No change,20902,Darebin - North,209,Melbourne - North East,2GMEL,Greater Melbourne,2,Victoria,AUS,Australia,7.7457
209021429,Preston - West,0,No change,20902,Darebin - North,209,Melbourne - North East,2GMEL,Greater Melbourne,2,Victoria,AUS,Australia,3.5679
209021523,Reservoir - North East,0,No change,20902,Darebin - North,209,Melbourne - North East,2GMEL,Greater Melbourne,2,Victoria,AUS,Australia,4.788
209021524,Reservoir - North West,0,No change,20902,Darebin - North,209,Melbourne - North East,2GMEL,Greater Melbourne,2,Victoria,AUS,Australia,4.5297
209021525,Reservoir - South East,0,No change,20902,Darebin - North,209,Melbourne - North East,2GMEL,Greater Melbourne,2,Victoria,AUS,Australia,4.1783
209021526,Reservoir - South West,0,No change,20902,Darebin - North,209,Melbourne - North East,2GMEL,Greater Melbourne,2,Victoria,AUS,Australia,5.6247
209031209,Eltham,0,No change,20903,Nillumbik - Kinglake,209,Melbourne - North East,2GMEL,Greater Melbourne,2,Victoria,AUS,Australia,19.4882
209031210,Hurstbridge,0,No change,20903,Nillumbik - Kinglake,209,Melbourne - North East,2GMEL,Greater Melbourne,2,Victoria,AUS,Australia,14.8421
209031211,Kinglake,0,No change,20903,Nillumbik - Kinglake,209,Melbourne - North East,2GMEL,Greater Melbourne,2,Victoria,AUS,Australia,319.5264
209031212,Panton Hill - St Andrews,0,No change,20903,Nillumbik - Kinglake,209,Melbourne - North East,2GMEL,Greater Melbourne,2,Victoria,AUS,Australia,292.1978
209031213,Plenty - Yarrambat,0,No change,20903,Nillumbik - Kinglake,209,Melbourne - North East,2GMEL,Greater Melbourne,2,Victoria,AUS,Australia,29.117
209031214,Research - North Warrandyte,0,No change,20903,Nillumbik - Kinglake,209,Melbourne - North East,2GMEL,Greater Melbourne,2,Victoria,AUS,Australia,49.7946
209031215,Wattle Glen - Diamond Creek,0,No change,20903,Nillumbik - Kinglake,209,Melbourne - North East,2GMEL,Greater Melbourne,2,Victoria,AUS,Australia,26.8245
209051614,Beveridge,1,New,20905,Wallan,209,Melbourne - North East,2GMEL,Greater Melbourne,2,Victoria,AUS,Australia,73.4997
209051615,Wallan - East,1,New,20905,Wallan,209,Melbourne - North East,2GMEL,Greater Melbourne,2,Victoria,AUS,Australia,42.9566
209051616,Wallan - West,1,New,20905,Wallan,209,Melbourne - North East,2GMEL,Greater Melbourne,2,Victoria,AUS,Australia,58.0456
209051617,Wandong - Heathcote Junction,1,New,20905,Wallan,209,Melbourne - North East,2GMEL,Greater Melbourne,2,Victoria,AUS,Australia,333.2219
209061618,Doreen - North,2,Code change,20906,Whittlesea - North,209,Melbourne - North East,2GMEL,Greater Melbourne,2,Victoria,AUS,Australia,9.4393
209061619,Doreen - South,2,Code change,20906,Whittlesea - North,209,Melbourne - North East,2GMEL,Greater Melbourne,2,Victoria,AUS,Australia,5.0223
209061620,Mernda - North,2,Code change,20906,Whittlesea - North,209,Melbourne - North East,2GMEL,Greater Melbourne,2,Victoria,AUS,Australia,15.1961
209061621,Mernda - South,2,Code change,20906,Whittlesea - North,209,Melbourne - North East,2GMEL,Greater Melbourne,2,Victoria,AUS,Australia,8.6268
209061622,South Morang - North,2,Code change,20906,Whittlesea - North,209,Melbourne - North East,2GMEL,Greater Melbourne,2,Victoria,AUS,Australia,13.7094
209061623,South Morang - South,2,Code change,20906,Whittlesea - North,209,Melbourne - North East,2GMEL,Greater Melbourne,2,Victoria,AUS,Australia,7.7445
209061624,Whittlesea,2,Code change,20906,Whittlesea - North,209,Melbourne - North East,2GMEL,Greater Melbourne,2,Victoria,AUS,Australia,297.9798
209061625,Wollert - North,1,New,20906,Whittlesea - North,209,Melbourne - North East,2GMEL,Greater Melbourne,2,Victoria,AUS,Australia,40.6868
209061626,Wollert - South East,1,New,20906,Whittlesea - North,209,Melbourne - North East,2GMEL,Greater Melbourne,2,Victoria,AUS,Australia,5.4943
209061627,Wollert - South West,1,New,20906,Whittlesea - North,209,Melbourne - North East,2GMEL,Greater Melbourne,2,Victoria,AUS,Australia,7.7109
209071628,Bundoora - North,2,Code change,20907,Whittlesea - South,209,Melbourne - North East,2GMEL,Greater Melbourne,2,Victoria,AUS,Australia,4.7151
209071629,Bundoora - West,2,Code change,20907,Whittlesea - South,209,Melbourne - North East,2GMEL,Greater Melbourne,2,Victoria,AUS,Australia,2.5601
209071630,Epping - East,2,Code change,20907,Whittlesea - South,209,Melbourne - North East,2GMEL,Greater Melbourne,2,Victoria,AUS,Australia,7.7691
209071631,Epping - South,2,Code change,20907,Whittlesea - South,209,Melbourne - North East,2GMEL,Greater Melbourne,2,Victoria,AUS,Australia,15.8714
209071632,Epping (Vic) - West,2,Code change,20907,Whittlesea - South,209,Melbourne - North East,2GMEL,Greater Melbourne,2,Victoria,AUS,Australia,7.3572
209071633,Lalor - East,2,Code change,20907,Whittlesea - South,209,Melbourne - North East,2GMEL,Greater Melbourne,2,Victoria,AUS,Australia,3.3232
209071634,Lalor - West,2,Code change,20907,Whittlesea - South,209,Melbourne - North East,2GMEL,Greater Melbourne,2,Victoria,AUS,Australia,8.7362
209071635,Mill Park - North,2,Code change,20907,Whittlesea - South,209,Melbourne - North East,2GMEL,Greater Melbourne,2,Victoria,AUS,Australia,8.1362
209071636,Mill Park - South,2,Code change,20907,Whittlesea - South,209,Melbourne - North East,2GMEL,Greater Melbourne,2,Victoria,AUS,Australia,4.9298
209071637,Thomastown,2,Code change,20907,Whittlesea - South,209,Melbourne - North East,2GMEL,Greater Melbourne,2,Victoria,AUS,Australia,14.6852
210011226,Airport West,0,No change,21001,Keilor,210,Melbourne - North West,2GMEL,Greater Melbourne,2,Victoria,AUS,Australia,3.7194
210011227,Essendon Airport,0,No change,21001,Keilor,210,Melbourne - North West,2GMEL,Greater Melbourne,2,Victoria,AUS,Australia,3.3549
210011228,Keilor,0,No change,21001,Keilor,210,Melbourne - North West,2GMEL,Greater Melbourne,2,Victoria,AUS,Australia,17.512
210011230,Niddrie - Essendon West,0,No change,21001,Keilor,210,Melbourne - North West,2GMEL,Greater Melbourne,2,Victoria,AUS,Australia,2.8027
210011231,Strathmore,0,No change,21001,Keilor,210,Melbourne - North West,2GMEL,Greater Melbourne,2,Victoria,AUS,Australia,4.1444
210011533,Avondale Heights,0,No change,21001,Keilor,210,Melbourne - North West,2GMEL,Greater Melbourne,2,Victoria,AUS,Australia,5.4087
210011534,Keilor East,0,No change,21001,Keilor,210,Melbourne - North West,2GMEL,Greater Melbourne,2,Victoria,AUS,Australia,5.4828
210021232,Gisborne,0,No change,21002,Macedon Ranges,210,Melbourne - North West,2GMEL,Greater Melbourne,2,Victoria,AUS,Australia,211.0571
210021233,Macedon,0,No change,21002,Macedon Ranges,210,Melbourne - North West,2GMEL,Greater Melbourne,2,Victoria,AUS,Australia,72.9902
210021234,Riddells Creek,0,No change,21002,Macedon Ranges,210,Melbourne - North West,2GMEL,Greater Melbourne,2,Victoria,AUS,Australia,83.3503
210021235,Romsey,0,No change,21002,Macedon Ranges,210,Melbourne - North West,2GMEL,Greater Melbourne,2,Victoria,AUS,Australia,624.7097
210031236,Coburg North,0,No change,21003,Moreland - North,210,Melbourne - North West,2GMEL,Greater Melbourne,2,Victoria,AUS,Australia,4.8779
210031237,Fawkner,0,No change,21003,Moreland - North,210,Melbourne - North West,2GMEL,Greater Melbourne,2,Victoria,AUS,Australia,5.0848
210031439,Gowanbrae,0,No change,21003,Moreland - North,210,Melbourne - North West,2GMEL,Greater Melbourne,2,Victoria,AUS,Australia,1.5225
210031440,Hadfield,0,No change,21003,Moreland - North,210,Melbourne - North West,2GMEL,Greater Melbourne,2,Victoria,AUS,Australia,3.0502
210031535,Glenroy - East,0,No change,21003,Moreland - North,210,Melbourne - North West,2GMEL,Greater Melbourne,2,Victoria,AUS,Australia,6.2473
210031536,Glenroy - West,0,No change,21003,Moreland - North,210,Melbourne - North West,2GMEL,Greater Melbourne,2,Victoria,AUS,Australia,2.6109
210031537,Oak Park,0,No change,21003,Moreland - North,210,Melbourne - North West,2GMEL,Greater Melbourne,2,Victoria,AUS,Australia,2.3533
210031538,Pascoe Vale,0,No change,21003,Moreland - North,210,Melbourne - North West,2GMEL,Greater Melbourne,2,Victoria,AUS,Australia,4.631
210041240,Sunbury,0,No change,21004,Sunbury,210,Melbourne - North West,2GMEL,Greater Melbourne,2,Victoria,AUS,Australia,129.5486
210041539,Diggers Rest,0,No change,21004,Sunbury,210,Melbourne - North West,2GMEL,Greater Melbourne,2,Victoria,AUS,Australia,51.8922
210041540,Sunbury - South,0,No change,21004,Sunbury,210,Melbourne - North West,2GMEL,Greater Melbourne,2,Victoria,AUS,Australia,41.4495
210041541,Sunbury - West,0,No change,21004,Sunbury,210,Melbourne - North West,2GMEL,Greater Melbourne,2,Victoria,AUS,Australia,37.7941
210051242,Broadmeadows,0,No change,21005,Tullamarine - Broadmeadows,210,Melbourne - North West,2GMEL,Greater Melbourne,2,Victoria,AUS,Australia,8.8268
210051243,Campbellfield - Coolaroo,0,No change,21005,Tullamarine - Broadmeadows,210,Melbourne - North West,2GMEL,Greater Melbourne,2,Victoria,AUS,Australia,18.1867
210051245,Gladstone Park - Westmeadows,0,No change,21005,Tullamarine - Broadmeadows,210,Melbourne - North West,2GMEL,Greater Melbourne,2,Victoria,AUS,Australia,13.936
210051247,Meadow Heights,0,No change,21005,Tullamarine - Broadmeadows,210,Melbourne - North West,2GMEL,Greater Melbourne,2,Victoria,AUS,Australia,4.6252
210051248,Melbourne Airport,0,No change,21005,Tullamarine - Broadmeadows,210,Melbourne - North West,2GMEL,Greater Melbourne,2,Victoria,AUS,Australia,30.3848
210051250,Tullamarine,0,No change,21005,Tullamarine - Broadmeadows,210,Melbourne - North West,2GMEL,Greater Melbourne,2,Victoria,AUS,Australia,3.8595
210051441,Craigieburn - Central,0,No change,21005,Tullamarine - Broadmeadows,210,Melbourne - North West,2GMEL,Greater Melbourne,2,Victoria,AUS,Australia,3.9685
210051442,Craigieburn - North,0,No change,21005,Tullamarine - Broadmeadows,210,Melbourne - North West,2GMEL,Greater Melbourne,2,Victoria,AUS,Australia,13.3514
210051542,Craigieburn - North West,0,No change,21005,Tullamarine - Broadmeadows,210,Melbourne - North West,2GMEL,Greater Melbourne,2,Victoria,AUS,Australia,1.9198
210051543,Craigieburn - West,0,No change,21005,Tullamarine - Broadmeadows,210,Melbourne - North West,2GMEL,Greater Melbourne,2,Victoria,AUS,Australia,4.089
210051544,Roxburgh Park (South) - Somerton,0,No change,21005,Tullamarine - Broadmeadows,210,Melbourne - North West,2GMEL,Greater Melbourne,2,Victoria,AUS,Australia,8.8762
210051545,Roxburgh Park - North,0,No change,21005,Tullamarine - Broadmeadows,210,Melbourne - North West,2GMEL,Greater Melbourne,2,Victoria,AUS,Australia,3.4138
210051638,Craigieburn - South East,1,New,21005,Tullamarine - Broadmeadows,210,Melbourne - North West,2GMEL,Greater Melbourne,2,Victoria,AUS,Australia,7.133
210051639,Craigieburn - South West,1,New,21005,Tullamarine - Broadmeadows,210,Melbourne - North West,2GMEL,Greater Melbourne,2,Victoria,AUS,Australia,4.7813
210051640,Greenvale - North,1,New,21005,Tullamarine - Broadmeadows,210,Melbourne - North West,2GMEL,Greater Melbourne,2,Victoria,AUS,Australia,44.1872
210051641,Greenvale (South) - Bulla,1,New,21005,Tullamarine - Broadmeadows,210,Melbourne - North West,2GMEL,Greater Melbourne,2,Victoria,AUS,Australia,51.7189
210051642,Kalkallo,1,New,21005,Tullamarine - Broadmeadows,210,Melbourne - North West,2GMEL,Greater Melbourne,2,Victoria,AUS,Australia,7.022
210051643,Mickleham - Central,1,New,21005,Tullamarine - Broadmeadows,210,Melbourne - North West,2GMEL,Greater Melbourne,2,Victoria,AUS,Australia,18.431
210051644,Mickleham - North,1,New,21005,Tullamarine - Broadmeadows,210,Melbourne - North West,2GMEL,Greater Melbourne,2,Victoria,AUS,Australia,16.1549
210051645,Mickleham - South West,1,New,21005,Tullamarine - Broadmeadows,210,Melbourne - North West,2GMEL,Greater Melbourne,2,Victoria,AUS,Australia,29.2285
211011251,Bayswater,0,No change,21101,Knox,211,Melbourne - Outer East,2GMEL,Greater Melbourne,2,Victoria,AUS,Australia,8.0437
211011254,Knoxfield - Scoresby,0,No change,21101,Knox,211,Melbourne - Outer East,2GMEL,Greater Melbourne,2,Victoria,AUS,Australia,15.2651
211011255,Lysterfield,0,No change,21101,Knox,211,Melbourne - Outer East,2GMEL,Greater Melbourne,2,Victoria,AUS,Australia,18.494
211011256,Rowville - Central,0,No change,21101,Knox,211,Melbourne - Outer East,2GMEL,Greater Melbourne,2,Victoria,AUS,Australia,8.2003
211011257,Rowville - North,0,No change,21101,Knox,211,Melbourne - Outer East,2GMEL,Greater Melbourne,2,Victoria,AUS,Australia,4.1688
211011258,Rowville - South,0,No change,21101,Knox,211,Melbourne - Outer East,2GMEL,Greater Melbourne,2,Victoria,AUS,Australia,9.3532
211011259,Wantirna,0,No change,21101,Knox,211,Melbourne - Outer East,2GMEL,Greater Melbourne,2,Victoria,AUS,Australia,8.3064
211011260,Wantirna South,0,No change,21101,Knox,211,Melbourne - Outer East,2GMEL,Greater Melbourne,2,Victoria,AUS,Australia,13.3559
211011446,Boronia,0,No change,21101,Knox,211,Melbourne - Outer East,2GMEL,Greater Melbourne,2,Victoria,AUS,Australia,11.2631
211011447,Ferntree Gully - North,0,No change,21101,Knox,211,Melbourne - Outer East,2GMEL,Greater Melbourne,2,Victoria,AUS,Australia,6.9851
211011448,Ferntree Gully (South) - Upper Ferntree Gully,0,No change,21101,Knox,211,Melbourne - Outer East,2GMEL,Greater Melbourne,2,Victoria,AUS,Australia,9.1499
211011449,The Basin,0,No change,21101,Knox,211,Melbourne - Outer East,2GMEL,Greater Melbourne,2,Victoria,AUS,Australia,5.7163
211021261,Donvale - Park Orchards,0,No change,21102,Manningham - East,211,Melbourne - Outer East,2GMEL,Greater Melbourne,2,Victoria,AUS,Australia,20.8028
211021262,Warrandyte - Wonga Park,0,No change,21102,Manningham - East,211,Melbourne - Outer East,2GMEL,Greater Melbourne,2,Victoria,AUS,Australia,45.7591
211031263,Bayswater North,0,No change,21103,Maroondah,211,Melbourne - Outer East,2GMEL,Greater Melbourne,2,Victoria,AUS,Australia,9.909
211031265,Croydon Hills - Warranwood,0,No change,21103,Maroondah,211,Melbourne - Outer East,2GMEL,Greater Melbourne,2,Victoria,AUS,Australia,9.492
211031266,Ringwood,0,No change,21103,Maroondah,211,Melbourne - Outer East,2GMEL,Greater Melbourne,2,Victoria,AUS,Australia,9.9105
211031267,Ringwood East,0,No change,21103,Maroondah,211,Melbourne - Outer East,2GMEL,Greater Melbourne,2,Victoria,AUS,Australia,9.3929
211031268,Ringwood North,0,No change,21103,Maroondah,211,Melbourne - Outer East,2GMEL,Greater Melbourne,2,Victoria,AUS,Australia,4.7307
211031450,Croydon - East,0,No change,21103,Maroondah,211,Melbourne - Outer East,2GMEL,Greater Melbourne,2,Victoria,AUS,Australia,8.0982
211031451,Croydon - West,0,No change,21103,Maroondah,211,Melbourne - Outer East,2GMEL,Greater Melbourne,2,Victoria,AUS,Australia,6.7979
211031452,Croydon South,0,No change,21103,Maroondah,211,Melbourne - Outer East,2GMEL,Greater Melbourne,2,Victoria,AUS,Australia,2.856
211041269,Forest Hill,0,No change,21104,Whitehorse - East,211,Melbourne - Outer East,2GMEL,Greater Melbourne,2,Victoria,AUS,Australia,4.0702
211041270,Mitcham (Vic),3,Name change,21104,Whitehorse - East,211,Melbourne - Outer East,2GMEL,Greater Melbourne,2,Victoria,AUS,Australia,6.6271
211041271,Nunawading,0,No change,21104,Whitehorse - East,211,Melbourne - Outer East,2GMEL,Greater Melbourne,2,Victoria,AUS,Australia,5.0785
211041272,Vermont,0,No change,21104,Whitehorse - East,211,Melbourne - Outer East,2GMEL,Greater Melbourne,2,Victoria,AUS,Australia,4.6098
211041273,Vermont South,0,No change,21104,Whitehorse - East,211,Melbourne - Outer East,2GMEL,Greater Melbourne,2,Victoria,AUS,Australia,6.184
211051274,Belgrave - Selby,0,No change,21105,Yarra Ranges,211,Melbourne - Outer East,2GMEL,Greater Melbourne,2,Victoria,AUS,Australia,55.6519
211051275,Chirnside Park,0,No change,21105,Yarra Ranges,211,Melbourne - Outer East,2GMEL,Greater Melbourne,2,Victoria,AUS,Australia,22.2024
211051276,Healesville - Yarra Glen,0,No change,21105,Yarra Ranges,211,Melbourne - Outer East,2GMEL,Greater Melbourne,2,Victoria,AUS,Australia,369.5236
211051277,Kilsyth,0,No change,21105,Yarra Ranges,211,Melbourne - Outer East,2GMEL,Greater Melbourne,2,Victoria,AUS,Australia,8.2426
211051278,Lilydale - Coldstream,0,No change,21105,Yarra Ranges,211,Melbourne - Outer East,2GMEL,Greater Melbourne,2,Victoria,AUS,Australia,109.3817
211051279,Monbulk - Silvan,0,No change,21105,Yarra Ranges,211,Melbourne - Outer East,2GMEL,Greater Melbourne,2,Victoria,AUS,Australia,68.5552
211051280,Montrose,0,No change,21105,Yarra Ranges,211,Melbourne - Outer East,2GMEL,Greater Melbourne,2,Victoria,AUS,Australia,10.5431
211051281,Mooroolbark,0,No change,21105,Yarra Ranges,211,Melbourne - Outer East,2GMEL,Greater Melbourne,2,Victoria,AUS,Australia,12.5434
211051282,Mount Dandenong - Olinda,0,No change,21105,Yarra Ranges,211,Melbourne - Outer East,2GMEL,Greater Melbourne,2,Victoria,AUS,Australia,81.8993
211051283,Mount Evelyn,0,No change,21105,Yarra Ranges,211,Melbourne - Outer East,2GMEL,Greater Melbourne,2,Victoria,AUS,Australia,16.9894
211051284,Upwey - Tecoma,0,No change,21105,Yarra Ranges,211,Melbourne - Outer East,2GMEL,Greater Melbourne,2,Victoria,AUS,Australia,8.8907
211051285,Wandin - Seville,0,No change,21105,Yarra Ranges,211,Melbourne - Outer East,2GMEL,Greater Melbourne,2,Victoria,AUS,Australia,111.7555
211051286,Yarra Valley,0,No change,21105,Yarra Ranges,211,Melbourne - Outer East,2GMEL,Greater Melbourne,2,Victoria,AUS,Australia,729.7582
212011289,Emerald - Cockatoo,0,No change,21201,Cardinia,212,Melbourne - South East,2GMEL,Greater Melbourne,2,Victoria,AUS,Australia,371.6241
212011547,Bunyip - Garfield,0,No change,21201,Cardinia,212,Melbourne - South East,2GMEL,Greater Melbourne,2,Victoria,AUS,Australia,365.9626
212011548,Koo Wee Rup,0,No change,21201,Cardinia,212,Melbourne - South East,2GMEL,Greater Melbourne,2,Victoria,AUS,Australia,414.663
212011549,Pakenham - North East,0,No change,21201,Cardinia,212,Melbourne - South East,2GMEL,Greater Melbourne,2,Victoria,AUS,Australia,18.929
212011550,Pakenham - North West,0,No change,21201,Cardinia,212,Melbourne - South East,2GMEL,Greater Melbourne,2,Victoria,AUS,Australia,24.6775
212011551,Pakenham - South East,0,No change,21201,Cardinia,212,Melbourne - South East,2GMEL,Greater Melbourne,2,Victoria,AUS,Australia,30.9414
212011646,Beaconsfield,1,New,21201,Cardinia,212,Melbourne - South East,2GMEL,Greater Melbourne,2,Victoria,AUS,Australia,14.2557
212011647,Officer - North,1,New,21201,Cardinia,212,Melbourne - South East,2GMEL,Greater Melbourne,2,Victoria,AUS,Australia,11.6636
212011648,Officer - South East,1,New,21201,Cardinia,212,Melbourne - South East,2GMEL,Greater Melbourne,2,Victoria,AUS,Australia,3.5954
212011649,Officer - South West,1,New,21201,Cardinia,212,Melbourne - South East,2GMEL,Greater Melbourne,2,Victoria,AUS,Australia,3.7356
212011650,Pakenham - South West,1,New,21201,Cardinia,212,Melbourne - South East,2GMEL,Greater Melbourne,2,Victoria,AUS,Australia,17.6158
212011651,Pakenham - West,1,New,21201,Cardinia,212,Melbourne - South East,2GMEL,Greater Melbourne,2,Victoria,AUS,Australia,4.6624
212021293,Berwick - North,0,No change,21202,Casey - North,212,Melbourne - South East,2GMEL,Greater Melbourne,2,Victoria,AUS,Australia,19.748
212021295,Doveton,0,No change,21202,Casey - North,212,Melbourne - South East,2GMEL,Greater Melbourne,2,Victoria,AUS,Australia,5.1935
212021297,Hallam,0,No change,21202,Casey - North,212,Melbourne - South East,2GMEL,Greater Melbourne,2,Victoria,AUS,Australia,8.0565
212021299,Narre Warren North,0,No change,21202,Casey - North,212,Melbourne - South East,2GMEL,Greater Melbourne,2,Victoria,AUS,Australia,34.4086
212021453,Endeavour Hills - North,0,No change,21202,Casey - North,212,Melbourne - South East,2GMEL,Greater Melbourne,2,Victoria,AUS,Australia,14.4746
212021454,Endeavour Hills - South,0,No change,21202,Casey - North,212,Melbourne - South East,2GMEL,Greater Melbourne,2,Victoria,AUS,Australia,5.5873
212021455,Narre Warren - North East,0,No change,21202,Casey - North,212,Melbourne - South East,2GMEL,Greater Melbourne,2,Victoria,AUS,Australia,4.874
212021456,Narre Warren - South West,0,No change,21202,Casey - North,212,Melbourne - South East,2GMEL,Greater Melbourne,2,Victoria,AUS,Australia,9.3054
212021553,Berwick - South East,0,No change,21202,Casey - North,212,Melbourne - South East,2GMEL,Greater Melbourne,2,Victoria,AUS,Australia,9.8836
212021554,Berwick - South West,0,No change,21202,Casey - North,212,Melbourne - South East,2GMEL,Greater Melbourne,2,Victoria,AUS,Australia,4.9714
212041309,Clarinda - Oakleigh South,0,No change,21204,Dandenong,212,Melbourne - South East,2GMEL,Greater Melbourne,2,Victoria,AUS,Australia,6.3227
212041310,Clayton South,0,No change,21204,Dandenong,212,Melbourne - South East,2GMEL,Greater Melbourne,2,Victoria,AUS,Australia,7.938
212041312,Dandenong North,0,No change,21204,Dandenong,212,Melbourne - South East,2GMEL,Greater Melbourne,2,Victoria,AUS,Australia,9.459
212041313,Dingley Village,0,No change,21204,Dandenong,212,Melbourne - South East,2GMEL,Greater Melbourne,2,Victoria,AUS,Australia,7.2437
212041316,Noble Park North,0,No change,21204,Dandenong,212,Melbourne - South East,2GMEL,Greater Melbourne,2,Victoria,AUS,Australia,3.7574
212041317,Springvale,0,No change,21204,Dandenong,212,Melbourne - South East,2GMEL,Greater Melbourne,2,Victoria,AUS,Australia,11.1052
212041318,Springvale South,0,No change,21204,Dandenong,212,Melbourne - South East,2GMEL,Greater Melbourne,2,Victoria,AUS,Australia,4.56
212041459,Noble Park - East,0,No change,21204,Dandenong,212,Melbourne - South East,2GMEL,Greater Melbourne,2,Victoria,AUS,Australia,3.7671
212041460,Noble Park - West,0,No change,21204,Dandenong,212,Melbourne - South East,2GMEL,Greater Melbourne,2,Victoria,AUS,Australia,4.7946
212041563,Dandenong - North,0,No change,21204,Dandenong,212,Melbourne - South East,2GMEL,Greater Melbourne,2,Victoria,AUS,Australia,8.041
212041564,Dandenong - South,0,No change,21204,Dandenong,212,Melbourne - South East,2GMEL,Greater Melbourne,2,Victoria,AUS,Australia,53.7832
212041565,Keysborough - North,0,No change,21204,Dandenong,212,Melbourne - South East,2GMEL,Greater Melbourne,2,Victoria,AUS,Australia,6.6053
212041566,Keysborough - South,0,No change,21204,Dandenong,212,Melbourne - South East,2GMEL,Greater Melbourne,2,Victoria,AUS,Australia,23.6738
212051319,Ashwood - Chadstone,0,No change,21205,Monash,212,Melbourne - South East,2GMEL,Greater Melbourne,2,Victoria,AUS,Australia,6.7088
212051321,Glen Waverley - East,0,No change,21205,Monash,212,Melbourne - South East,2GMEL,Greater Melbourne,2,Victoria,AUS,Australia,9.1645
212051322,Glen Waverley - West,0,No change,21205,Monash,212,Melbourne - South East,2GMEL,Greater Melbourne,2,Victoria,AUS,Australia,7.6758
212051323,Mount Waverley - North,0,No change,21205,Monash,212,Melbourne - South East,2GMEL,Greater Melbourne,2,Victoria,AUS,Australia,6.484
212051324,Mount Waverley - South,0,No change,21205,Monash,212,Melbourne - South East,2GMEL,Greater Melbourne,2,Victoria,AUS,Australia,8.7006
212051325,Mulgrave,0,No change,21205,Monash,212,Melbourne - South East,2GMEL,Greater Melbourne,2,Victoria,AUS,Australia,10.7189
212051326,Oakleigh - Huntingdale,0,No change,21205,Monash,212,Melbourne - South East,2GMEL,Greater Melbourne,2,Victoria,AUS,Australia,10.1702
212051327,Wheelers Hill,0,No change,21205,Monash,212,Melbourne - South East,2GMEL,Greater Melbourne,2,Victoria,AUS,Australia,10.4394
212051567,Clayton (North) - Notting Hill,0,No change,21205,Monash,212,Melbourne - South East,2GMEL,Greater Melbourne,2,Victoria,AUS,Australia,5.2291
212051568,Clayton - Central,0,No change,21205,Monash,212,Melbourne - South East,2GMEL,Greater Melbourne,2,Victoria,AUS,Australia,4.1819
212061652,Cranbourne,2,Code change,21206,Casey - Central,212,Melbourne - South East,2GMEL,Greater Melbourne,2,Victoria,AUS,Australia,13.027
212061653,Cranbourne East - North,2,Code change,21206,Casey - Central,212,Melbourne - South East,2GMEL,Greater Melbourne,2,Victoria,AUS,Australia,11.0254
212061654,Cranbourne East - South,2,Code change,21206,Casey - Central,212,Melbourne - South East,2GMEL,Greater Melbourne,2,Victoria,AUS,Australia,5.3272
212061655,Cranbourne North - East,2,Code change,21206,Casey - Central,212,Melbourne - South East,2GMEL,Greater Melbourne,2,Victoria,AUS,Australia,5.4545
212061656,Cranbourne North - West,2,Code change,21206,Casey - Central,212,Melbourne - South East,2GMEL,Greater Melbourne,2,Victoria,AUS,Australia,4.7849
212061657,Cranbourne West - North,1,New,21206,Casey - Central,212,Melbourne - South East,2GMEL,Greater Melbourne,2,Victoria,AUS,Australia,8.9977
212061658,Cranbourne West - South,1,New,21206,Casey - Central,212,Melbourne - South East,2GMEL,Greater Melbourne,2,Victoria,AUS,Australia,3.9003
212061659,Hampton Park - East,2,Code change,21206,Casey - Central,212,Melbourne - South East,2GMEL,Greater Melbourne,2,Victoria,AUS,Australia,8.2189
212061660,Hampton Park - West,2,Code change,21206,Casey - Central,212,Melbourne - South East,2GMEL,Greater Melbourne,2,Victoria,AUS,Australia,5.1234
212061661,Lynbrook - Lyndhurst,2,Code change,21206,Casey - Central,212,Melbourne - South East,2GMEL,Greater Melbourne,2,Victoria,AUS,Australia,7.3583
212061662,Narre Warren South - East,2,Code change,21206,Casey - Central,212,Melbourne - South East,2GMEL,Greater Melbourne,2,Victoria,AUS,Australia,6.2204
212061663,Narre Warren South - West,2,Code change,21206,Casey - Central,212,Melbourne - South East,2GMEL,Greater Melbourne,2,Victoria,AUS,Australia,6.7771
212071664,Botanic Ridge - Junction Village,1,New,21207,Casey - South,212,Melbourne - South East,2GMEL,Greater Melbourne,2,Victoria,AUS,Australia,29.2081
212071665,Clyde - East,1,New,21207,Casey - South,212,Melbourne - South East,2GMEL,Greater Melbourne,2,Victoria,AUS,Australia,7.03
212071666,Clyde (West) - Devon Meadows,1,New,21207,Casey - South,212,Melbourne - South East,2GMEL,Greater Melbourne,2,Victoria,AUS,Australia,45.4242
212071667,Clyde North - East,1,New,21207,Casey - South,212,Melbourne - South East,2GMEL,Greater Melbourne,2,Victoria,AUS,Australia,8.763
212071668,Clyde North - North,2,Code change,21207,Casey - South,212,Melbourne - South East,2GMEL,Greater Melbourne,2,Victoria,AUS,Australia,6.8833
212071669,Clyde North - South,1,New,21207,Casey - South,212,Melbourne - South East,2GMEL,Greater Melbourne,2,Victoria,AUS,Australia,6.9469
212071670,Clyde North - West,1,New,21207,Casey - South,212,Melbourne - South East,2GMEL,Greater Melbourne,2,Victoria,AUS,Australia,3.9443
212071671,Pearcedale - Tooradin,2,Code change,21207,Casey - South,212,Melbourne - South East,2GMEL,Greater Melbourne,2,Victoria,AUS,Australia,98.5112
213011328,Ardeer - Albion,0,No change,21301,Brimbank,213,Melbourne - West,2GMEL,Greater Melbourne,2,Victoria,AUS,Australia,4.5883
213011329,Cairnlea,0,No change,21301,Brimbank,213,Melbourne - West,2GMEL,Greater Melbourne,2,Victoria,AUS,Australia,4.4061
213011331,Delahey,0,No change,21301,Brimbank,213,Melbourne - West,2GMEL,Greater Melbourne,2,Victoria,AUS,Australia,3.5055
213011332,Keilor Downs,0,No change,21301,Brimbank,213,Melbourne - West,2GMEL,Greater Melbourne,2,Victoria,AUS,Australia,7.6597
213011333,Kings Park (Vic),3,Name change,21301,Brimbank,213,Melbourne - West,2GMEL,Greater Melbourne,2,Victoria,AUS,Australia,4.4323
213011334,St Albans - North,0,No change,21301,Brimbank,213,Melbourne - West,2GMEL,Greater Melbourne,2,Victoria,AUS,Australia,6.5225
213011335,St Albans - South,0,No change,21301,Brimbank,213,Melbourne - West,2GMEL,Greater Melbourne,2,Victoria,AUS,Australia,6.2647
213011336,Sunshine,0,No change,21301,Brimbank,213,Melbourne - West,2GMEL,Greater Melbourne,2,Victoria,AUS,Australia,4.732
213011337,Sunshine North,0,No change,21301,Brimbank,213,Melbourne - West,2GMEL,Greater Melbourne,2,Victoria,AUS,Australia,8.0238
213011338,Sunshine West,0,No change,21301,Brimbank,213,Melbourne - West,2GMEL,Greater Melbourne,2,Victoria,AUS,Australia,12.9688
213011339,Sydenham,0,No change,21301,Brimbank,213,Melbourne - West,2GMEL,Greater Melbourne,2,Victoria,AUS,Australia,3.9479
213011340,Taylors Lakes,0,No change,21301,Brimbank,213,Melbourne - West,2GMEL,Greater Melbourne,2,Victoria,AUS,Australia,18.4632
213011569,Deer Park,0,No change,21301,Brimbank,213,Melbourne - West,2GMEL,Greater Melbourne,2,Victoria,AUS,Australia,8.0769
213011570,Derrimut,0,No change,21301,Brimbank,213,Melbourne - West,2GMEL,Greater Melbourne,2,Victoria,AUS,Australia,13.2579
213021341,Altona,0,No change,21302,Hobsons Bay,213,Melbourne - West,2GMEL,Greater Melbourne,2,Victoria,AUS,Australia,17.6826
213021342,Altona Meadows,0,No change,21302,Hobsons Bay,213,Melbourne - West,2GMEL,Greater Melbourne,2,Victoria,AUS,Australia,10.5419
213021343,Altona North,0,No change,21302,Hobsons Bay,213,Melbourne - West,2GMEL,Greater Melbourne,2,Victoria,AUS,Australia,16.1844
213021344,Newport,0,No change,21302,Hobsons Bay,213,Melbourne - West,2GMEL,Greater Melbourne,2,Victoria,AUS,Australia,8.8407
213021345,Seabrook,0,No change,21302,Hobsons Bay,213,Melbourne - West,2GMEL,Greater Melbourne,2,Victoria,AUS,Australia,1.6199
213021346,Williamstown,0,No change,21302,Hobsons Bay,213,Melbourne - West,2GMEL,Greater Melbourne,2,Victoria,AUS,Australia,7.3463
213031347,Braybrook,0,No change,21303,Maribyrnong,213,Melbourne - West,2GMEL,Greater Melbourne,2,Victoria,AUS,Australia,7.4843
213031348,Footscray,0,No change,21303,Maribyrnong,213,Melbourne - West,2GMEL,Greater Melbourne,2,Victoria,AUS,Australia,4.9671
213031349,Maribyrnong,0,No change,21303,Maribyrnong,213,Melbourne - West,2GMEL,Greater Melbourne,2,Victoria,AUS,Australia,5.4934
213031350,Seddon - Kingsville,0,No change,21303,Maribyrnong,213,Melbourne - West,2GMEL,Greater Melbourne,2,Victoria,AUS,Australia,1.6803
213031351,West Footscray - Tottenham,0,No change,21303,Maribyrnong,213,Melbourne - West,2GMEL,Greater Melbourne,2,Victoria,AUS,Australia,5.9807
213031352,Yarraville,0,No change,21303,Maribyrnong,213,Melbourne - West,2GMEL,Greater Melbourne,2,Victoria,AUS,Australia,5.62
213061672,Bacchus Marsh - Maddingley,1,New,21306,Bacchus Marsh,213,Melbourne - West,2GMEL,Greater Melbourne,2,Victoria,AUS,Australia,51.514
213061673,Darley - Hopetoun Park,1,New,21306,Bacchus Marsh,213,Melbourne - West,2GMEL,Greater Melbourne,2,Victoria,AUS,Australia,144.7844
213071674,Aintree - Deanside (South),1,New,21307,Melton - North,213,Melbourne - West,2GMEL,Greater Melbourne,2,Victoria,AUS,Australia,20.6309
213071675,Bonnie Brook,1,New,21307,Melton - North,213,Melbourne - West,2GMEL,Greater Melbourne,2,Victoria,AUS,Australia,31.4441
213071676,Burnside,2,Code change,21307,Melton - North,213,Melbourne - West,2GMEL,Greater Melbourne,2,Victoria,AUS,Australia,2.552
213071677,Burnside Heights,2,Code change,21307,Melton - North,213,Melbourne - West,2GMEL,Greater Melbourne,2,Victoria,AUS,Australia,1.9954
213071678,Caroline Springs,2,Code change,21307,Melton - North,213,Melbourne - West,2GMEL,Greater Melbourne,2,Victoria,AUS,Australia,6.9526
213071679,Deanside - North,1,New,21307,Melton - North,213,Melbourne - West,2GMEL,Greater Melbourne,2,Victoria,AUS,Australia,6.0448
213071680,Fraser Rise - East,1,New,21307,Melton - North,213,Melbourne - West,2GMEL,Greater Melbourne,2,Victoria,AUS,Australia,2.0969
213071681,Fraser Rise - North,1,New,21307,Melton - North,213,Melbourne - West,2GMEL,Greater Melbourne,2,Victoria,AUS,Australia,13.9352
213071682,Fraser Rise - South,1,New,21307,Melton - North,213,Melbourne - West,2GMEL,Greater Melbourne,2,Victoria,AUS,Australia,5.2099
213071683,Hillside,2,Code change,21307,Melton - North,213,Melbourne - West,2GMEL,Greater Melbourne,2,Victoria,AUS,Australia,7.8166
213071684,Kurunjang - Toolern Vale,2,Code change,21307,Melton - North,213,Melbourne - West,2GMEL,Greater Melbourne,2,Victoria,AUS,Australia,120.8438
213071685,Melton,2,Code change,21307,Melton - North,213,Melbourne - West,2GMEL,Greater Melbourne,2,Victoria,AUS,Australia,9.8614
213071686,Melton West,2,Code change,21307,Melton - North,213,Melbourne - West,2GMEL,Greater Melbourne,2,Victoria,AUS,Australia,24.2021
213071687,Taylors Hill,2,Code change,21307,Melton - North,213,Melbourne - West,2GMEL,Greater Melbourne,2,Victoria,AUS,Australia,5.9679
213081688,Brookfield,2,Code change,21308,Melton - South,213,Melbourne - West,2GMEL,Greater Melbourne,2,Victoria,AUS,Australia,10.6929
213081689,Cobblebank - Strathtulloh,2,Code change,21308,Melton - South,213,Melbourne - West,2GMEL,Greater Melbourne,2,Victoria,AUS,Australia,19.7593
213081690,Eynesbury - Exford,2,Code change,21308,Melton - South,213,Melbourne - West,2GMEL,Greater Melbourne,2,Victoria,AUS,Australia,69.4885
213081691,Melton South,1,New,21308,Melton - South,213,Melbourne - West,2GMEL,Greater Melbourne,2,Victoria,AUS,Australia,5.521
213081692,Rockbank,1,New,21308,Melton - South,213,Melbourne - West,2GMEL,Greater Melbourne,2,Victoria,AUS,Australia,7.21
213081693,Thornhill Park,1,New,21308,Melton - South,213,Melbourne - West,2GMEL,Greater Melbourne,2,Victoria,AUS,Australia,6.6927
213081694,Truganina (North) - Ravenhall,1,New,21308,Melton - South,213,Melbourne - West,2GMEL,Greater Melbourne,2,Victoria,AUS,Australia,91.2277
213081695,Weir Views,1,New,21308,Melton - South,213,Melbourne - West,2GMEL,Greater Melbourne,2,Victoria,AUS,Australia,5.4992
213091696,Laverton,2,Code change,21309,Wyndham - East,213,Melbourne - West,2GMEL,Greater Melbourne,2,Victoria,AUS,Australia,22.2451
213091697,Point Cook - East,2,Code change,21309,Wyndham - East,213,Melbourne - West,2GMEL,Greater Melbourne,2,Victoria,AUS,Australia,19.0354
213091698,Point Cook - North East,2,Code change,21309,Wyndham - East,213,Melbourne - West,2GMEL,Greater Melbourne,2,Victoria,AUS,Australia,5.5527
213091699,Point Cook - North West,2,Code change,21309,Wyndham - East,213,Melbourne - West,2GMEL,Greater Melbourne,2,Victoria,AUS,Australia,2.938
213091700,Point Cook - South,2,Code change,21309,Wyndham - East,213,Melbourne - West,2GMEL,Greater Melbourne,2,Victoria,AUS,Australia,9.4219
213091701,Truganina - Central,2,Code change,21309,Wyndham - East,213,Melbourne - West,2GMEL,Greater Melbourne,2,Victoria,AUS,Australia,17.5194
213091702,Truganina - South East,2,Code change,21309,Wyndham - East,213,Melbourne - West,2GMEL,Greater Melbourne,2,Victoria,AUS,Australia,4.2675
213091703,Truganina - South West,2,Code change,21309,Wyndham - East,213,Melbourne - West,2GMEL,Greater Melbourne,2,Victoria,AUS,Australia,5.3777
213101704,Hoppers Crossing - North,2,Code change,21310,Wyndham - North,213,Melbourne - West,2GMEL,Greater Melbourne,2,Victoria,AUS,Australia,10.9136
213101705,Hoppers Crossing - South,2,Code change,21310,Wyndham - North,213,Melbourne - West,2GMEL,Greater Melbourne,2,Victoria,AUS,Australia,7.0114
213101706,Tarneit - Central,1,New,21310,Wyndham - North,213,Melbourne - West,2GMEL,Greater Melbourne,2,Victoria,AUS,Australia,4.0343
213101707,Tarneit - East,1,New,21310,Wyndham - North,213,Melbourne - West,2GMEL,Greater Melbourne,2,Victoria,AUS,Australia,3.9264
213101708,Tarneit - North,2,Code change,21310,Wyndham - North,213,Melbourne - West,2GMEL,Greater Melbourne,2,Victoria,AUS,Australia,14.3449
213101709,Tarneit - South,2,Code change,21310,Wyndham - North,213,Melbourne - West,2GMEL,Greater Melbourne,2,Victoria,AUS,Australia,3.1301
213101710,Tarneit - South West,1,New,21310,Wyndham - North,213,Melbourne - West,2GMEL,Greater Melbourne,2,Victoria,AUS,Australia,7.4891
213101711,Tarneit (North West) - Mount Cottrell,1,New,21310,Wyndham - North,213,Melbourne - West,2GMEL,Greater Melbourne,2,Victoria,AUS,Australia,29.2171
213111712,Manor Lakes - Quandong,2,Code change,21311,Wyndham - South West,213,Melbourne - West,2GMEL,Greater Melbourne,2,Victoria,AUS,Australia,72.0336
213111713,Werribee - Central,1,New,21311,Wyndham - South West,213,Melbourne - West,2GMEL,Greater Melbourne,2,Victoria,AUS,Australia,17.2271
213111714,Werribee - East,2,Code change,21311,Wyndham - South West,213,Melbourne - West,2GMEL,Greater Melbourne,2,Victoria,AUS,Australia,7.7569
213111715,Werribee - South,2,Code change,21311,Wyndham - South West,213,Melbourne - West,2GMEL,Greater Melbourne,2,Victoria,AUS,Australia,114.0332
213111716,Werribee (West) - Mambourin,1,New,21311,Wyndham - South West,213,Melbourne - West,2GMEL,Greater Melbourne,2,Victoria,AUS,Australia,110.4357
213111717,Wyndham Vale - North,2,Code change,21311,Wyndham - South West,213,Melbourne - West,2GMEL,Greater Melbourne,2,Victoria,AUS,Australia,51.2497
213111718,Wyndham Vale - South,2,Code change,21311,Wyndham - South West,213,Melbourne - West,2GMEL,Greater Melbourne,2,Victoria,AUS,Australia,4.9575
214011370,Carrum Downs,0,No change,21401,Frankston,214,Mornington Peninsula,2GMEL,Greater Melbourne,2,Victoria,AUS,Australia,20.308
214011371,Frankston,0,No change,21401,Frankston,214,Mornington Peninsula,2GMEL,Greater Melbourne,2,Victoria,AUS,Australia,11.6244
214011372,Frankston North,0,No change,21401,Frankston,214,Mornington Peninsula,2GMEL,Greater Melbourne,2,Victoria,AUS,Australia,13.2382
214011373,Frankston South,0,No change,21401,Frankston,214,Mornington Peninsula,2GMEL,Greater Melbourne,2,Victoria,AUS,Australia,14.5603
214011375,Seaford (Vic),3,Name change,21401,Frankston,214,Mornington Peninsula,2GMEL,Greater Melbourne,2,Victoria,AUS,Australia,12.4321
214011376,Skye - Sandhurst,0,No change,21401,Frankston,214,Mornington Peninsula,2GMEL,Greater Melbourne,2,Victoria,AUS,Australia,19.8152
214011719,Langwarrin - North,1,New,21401,Frankston,214,Mornington Peninsula,2GMEL,Greater Melbourne,2,Victoria,AUS,Australia,10.2924
214011720,Langwarrin - South,1,New,21401,Frankston,214,Mornington Peninsula,2GMEL,Greater Melbourne,2,Victoria,AUS,Australia,27.3275
214021377,Dromana,0,No change,21402,Mornington Peninsula,214,Mornington Peninsula,2GMEL,Greater Melbourne,2,Victoria,AUS,Australia,45.0574
214021378,Flinders,0,No change,21402,Mornington Peninsula,214,Mornington Peninsula,2GMEL,Greater Melbourne,2,Victoria,AUS,Australia,287.3792
214021379,Hastings - Somers,0,No change,21402,Mornington Peninsula,214,Mornington Peninsula,2GMEL,Greater Melbourne,2,Victoria,AUS,Australia,108.8841
214021381,Mount Eliza,0,No change,21402,Mornington Peninsula,214,Mornington Peninsula,2GMEL,Greater Melbourne,2,Victoria,AUS,Australia,23.2077
214021382,Mount Martha,0,No change,21402,Mornington Peninsula,214,Mornington Peninsula,2GMEL,Greater Melbourne,2,Victoria,AUS,Australia,30.2094
214021383,Point Nepean,0,No change,21402,Mornington Peninsula,214,Mornington Peninsula,2GMEL,Greater Melbourne,2,Victoria,AUS,Australia,67.1876
214021384,Rosebud - McCrae,0,No change,21402,Mornington Peninsula,214,Mornington Peninsula,2GMEL,Greater Melbourne,2,Victoria,AUS,Australia,23.7957
214021385,Somerville,0,No change,21402,Mornington Peninsula,214,Mornington Peninsula,2GMEL,Greater Melbourne,2,Victoria,AUS,Australia,117.3541
214021591,Mornington - East,0,No change,21402,Mornington Peninsula,214,Mornington Peninsula,2GMEL,Greater Melbourne,2,Victoria,AUS,Australia,14.6884
214021592,Mornington - West,0,No change,21402,Mornington Peninsula,214,Mornington Peninsula,2GMEL,Greater Melbourne,2,Victoria,AUS,Australia,6.4044
215011386,Ararat,0,No change,21501,Grampians,215,North West,2RVIC,Rest of Vic,2,Victoria,AUS,Australia,161.1791
215011387,Ararat Surrounds,0,No change,21501,Grampians,215,North West,2RVIC,Rest of Vic,2,Victoria,AUS,Australia,4023.1983
215011388,Horsham,0,No change,21501,Grampians,215,North West,2RVIC,Rest of Vic,2,Victoria,AUS,Australia,83.0691
215011389,Horsham Surrounds,0,No change,21501,Grampians,215,North West,2RVIC,Rest of Vic,2,Victoria,AUS,Australia,4251.4675
215011390,Nhill Region,0,No change,21501,Grampians,215,North West,2RVIC,Rest of Vic,2,Victoria,AUS,Australia,11042.7931
215011391,St Arnaud,0,No change,21501,Grampians,215,North West,2RVIC,Rest of Vic,2,Victoria,AUS,Australia,3008.5751
215011392,Stawell,0,No change,21501,Grampians,215,North West,2RVIC,Rest of Vic,2,Victoria,AUS,Australia,2743.4312
215011393,West Wimmera,0,No change,21501,Grampians,215,North West,2RVIC,Rest of Vic,2,Victoria,AUS,Australia,5686.3869
215011394,Yarriambiack,0,No change,21501,Grampians,215,North West,2RVIC,Rest of Vic,2,Victoria,AUS,Australia,7139.5819
215021395,Irymple,0,No change,21502,Mildura,215,North West,2RVIC,Rest of Vic,2,Victoria,AUS,Australia,88.5725
215021396,Merbein,0,No change,21502,Mildura,215,North West,2RVIC,Rest of Vic,2,Victoria,AUS,Australia,101.7139
215021398,Mildura Surrounds,0,No change,21502,Mildura,215,North West,2RVIC,Rest of Vic,2,Victoria,AUS,Australia,21568.7963
215021399,Red Cliffs,0,No change,21502,Mildura,215,North West,2RVIC,Rest of Vic,2,Victoria,AUS,Australia,246.7231
215021469,Mildura - North,0,No change,21502,Mildura,215,North West,2RVIC,Rest of Vic,2,Victoria,AUS,Australia,25.117
215021470,Mildura - South,0,No change,21502,Mildura,215,North West,2RVIC,Rest of Vic,2,Victoria,AUS,Australia,50.9981
215031400,Buloke,0,No change,21503,Murray River - Swan Hill,215,North West,2RVIC,Rest of Vic,2,Victoria,AUS,Australia,8068.6847
215031401,Gannawarra,0,No change,21503,Murray River - Swan Hill,215,North West,2RVIC,Rest of Vic,2,Victoria,AUS,Australia,3568.3246
215031402,Kerang,0,No change,21503,Murray River - Swan Hill,215,North West,2RVIC,Rest of Vic,2,Victoria,AUS,Australia,146.6076
215031403,Robinvale,0,No change,21503,Murray River - Swan Hill,215,North West,2RVIC,Rest of Vic,2,Victoria,AUS,Australia,181.5962
215031404,Swan Hill,0,No change,21503,Murray River - Swan Hill,215,North West,2RVIC,Rest of Vic,2,Victoria,AUS,Australia,126.5903
215031405,Swan Hill Surrounds,0,No change,21503,Murray River - Swan Hill,215,North West,2RVIC,Rest of Vic,2,Victoria,AUS,Australia,5759.5788
216011406,Echuca,0,No change,21601,Campaspe,216,Shepparton,2RVIC,Rest of Vic,2,Victoria,AUS,Australia,183.9532
216011407,Kyabram,0,No change,21601,Campaspe,216,Shepparton,2RVIC,Rest of Vic,2,Victoria,AUS,Australia,738.862
216011408,Lockington - Gunbower,0,No change,21601,Campaspe,216,Shepparton,2RVIC,Rest of Vic,2,Victoria,AUS,Australia,1646.4376
216011409,Rochester,0,No change,21601,Campaspe,216,Shepparton,2RVIC,Rest of Vic,2,Victoria,AUS,Australia,351.6447
216011410,Rushworth,0,No change,21601,Campaspe,216,Shepparton,2RVIC,Rest of Vic,2,Victoria,AUS,Australia,1633.8861
216021411,Cobram,0,No change,21602,Moira,216,Shepparton,2RVIC,Rest of Vic,2,Victoria,AUS,Australia,131.7228
216021412,Moira,0,No change,21602,Moira,216,Shepparton,2RVIC,Rest of Vic,2,Victoria,AUS,Australia,1498.8283
216021413,Numurkah,0,No change,21602,Moira,216,Shepparton,2RVIC,Rest of Vic,2,Victoria,AUS,Australia,2320.6721
216021414,Yarrawonga,0,No change,21602,Moira,216,Shepparton,2RVIC,Rest of Vic,2,Victoria,AUS,Australia,94.6968
216031415,Mooroopna,0,No change,21603,Shepparton,216,Shepparton,2RVIC,Rest of Vic,2,Victoria,AUS,Australia,39.9734
216031416,Shepparton - North,0,No change,21603,Shepparton,216,Shepparton,2RVIC,Rest of Vic,2,Victoria,AUS,Australia,65.6581
216031418,Shepparton Surrounds - East,0,No change,21603,Shepparton,216,Shepparton,2RVIC,Rest of Vic,2,Victoria,AUS,Australia,1055.5777
216031419,Shepparton Surrounds - West,0,No change,21603,Shepparton,216,Shepparton,2RVIC,Rest of Vic,2,Victoria,AUS,Australia,1028.6791
216031593,Kialla,0,No change,21603,Shepparton,216,Shepparton,2RVIC,Rest of Vic,2,Victoria,AUS,Australia,77.4435
216031594,Shepparton - South East,0,No change,21603,Shepparton,216,Shepparton,2RVIC,Rest of Vic,2,Victoria,AUS,Australia,65.8306
217011420,Glenelg (Vic),3,Name change,21701,Glenelg - Southern Grampians,217,Warrnambool and South West,2RVIC,Rest of Vic,2,Victoria,AUS,Australia,6121.4258
217011421,Hamilton (Vic),3,Name change,21701,Glenelg - Southern Grampians,217,Warrnambool and South West,2RVIC,Rest of Vic,2,Victoria,AUS,Australia,198.337
217011422,Portland,0,No change,21701,Glenelg - Southern Grampians,217,Warrnambool and South West,2RVIC,Rest of Vic,2,Victoria,AUS,Australia,63.985
217011423,Southern Grampians,0,No change,21701,Glenelg - Southern Grampians,217,Warrnambool and South West,2RVIC,Rest of Vic,2,Victoria,AUS,Australia,6562.6439
217031471,Camperdown,0,No change,21703,Colac - Corangamite,217,Warrnambool and South West,2RVIC,Rest of Vic,2,Victoria,AUS,Australia,98.1179
217031472,Colac,0,No change,21703,Colac - Corangamite,217,Warrnambool and South West,2RVIC,Rest of Vic,2,Victoria,AUS,Australia,54.7345
217031473,Colac Surrounds,0,No change,21703,Colac - Corangamite,217,Warrnambool and South West,2RVIC,Rest of Vic,2,Victoria,AUS,Australia,1934.2764
217031474,Corangamite - North,0,No change,21703,Colac - Corangamite,217,Warrnambool and South West,2RVIC,Rest of Vic,2,Victoria,AUS,Australia,2538.3285
217031475,Corangamite - South,0,No change,21703,Colac - Corangamite,217,Warrnambool and South West,2RVIC,Rest of Vic,2,Victoria,AUS,Australia,1805.2082
217031476,Otway,0,No change,21703,Colac - Corangamite,217,Warrnambool and South West,2RVIC,Rest of Vic,2,Victoria,AUS,Australia,1505.8895
217041477,Moyne - East,0,No change,21704,Warrnambool,217,Warrnambool and South West,2RVIC,Rest of Vic,2,Victoria,AUS,Australia,3275.799
217041478,Moyne - West,0,No change,21704,Warrnambool,217,Warrnambool and South West,2RVIC,Rest of Vic,2,Victoria,AUS,Australia,2037.7626
217041479,Warrnambool - North,0,No change,21704,Warrnambool,217,Warrnambool and South West,2RVIC,Rest of Vic,2,Victoria,AUS,Australia,62.42
217041480,Warrnambool - South,0,No change,21704,Warrnambool,217,Warrnambool and South West,2RVIC,Rest of Vic,2,Victoria,AUS,Australia,120.1956
297979799,Migratory - Offshore - Shipping (Vic),3,Name change,29797,Migratory - Offshore - Shipping (Vic),297,Migratory - Offshore - Shipping (Vic),29799,Migratory - Offshore - Shipping (Vic),2,Victoria,AUS,Australia,
299999499,No usual address (Vic),3,Name change,29999,No usual address (Vic),299,No usual address (Vic),29499,No usual address (Vic),2,Victoria,AUS,Australia,
301011001,Alexandra Hills,0,No change,30101,Capalaba,301,Brisbane - East,3GBRI,Greater Brisbane,3,Queensland,AUS,Australia,13.6312
301011002,Belmont - Gumdale,0,No change,30101,Capalaba,301,Brisbane - East,3GBRI,Greater Brisbane,3,Queensland,AUS,Australia,33.1072
301011003,Birkdale,0,No change,30101,Capalaba,301,Brisbane - East,3GBRI,Greater Brisbane,3,Queensland,AUS,Australia,11.5988
301011004,Capalaba,0,No change,30101,Capalaba,301,Brisbane - East,3GBRI,Greater Brisbane,3,Queensland,AUS,Australia,18.8892
301011005,Thorneside,0,No change,30101,Capalaba,301,Brisbane - East,3GBRI,Greater Brisbane,3,Queensland,AUS,Australia,2.6658
301011006,Wellington Point,0,No change,30101,Capalaba,301,Brisbane - East,3GBRI,Greater Brisbane,3,Queensland,AUS,Australia,9.404
301021007,Cleveland,0,No change,30102,Cleveland - Stradbroke,301,Brisbane - East,3GBRI,Greater Brisbane,3,Queensland,AUS,Australia,11.8549
301021008,Ormiston,0,No change,30102,Cleveland - Stradbroke,301,Brisbane - East,3GBRI,Greater Brisbane,3,Queensland,AUS,Australia,4.929
301021009,Redland Bay,0,No change,30102,Cleveland - Stradbroke,301,Brisbane - East,3GBRI,Greater Brisbane,3,Queensland,AUS,Australia,46.8997
301021011,Sheldon - Mount Cotton,0,No change,30102,Cleveland - Stradbroke,301,Brisbane - East,3GBRI,Greater Brisbane,3,Queensland,AUS,Australia,65.1972
301021012,Thornlands,0,No change,30102,Cleveland - Stradbroke,301,Brisbane - East,3GBRI,Greater Brisbane,3,Queensland,AUS,Australia,21.6475
301021013,Victoria Point,0,No change,30102,Cleveland - Stradbroke,301,Brisbane - East,3GBRI,Greater Brisbane,3,Queensland,AUS,Australia,13.4056
301021550,North Stradbroke Island,0,No change,30102,Cleveland - Stradbroke,301,Brisbane - East,3GBRI,Greater Brisbane,3,Queensland,AUS,Australia,277.1096
301021551,Southern Moreton Bay Islands,0,No change,30102,Cleveland - Stradbroke,301,Brisbane - East,3GBRI,Greater Brisbane,3,Queensland,AUS,Australia,39.9348
301031014,Brisbane Port - Lytton,0,No change,30103,Wynnum - Manly,301,Brisbane - East,3GBRI,Greater Brisbane,3,Queensland,AUS,Australia,32.7859
301031015,Manly - Lota,0,No change,30103,Wynnum - Manly,301,Brisbane - East,3GBRI,Greater Brisbane,3,Queensland,AUS,Australia,4.1989
301031016,Manly West,0,No change,30103,Wynnum - Manly,301,Brisbane - East,3GBRI,Greater Brisbane,3,Queensland,AUS,Australia,4.9055
301031017,Murarrie,0,No change,30103,Wynnum - Manly,301,Brisbane - East,3GBRI,Greater Brisbane,3,Queensland,AUS,Australia,8.4389
301031018,Tingalpa,0,No change,30103,Wynnum - Manly,301,Brisbane - East,3GBRI,Greater Brisbane,3,Queensland,AUS,Australia,8.9263
301031019,Wakerley,0,No change,30103,Wynnum - Manly,301,Brisbane - East,3GBRI,Greater Brisbane,3,Queensland,AUS,Australia,5.1963
301031020,Wynnum,0,No change,30103,Wynnum - Manly,301,Brisbane - East,3GBRI,Greater Brisbane,3,Queensland,AUS,Australia,6.1324
301031021,Wynnum West - Hemmant,0,No change,30103,Wynnum - Manly,301,Brisbane - East,3GBRI,Greater Brisbane,3,Queensland,AUS,Australia,12.2743
302011022,Bald Hills,0,No change,30201,Bald Hills - Everton Park,302,Brisbane - North,3GBRI,Greater Brisbane,3,Queensland,AUS,Australia,13.3544
302011023,Bridgeman Downs,0,No change,30201,Bald Hills - Everton Park,302,Brisbane - North,3GBRI,Greater Brisbane,3,Queensland,AUS,Australia,9.4788
302011024,Carseldine,0,No change,30201,Bald Hills - Everton Park,302,Brisbane - North,3GBRI,Greater Brisbane,3,Queensland,AUS,Australia,4.5456
302011025,Everton Park,0,No change,30201,Bald Hills - Everton Park,302,Brisbane - North,3GBRI,Greater Brisbane,3,Queensland,AUS,Australia,4.1663
302011026,McDowall,0,No change,30201,Bald Hills - Everton Park,302,Brisbane - North,3GBRI,Greater Brisbane,3,Queensland,AUS,Australia,4.3856
302021027,Aspley,0,No change,30202,Chermside,302,Brisbane - North,3GBRI,Greater Brisbane,3,Queensland,AUS,Australia,6.258
302021028,Chermside,0,No change,30202,Chermside,302,Brisbane - North,3GBRI,Greater Brisbane,3,Queensland,AUS,Australia,3.3873
302021029,Chermside West,0,No change,30202,Chermside,302,Brisbane - North,3GBRI,Greater Brisbane,3,Queensland,AUS,Australia,3.4032
302021030,Geebung,0,No change,30202,Chermside,302,Brisbane - North,3GBRI,Greater Brisbane,3,Queensland,AUS,Australia,4.0441
302021031,Kedron - Gordon Park,0,No change,30202,Chermside,302,Brisbane - North,3GBRI,Greater Brisbane,3,Queensland,AUS,Australia,5.22
302021032,Stafford,0,No change,30202,Chermside,302,Brisbane - North,3GBRI,Greater Brisbane,3,Queensland,AUS,Australia,3.4381
302021033,Stafford Heights,0,No change,30202,Chermside,302,Brisbane - North,3GBRI,Greater Brisbane,3,Queensland,AUS,Australia,2.9088
302021034,Wavell Heights,0,No change,30202,Chermside,302,Brisbane - North,3GBRI,Greater Brisbane,3,Queensland,AUS,Australia,3.5792
302031035,Boondall,0,No change,30203,Nundah,302,Brisbane - North,3GBRI,Greater Brisbane,3,Queensland,AUS,Australia,10.7506
302031036,Brisbane Airport,0,No change,30203,Nundah,302,Brisbane - North,3GBRI,Greater Brisbane,3,Queensland,AUS,Australia,45.3241
302031037,Eagle Farm - Pinkenba,0,No change,30203,Nundah,302,Brisbane - North,3GBRI,Greater Brisbane,3,Queensland,AUS,Australia,7.2339
302031038,Northgate - Virginia,0,No change,30203,Nundah,302,Brisbane - North,3GBRI,Greater Brisbane,3,Queensland,AUS,Australia,6.1268
302031039,Nudgee - Banyo,0,No change,30203,Nundah,302,Brisbane - North,3GBRI,Greater Brisbane,3,Queensland,AUS,Australia,13.9237
302031040,Nundah,0,No change,30203,Nundah,302,Brisbane - North,3GBRI,Greater Brisbane,3,Queensland,AUS,Australia,3.6726
302041041,Bracken Ridge,0,No change,30204,Sandgate,302,Brisbane - North,3GBRI,Greater Brisbane,3,Queensland,AUS,Australia,8.1103
302041042,Brighton (Qld),0,No change,30204,Sandgate,302,Brisbane - North,3GBRI,Greater Brisbane,3,Queensland,AUS,Australia,6.4901
302041043,Deagon,0,No change,30204,Sandgate,302,Brisbane - North,3GBRI,Greater Brisbane,3,Queensland,AUS,Australia,2.8177
302041044,Sandgate - Shorncliffe,0,No change,30204,Sandgate,302,Brisbane - North,3GBRI,Greater Brisbane,3,Queensland,AUS,Australia,4.3474
302041045,Taigum - Fitzgibbon,0,No change,30204,Sandgate,302,Brisbane - North,3GBRI,Greater Brisbane,3,Queensland,AUS,Australia,6.2813
302041046,Zillmere,0,No change,30204,Sandgate,302,Brisbane - North,3GBRI,Greater Brisbane,3,Queensland,AUS,Australia,3.7003
303011047,Camp Hill,0,No change,30301,Carindale,303,Brisbane - South,3GBRI,Greater Brisbane,3,Queensland,AUS,Australia,4.5806
303011048,Cannon Hill,0,No change,30301,Carindale,303,Brisbane - South,3GBRI,Greater Brisbane,3,Queensland,AUS,Australia,3.9524
303011049,Carina,0,No change,30301,Carindale,303,Brisbane - South,3GBRI,Greater Brisbane,3,Queensland,AUS,Australia,4.3823
303011050,Carina Heights,0,No change,30301,Carindale,303,Brisbane - South,3GBRI,Greater Brisbane,3,Queensland,AUS,Australia,3.3991
303011051,Carindale,0,No change,30301,Carindale,303,Brisbane - South,3GBRI,Greater Brisbane,3,Queensland,AUS,Australia,10.1962
303021052,Annerley,0,No change,30302,Holland Park - Yeronga,303,Brisbane - South,3GBRI,Greater Brisbane,3,Queensland,AUS,Australia,2.8756
303021053,Coorparoo,0,No change,30302,Holland Park - Yeronga,303,Brisbane - South,3GBRI,Greater Brisbane,3,Queensland,AUS,Australia,5.3318
303021054,Fairfield - Dutton Park,0,No change,30302,Holland Park - Yeronga,303,Brisbane - South,3GBRI,Greater Brisbane,3,Queensland,AUS,Australia,2.079
303021055,Greenslopes,0,No change,30302,Holland Park - Yeronga,303,Brisbane - South,3GBRI,Greater Brisbane,3,Queensland,AUS,Australia,2.9543
303021056,Holland Park,0,No change,30302,Holland Park - Yeronga,303,Brisbane - South,3GBRI,Greater Brisbane,3,Queensland,AUS,Australia,3.2615
303021057,Holland Park West,0,No change,30302,Holland Park - Yeronga,303,Brisbane - South,3GBRI,Greater Brisbane,3,Queensland,AUS,Australia,2.566
303021058,Woolloongabba,0,No change,30302,Holland Park - Yeronga,303,Brisbane - South,3GBRI,Greater Brisbane,3,Queensland,AUS,Australia,2.4051
303021059,Yeronga,0,No change,30302,Holland Park - Yeronga,303,Brisbane - South,3GBRI,Greater Brisbane,3,Queensland,AUS,Australia,6.0917
303031060,Eight Mile Plains,0,No change,30303,Mt Gravatt,303,Brisbane - South,3GBRI,Greater Brisbane,3,Queensland,AUS,Australia,7.6828
303031061,Macgregor (Qld),0,No change,30303,Mt Gravatt,303,Brisbane - South,3GBRI,Greater Brisbane,3,Queensland,AUS,Australia,2.6853
303031062,Mansfield (Qld),0,No change,30303,Mt Gravatt,303,Brisbane - South,3GBRI,Greater Brisbane,3,Queensland,AUS,Australia,5.3088
303031063,Mount Gravatt,0,No change,30303,Mt Gravatt,303,Brisbane - South,3GBRI,Greater Brisbane,3,Queensland,AUS,Australia,7.3647
303031064,Rochedale - Burbank,0,No change,30303,Mt Gravatt,303,Brisbane - South,3GBRI,Greater Brisbane,3,Queensland,AUS,Australia,47.3459
303031065,Upper Mount Gravatt,0,No change,30303,Mt Gravatt,303,Brisbane - South,3GBRI,Greater Brisbane,3,Queensland,AUS,Australia,4.2122
303031066,Wishart,0,No change,30303,Mt Gravatt,303,Brisbane - South,3GBRI,Greater Brisbane,3,Queensland,AUS,Australia,4.787
303041067,Coopers Plains,0,No change,30304,Nathan,303,Brisbane - South,3GBRI,Greater Brisbane,3,Queensland,AUS,Australia,4.3818
303041068,Moorooka,0,No change,30304,Nathan,303,Brisbane - South,3GBRI,Greater Brisbane,3,Queensland,AUS,Australia,4.094
303041069,Robertson,0,No change,30304,Nathan,303,Brisbane - South,3GBRI,Greater Brisbane,3,Queensland,AUS,Australia,1.9048
303041070,Salisbury - Nathan,0,No change,30304,Nathan,303,Brisbane - South,3GBRI,Greater Brisbane,3,Queensland,AUS,Australia,9.5473
303041071,Tarragindi,0,No change,30304,Nathan,303,Brisbane - South,3GBRI,Greater Brisbane,3,Queensland,AUS,Australia,4.5496
303051072,Algester,0,No change,30305,Rocklea - Acacia Ridge,303,Brisbane - South,3GBRI,Greater Brisbane,3,Queensland,AUS,Australia,3.6903
303051074,Pallara - Willawong,0,No change,30305,Rocklea - Acacia Ridge,303,Brisbane - South,3GBRI,Greater Brisbane,3,Queensland,AUS,Australia,26.6982
303051075,Parkinson - Drewvale,0,No change,30305,Rocklea - Acacia Ridge,303,Brisbane - South,3GBRI,Greater Brisbane,3,Queensland,AUS,Australia,12.6742
303051076,Rocklea - Acacia Ridge,0,No change,30305,Rocklea - Acacia Ridge,303,Brisbane - South,3GBRI,Greater Brisbane,3,Queensland,AUS,Australia,22.4461
303051584,Calamvale,1,New,30305,Rocklea - Acacia Ridge,303,Brisbane - South,3GBRI,Greater Brisbane,3,Queensland,AUS,Australia,6.6742
303051585,Stretton - Karawatha,1,New,30305,Rocklea - Acacia Ridge,303,Brisbane - South,3GBRI,Greater Brisbane,3,Queensland,AUS,Australia,13.0617
303061077,Kuraby,0,No change,30306,Sunnybank,303,Brisbane - South,3GBRI,Greater Brisbane,3,Queensland,AUS,Australia,4.6423
303061078,Runcorn,0,No change,30306,Sunnybank,303,Brisbane - South,3GBRI,Greater Brisbane,3,Queensland,AUS,Australia,6.6898
303061079,Sunnybank,0,No change,30306,Sunnybank,303,Brisbane - South,3GBRI,Greater Brisbane,3,Queensland,AUS,Australia,4.387
303061080,Sunnybank Hills,0,No change,30306,Sunnybank,303,Brisbane - South,3GBRI,Greater Brisbane,3,Queensland,AUS,Australia,6.4409
304011081,Jindalee - Mount Ommaney,0,No change,30401,Centenary,304,Brisbane - West,3GBRI,Greater Brisbane,3,Queensland,AUS,Australia,4.8007
304011082,Middle Park - Jamboree Heights,0,No change,30401,Centenary,304,Brisbane - West,3GBRI,Greater Brisbane,3,Queensland,AUS,Australia,2.6736
304011083,Riverhills,0,No change,30401,Centenary,304,Brisbane - West,3GBRI,Greater Brisbane,3,Queensland,AUS,Australia,2.1789
304011084,Seventeen Mile Rocks - Sinnamon Park,0,No change,30401,Centenary,304,Brisbane - West,3GBRI,Greater Brisbane,3,Queensland,AUS,Australia,5.4184
304011085,Westlake,0,No change,30401,Centenary,304,Brisbane - West,3GBRI,Greater Brisbane,3,Queensland,AUS,Australia,1.9039
304021086,Bellbowrie - Moggill,0,No change,30402,Kenmore - Brookfield - Moggill,304,Brisbane - West,3GBRI,Greater Brisbane,3,Queensland,AUS,Australia,17.4209
304021087,Brookfield - Kenmore Hills,0,No change,30402,Kenmore - Brookfield - Moggill,304,Brisbane - West,3GBRI,Greater Brisbane,3,Queensland,AUS,Australia,58.0414
304021088,Chapel Hill,0,No change,30402,Kenmore - Brookfield - Moggill,304,Brisbane - West,3GBRI,Greater Brisbane,3,Queensland,AUS,Australia,5.3985
304021089,Fig Tree Pocket,0,No change,30402,Kenmore - Brookfield - Moggill,304,Brisbane - West,3GBRI,Greater Brisbane,3,Queensland,AUS,Australia,4.2808
304021090,Kenmore,0,No change,30402,Kenmore - Brookfield - Moggill,304,Brisbane - West,3GBRI,Greater Brisbane,3,Queensland,AUS,Australia,5.2795
304021091,Pinjarra Hills - Pullenvale,0,No change,30402,Kenmore - Brookfield - Moggill,304,Brisbane - West,3GBRI,Greater Brisbane,3,Queensland,AUS,Australia,44.1902
304031092,Chelmer - Graceville,0,No change,30403,Sherwood - Indooroopilly,304,Brisbane - West,3GBRI,Greater Brisbane,3,Queensland,AUS,Australia,3.2389
304031093,Corinda,0,No change,30403,Sherwood - Indooroopilly,304,Brisbane - West,3GBRI,Greater Brisbane,3,Queensland,AUS,Australia,2.884
304031094,Indooroopilly,0,No change,30403,Sherwood - Indooroopilly,304,Brisbane - West,3GBRI,Greater Brisbane,3,Queensland,AUS,Australia,7.3542
304031095,Sherwood,0,No change,30403,Sherwood - Indooroopilly,304,Brisbane - West,3GBRI,Greater Brisbane,3,Queensland,AUS,Australia,2.2804
304031096,St Lucia,0,No change,30403,Sherwood - Indooroopilly,304,Brisbane - West,3GBRI,Greater Brisbane,3,Queensland,AUS,Australia,3.4245
304031097,Taringa,0,No change,30403,Sherwood - Indooroopilly,304,Brisbane - West,3GBRI,Greater Brisbane,3,Queensland,AUS,Australia,2.1143
304041098,Enoggera,0,No change,30404,The Gap - Enoggera,304,Brisbane - West,3GBRI,Greater Brisbane,3,Queensland,AUS,Australia,9.6008
304041099,Enoggera Reservoir,0,No change,30404,The Gap - Enoggera,304,Brisbane - West,3GBRI,Greater Brisbane,3,Queensland,AUS,Australia,37.694
304041100,Keperra,0,No change,30404,The Gap - Enoggera,304,Brisbane - West,3GBRI,Greater Brisbane,3,Queensland,AUS,Australia,5.1925
304041101,Mitchelton,0,No change,30404,The Gap - Enoggera,304,Brisbane - West,3GBRI,Greater Brisbane,3,Queensland,AUS,Australia,4.2121
304041102,Mount Coot-tha,0,No change,30404,The Gap - Enoggera,304,Brisbane - West,3GBRI,Greater Brisbane,3,Queensland,AUS,Australia,14.5975
304041103,The Gap,0,No change,30404,The Gap - Enoggera,304,Brisbane - West,3GBRI,Greater Brisbane,3,Queensland,AUS,Australia,12.2584
304041104,Upper Kedron - Ferny Grove,0,No change,30404,The Gap - Enoggera,304,Brisbane - West,3GBRI,Greater Brisbane,3,Queensland,AUS,Australia,13.2022
305011105,Brisbane City,0,No change,30501,Brisbane Inner,305,Brisbane Inner City,3GBRI,Greater Brisbane,3,Queensland,AUS,Australia,2.366
305011106,Fortitude Valley,0,No change,30501,Brisbane Inner,305,Brisbane Inner City,3GBRI,Greater Brisbane,3,Queensland,AUS,Australia,1.2745
305011107,Highgate Hill,0,No change,30501,Brisbane Inner,305,Brisbane Inner City,3GBRI,Greater Brisbane,3,Queensland,AUS,Australia,1.21
305011108,Kangaroo Point,0,No change,30501,Brisbane Inner,305,Brisbane Inner City,3GBRI,Greater Brisbane,3,Queensland,AUS,Australia,1.3389
305011109,New Farm,0,No change,30501,Brisbane Inner,305,Brisbane Inner City,3GBRI,Greater Brisbane,3,Queensland,AUS,Australia,2.1438
305011110,South Brisbane,0,No change,30501,Brisbane Inner,305,Brisbane Inner City,3GBRI,Greater Brisbane,3,Queensland,AUS,Australia,2.0166
305011111,Spring Hill,0,No change,30501,Brisbane Inner,305,Brisbane Inner City,3GBRI,Greater Brisbane,3,Queensland,AUS,Australia,1.2432
305011112,West End,0,No change,30501,Brisbane Inner,305,Brisbane Inner City,3GBRI,Greater Brisbane,3,Queensland,AUS,Australia,1.9658
305021113,Balmoral,0,No change,30502,Brisbane Inner - East,305,Brisbane Inner City,3GBRI,Greater Brisbane,3,Queensland,AUS,Australia,1.3831
305021114,Bulimba,0,No change,30502,Brisbane Inner - East,305,Brisbane Inner City,3GBRI,Greater Brisbane,3,Queensland,AUS,Australia,2.0607
305021115,East Brisbane,0,No change,30502,Brisbane Inner - East,305,Brisbane Inner City,3GBRI,Greater Brisbane,3,Queensland,AUS,Australia,1.871
305021116,Hawthorne,0,No change,30502,Brisbane Inner - East,305,Brisbane Inner City,3GBRI,Greater Brisbane,3,Queensland,AUS,Australia,1.3864
305021117,Morningside - Seven Hills,0,No change,30502,Brisbane Inner - East,305,Brisbane Inner City,3GBRI,Greater Brisbane,3,Queensland,AUS,Australia,6.6453
305021118,Norman Park,0,No change,30502,Brisbane Inner - East,305,Brisbane Inner City,3GBRI,Greater Brisbane,3,Queensland,AUS,Australia,2.2523
305031119,Albion,0,No change,30503,Brisbane Inner - North,305,Brisbane Inner City,3GBRI,Greater Brisbane,3,Queensland,AUS,Australia,1.5055
305031120,Alderley,0,No change,30503,Brisbane Inner - North,305,Brisbane Inner City,3GBRI,Greater Brisbane,3,Queensland,AUS,Australia,2.4567
305031121,Ascot,0,No change,30503,Brisbane Inner - North,305,Brisbane Inner City,3GBRI,Greater Brisbane,3,Queensland,AUS,Australia,2.4681
305031122,Clayfield,0,No change,30503,Brisbane Inner - North,305,Brisbane Inner City,3GBRI,Greater Brisbane,3,Queensland,AUS,Australia,2.9262
305031123,Grange,0,No change,30503,Brisbane Inner - North,305,Brisbane Inner City,3GBRI,Greater Brisbane,3,Queensland,AUS,Australia,1.7881
305031124,Hamilton (Qld),0,No change,30503,Brisbane Inner - North,305,Brisbane Inner City,3GBRI,Greater Brisbane,3,Queensland,AUS,Australia,1.6387
305031125,Hendra,0,No change,30503,Brisbane Inner - North,305,Brisbane Inner City,3GBRI,Greater Brisbane,3,Queensland,AUS,Australia,2.6919
305031126,Kelvin Grove - Herston,0,No change,30503,Brisbane Inner - North,305,Brisbane Inner City,3GBRI,Greater Brisbane,3,Queensland,AUS,Australia,3.3694
305031127,Newmarket,0,No change,30503,Brisbane Inner - North,305,Brisbane Inner City,3GBRI,Greater Brisbane,3,Queensland,AUS,Australia,1.6584
305031128,Newstead - Bowen Hills,0,No change,30503,Brisbane Inner - North,305,Brisbane Inner City,3GBRI,Greater Brisbane,3,Queensland,AUS,Australia,3.0556
305031129,Wilston,0,No change,30503,Brisbane Inner - North,305,Brisbane Inner City,3GBRI,Greater Brisbane,3,Queensland,AUS,Australia,1.3878
305031130,Windsor,0,No change,30503,Brisbane Inner - North,305,Brisbane Inner City,3GBRI,Greater Brisbane,3,Queensland,AUS,Australia,2.9152
305031131,Wooloowin - Lutwyche,0,No change,30503,Brisbane Inner - North,305,Brisbane Inner City,3GBRI,Greater Brisbane,3,Queensland,AUS,Australia,3.0848
305041132,Ashgrove,0,No change,30504,Brisbane Inner - West,305,Brisbane Inner City,3GBRI,Greater Brisbane,3,Queensland,AUS,Australia,6.5216
305041133,Auchenflower,0,No change,30504,Brisbane Inner - West,305,Brisbane Inner City,3GBRI,Greater Brisbane,3,Queensland,AUS,Australia,1.2722
305041134,Bardon,0,No change,30504,Brisbane Inner - West,305,Brisbane Inner City,3GBRI,Greater Brisbane,3,Queensland,AUS,Australia,4.6852
305041135,Paddington - Milton,0,No change,30504,Brisbane Inner - West,305,Brisbane Inner City,3GBRI,Greater Brisbane,3,Queensland,AUS,Australia,3.5836
305041136,Red Hill (Qld),0,No change,30504,Brisbane Inner - West,305,Brisbane Inner City,3GBRI,Greater Brisbane,3,Queensland,AUS,Australia,1.69
305041137,Toowong,0,No change,30504,Brisbane Inner - West,305,Brisbane Inner City,3GBRI,Greater Brisbane,3,Queensland,AUS,Australia,3.8829
306011138,Brinsmead,0,No change,30601,Cairns - North,306,Cairns,3RQLD,Rest of Qld,3,Queensland,AUS,Australia,5.1185
306011139,Clifton Beach - Kewarra Beach,0,No change,30601,Cairns - North,306,Cairns,3RQLD,Rest of Qld,3,Queensland,AUS,Australia,37.6377
306011140,Freshwater - Stratford,0,No change,30601,Cairns - North,306,Cairns,3RQLD,Rest of Qld,3,Queensland,AUS,Australia,15.1181
306011141,Redlynch,0,No change,30601,Cairns - North,306,Cairns,3RQLD,Rest of Qld,3,Queensland,AUS,Australia,59.3881
306011142,Trinity Beach - Smithfield,0,No change,30601,Cairns - North,306,Cairns,3RQLD,Rest of Qld,3,Queensland,AUS,Australia,22.0476
306011143,Yorkeys Knob - Machans Beach,0,No change,30601,Cairns - North,306,Cairns,3RQLD,Rest of Qld,3,Queensland,AUS,Australia,21.0049
306021145,Cairns City,0,No change,30602,Cairns - South,306,Cairns,3RQLD,Rest of Qld,3,Queensland,AUS,Australia,6.2093
306021146,Earlville - Bayview Heights,0,No change,30602,Cairns - South,306,Cairns,3RQLD,Rest of Qld,3,Queensland,AUS,Australia,7.8621
306021147,Edmonton,0,No change,30602,Cairns - South,306,Cairns,3RQLD,Rest of Qld,3,Queensland,AUS,Australia,19.9982
306021148,Gordonvale - Trinity,0,No change,30602,Cairns - South,306,Cairns,3RQLD,Rest of Qld,3,Queensland,AUS,Australia,327.0868
306021149,Kanimbla - Mooroobool,0,No change,30602,Cairns - South,306,Cairns,3RQLD,Rest of Qld,3,Queensland,AUS,Australia,7.6847
306021150,Lamb Range,0,No change,30602,Cairns - South,306,Cairns,3RQLD,Rest of Qld,3,Queensland,AUS,Australia,212.6428
306021151,Manoora,0,No change,30602,Cairns - South,306,Cairns,3RQLD,Rest of Qld,3,Queensland,AUS,Australia,2.2314
306021152,Manunda,0,No change,30602,Cairns - South,306,Cairns,3RQLD,Rest of Qld,3,Queensland,AUS,Australia,4.2458
306021154,Westcourt - Bungalow,0,No change,30602,Cairns - South,306,Cairns,3RQLD,Rest of Qld,3,Queensland,AUS,Australia,9.7287
306021155,White Rock,0,No change,30602,Cairns - South,306,Cairns,3RQLD,Rest of Qld,3,Queensland,AUS,Australia,9.5277
306021156,Whitfield - Edge Hill,0,No change,30602,Cairns - South,306,Cairns,3RQLD,Rest of Qld,3,Queensland,AUS,Australia,6.9259
306021157,Woree,0,No change,30602,Cairns - South,306,Cairns,3RQLD,Rest of Qld,3,Queensland,AUS,Australia,5.7346
306021586,Bentley Park,1,New,30602,Cairns - South,306,Cairns,3RQLD,Rest of Qld,3,Queensland,AUS,Australia,7.5317
306021587,Mount Sheridan,1,New,30602,Cairns - South,306,Cairns,3RQLD,Rest of Qld,3,Queensland,AUS,Australia,6.0666
306031158,Babinda,0,No change,30603,Innisfail - Cassowary Coast,306,Cairns,3RQLD,Rest of Qld,3,Queensland,AUS,Australia,669.1832
306031159,Innisfail,0,No change,30603,Innisfail - Cassowary Coast,306,Cairns,3RQLD,Rest of Qld,3,Queensland,AUS,Australia,53.0453
306031160,Johnstone,0,No change,30603,Innisfail - Cassowary Coast,306,Cairns,3RQLD,Rest of Qld,3,Queensland,AUS,Australia,1294.6918
306031161,Tully,0,No change,30603,Innisfail - Cassowary Coast,306,Cairns,3RQLD,Rest of Qld,3,Queensland,AUS,Australia,3065.1356
306031162,Wooroonooran,0,No change,30603,Innisfail - Cassowary Coast,306,Cairns,3RQLD,Rest of Qld,3,Queensland,AUS,Australia,754.2885
306031163,Yarrabah,0,No change,30603,Innisfail - Cassowary Coast,306,Cairns,3RQLD,Rest of Qld,3,Queensland,AUS,Australia,158.8381
306041164,Daintree,0,No change,30604,Port Douglas - Daintree,306,Cairns,3RQLD,Rest of Qld,3,Queensland,AUS,Australia,2231.2024
306041165,Port Douglas,0,No change,30604,Port Douglas - Daintree,306,Cairns,3RQLD,Rest of Qld,3,Queensland,AUS,Australia,189.8889
306051166,Atherton,0,No change,30605,Tablelands (East) - Kuranda,306,Cairns,3RQLD,Rest of Qld,3,Queensland,AUS,Australia,235.1883
306051167,Herberton,0,No change,30605,Tablelands (East) - Kuranda,306,Cairns,3RQLD,Rest of Qld,3,Queensland,AUS,Australia,9549.7133
306051168,Kuranda,0,No change,30605,Tablelands (East) - Kuranda,306,Cairns,3RQLD,Rest of Qld,3,Queensland,AUS,Australia,591.3182
306051169,Malanda - Yungaburra,0,No change,30605,Tablelands (East) - Kuranda,306,Cairns,3RQLD,Rest of Qld,3,Queensland,AUS,Australia,1254.9789
306051170,Mareeba,0,No change,30605,Tablelands (East) - Kuranda,306,Cairns,3RQLD,Rest of Qld,3,Queensland,AUS,Australia,480.2032
307011171,Balonne,0,No change,30701,Darling Downs (West) - Maranoa,307,Darling Downs - Maranoa,3RQLD,Rest of Qld,3,Queensland,AUS,Australia,31104.0853
307011172,Chinchilla,0,No change,30701,Darling Downs (West) - Maranoa,307,Darling Downs - Maranoa,3RQLD,Rest of Qld,3,Queensland,AUS,Australia,8048.723
307011173,Goondiwindi,0,No change,30701,Darling Downs (West) - Maranoa,307,Darling Downs - Maranoa,3RQLD,Rest of Qld,3,Queensland,AUS,Australia,830.4585
307011174,Inglewood - Waggamba,0,No change,30701,Darling Downs (West) - Maranoa,307,Darling Downs - Maranoa,3RQLD,Rest of Qld,3,Queensland,AUS,Australia,17523.0603
307011175,Miles - Wandoan,0,No change,30701,Darling Downs (West) - Maranoa,307,Darling Downs - Maranoa,3RQLD,Rest of Qld,3,Queensland,AUS,Australia,11841.7619
307011176,Roma,0,No change,30701,Darling Downs (West) - Maranoa,307,Darling Downs - Maranoa,3RQLD,Rest of Qld,3,Queensland,AUS,Australia,78.0284
307011177,Roma Surrounds,0,No change,30701,Darling Downs (West) - Maranoa,307,Darling Downs - Maranoa,3RQLD,Rest of Qld,3,Queensland,AUS,Australia,58626.3635
307011178,Tara,0,No change,30701,Darling Downs (West) - Maranoa,307,Darling Downs - Maranoa,3RQLD,Rest of Qld,3,Queensland,AUS,Australia,13208.4395
307021179,Crows Nest - Rosalie,0,No change,30702,Darling Downs - East,307,Darling Downs - Maranoa,3RQLD,Rest of Qld,3,Queensland,AUS,Australia,3250.6881
307021180,Jondaryan,0,No change,30702,Darling Downs - East,307,Darling Downs - Maranoa,3RQLD,Rest of Qld,3,Queensland,AUS,Australia,2130.3447
307021181,Millmerran,0,No change,30702,Darling Downs - East,307,Darling Downs - Maranoa,3RQLD,Rest of Qld,3,Queensland,AUS,Australia,4517.0062
307021182,Pittsworth,0,No change,30702,Darling Downs - East,307,Darling Downs - Maranoa,3RQLD,Rest of Qld,3,Queensland,AUS,Australia,1054.9292
307021588,Dalby,1,New,30702,Darling Downs - East,307,Darling Downs - Maranoa,3RQLD,Rest of Qld,3,Queensland,AUS,Australia,310.9434
307021589,Dalby Surrounds,1,New,30702,Darling Downs - East,307,Darling Downs - Maranoa,3RQLD,Rest of Qld,3,Queensland,AUS,Australia,5389.389
307031184,Clifton - Greenmount,0,No change,30703,Granite Belt,307,Darling Downs - Maranoa,3RQLD,Rest of Qld,3,Queensland,AUS,Australia,1263.9469
307031185,Southern Downs - East,0,No change,30703,Granite Belt,307,Darling Downs - Maranoa,3RQLD,Rest of Qld,3,Queensland,AUS,Australia,1634.5787
307031186,Southern Downs - West,0,No change,30703,Granite Belt,307,Darling Downs - Maranoa,3RQLD,Rest of Qld,3,Queensland,AUS,Australia,2684.545
307031187,Stanthorpe,0,No change,30703,Granite Belt,307,Darling Downs - Maranoa,3RQLD,Rest of Qld,3,Queensland,AUS,Australia,33.6494
307031188,Stanthorpe Surrounds,0,No change,30703,Granite Belt,307,Darling Downs - Maranoa,3RQLD,Rest of Qld,3,Queensland,AUS,Australia,2657.148
307031189,Warwick,0,No change,30703,Granite Belt,307,Darling Downs - Maranoa,3RQLD,Rest of Qld,3,Queensland,AUS,Australia,158.7231
308011190,Central Highlands - East,0,No change,30801,Central Highlands (Qld),308,Central Queensland,3RQLD,Rest of Qld,3,Queensland,AUS,Australia,18635.161
308011191,Central Highlands - West,0,No change,30801,Central Highlands (Qld),308,Central Queensland,3RQLD,Rest of Qld,3,Queensland,AUS,Australia,41551.2518
308011192,Emerald,0,No change,30801,Central Highlands (Qld),308,Central Queensland,3RQLD,Rest of Qld,3,Queensland,AUS,Australia,38.982
308031205,Berserker,0,No change,30803,Rockhampton,308,Central Queensland,3RQLD,Rest of Qld,3,Queensland,AUS,Australia,10.0234
308031206,Bouldercombe,0,No change,30803,Rockhampton,308,Central Queensland,3RQLD,Rest of Qld,3,Queensland,AUS,Australia,1348.7805
308031207,Emu Park,0,No change,30803,Rockhampton,308,Central Queensland,3RQLD,Rest of Qld,3,Queensland,AUS,Australia,40.8378
308031208,Frenchville - Mount Archer,0,No change,30803,Rockhampton,308,Central Queensland,3RQLD,Rest of Qld,3,Queensland,AUS,Australia,30.2572
308031209,Glenlee - Rockyview,0,No change,30803,Rockhampton,308,Central Queensland,3RQLD,Rest of Qld,3,Queensland,AUS,Australia,208.0475
308031210,Gracemere,0,No change,30803,Rockhampton,308,Central Queensland,3RQLD,Rest of Qld,3,Queensland,AUS,Australia,153.886
308031211,Lakes Creek,0,No change,30803,Rockhampton,308,Central Queensland,3RQLD,Rest of Qld,3,Queensland,AUS,Australia,16.8069
308031212,Mount Morgan,0,No change,30803,Rockhampton,308,Central Queensland,3RQLD,Rest of Qld,3,Queensland,AUS,Australia,490.6655
308031213,Norman Gardens,0,No change,30803,Rockhampton,308,Central Queensland,3RQLD,Rest of Qld,3,Queensland,AUS,Australia,36.0391
308031214,Park Avenue,0,No change,30803,Rockhampton,308,Central Queensland,3RQLD,Rest of Qld,3,Queensland,AUS,Australia,4.9631
308031215,Parkhurst - Kawana,0,No change,30803,Rockhampton,308,Central Queensland,3RQLD,Rest of Qld,3,Queensland,AUS,Australia,28.4078
308031216,Rockhampton - West,0,No change,30803,Rockhampton,308,Central Queensland,3RQLD,Rest of Qld,3,Queensland,AUS,Australia,34.549
308031217,Rockhampton City,0,No change,30803,Rockhampton,308,Central Queensland,3RQLD,Rest of Qld,3,Queensland,AUS,Australia,51.1683
308031218,Rockhampton Surrounds - East,0,No change,30803,Rockhampton,308,Central Queensland,3RQLD,Rest of Qld,3,Queensland,AUS,Australia,680.8739
308031219,Rockhampton Surrounds - North,0,No change,30803,Rockhampton,308,Central Queensland,3RQLD,Rest of Qld,3,Queensland,AUS,Australia,7572.5913
308031220,Rockhampton Surrounds - West,0,No change,30803,Rockhampton,308,Central Queensland,3RQLD,Rest of Qld,3,Queensland,AUS,Australia,4359.2242
308031221,Shoalwater Bay,0,No change,30803,Rockhampton,308,Central Queensland,3RQLD,Rest of Qld,3,Queensland,AUS,Australia,3176.9625
308031222,The Range - Allenstown,0,No change,30803,Rockhampton,308,Central Queensland,3RQLD,Rest of Qld,3,Queensland,AUS,Australia,5.4954
308031223,Yeppoon,0,No change,30803,Rockhampton,308,Central Queensland,3RQLD,Rest of Qld,3,Queensland,AUS,Australia,78.5556
308041528,Banana,0,No change,30804,Biloela,308,Central Queensland,3RQLD,Rest of Qld,3,Queensland,AUS,Australia,28531.147
308041529,Biloela,0,No change,30804,Biloela,308,Central Queensland,3RQLD,Rest of Qld,3,Queensland,AUS,Australia,18.8932
308051530,Agnes Water - Miriam Vale,0,No change,30805,Gladstone,308,Central Queensland,3RQLD,Rest of Qld,3,Queensland,AUS,Australia,3772.801
308051531,Boyne Island - Tannum Sands,0,No change,30805,Gladstone,308,Central Queensland,3RQLD,Rest of Qld,3,Queensland,AUS,Australia,122.9585
308051532,Callemondah,0,No change,30805,Gladstone,308,Central Queensland,3RQLD,Rest of Qld,3,Queensland,AUS,Australia,32.726
308051533,Clinton - New Auckland,0,No change,30805,Gladstone,308,Central Queensland,3RQLD,Rest of Qld,3,Queensland,AUS,Australia,22.7815
308051534,Gladstone,0,No change,30805,Gladstone,308,Central Queensland,3RQLD,Rest of Qld,3,Queensland,AUS,Australia,10.2312
308051535,Gladstone Hinterland,0,No change,30805,Gladstone,308,Central Queensland,3RQLD,Rest of Qld,3,Queensland,AUS,Australia,6465.4026
308051536,Kin Kora - Sun Valley,0,No change,30805,Gladstone,308,Central Queensland,3RQLD,Rest of Qld,3,Queensland,AUS,Australia,2.6877
308051537,South Trees,0,No change,30805,Gladstone,308,Central Queensland,3RQLD,Rest of Qld,3,Queensland,AUS,Australia,24.1106
308051538,Telina - Toolooa,0,No change,30805,Gladstone,308,Central Queensland,3RQLD,Rest of Qld,3,Queensland,AUS,Australia,23.5131
308051539,West Gladstone,0,No change,30805,Gladstone,308,Central Queensland,3RQLD,Rest of Qld,3,Queensland,AUS,Australia,7.0739
309011224,Broadbeach Waters,0,No change,30901,Broadbeach - Burleigh,309,Gold Coast,3RQLD,Rest of Qld,3,Queensland,AUS,Australia,5.3144
309011225,Burleigh Heads,0,No change,30901,Broadbeach - Burleigh,309,Gold Coast,3RQLD,Rest of Qld,3,Queensland,AUS,Australia,8.5594
309011226,Burleigh Waters,0,No change,30901,Broadbeach - Burleigh,309,Gold Coast,3RQLD,Rest of Qld,3,Queensland,AUS,Australia,6.7193
309011227,Mermaid Beach - Broadbeach,0,No change,30901,Broadbeach - Burleigh,309,Gold Coast,3RQLD,Rest of Qld,3,Queensland,AUS,Australia,2.9987
309011228,Mermaid Waters,0,No change,30901,Broadbeach - Burleigh,309,Gold Coast,3RQLD,Rest of Qld,3,Queensland,AUS,Australia,7.0845
309011229,Miami,0,No change,30901,Broadbeach - Burleigh,309,Gold Coast,3RQLD,Rest of Qld,3,Queensland,AUS,Australia,2.9963
309021230,Coolangatta,0,No change,30902,Coolangatta,309,Gold Coast,3RQLD,Rest of Qld,3,Queensland,AUS,Australia,1.9016
309021231,Currumbin - Tugun,0,No change,30902,Coolangatta,309,Gold Coast,3RQLD,Rest of Qld,3,Queensland,AUS,Australia,7.9354
309021232,Currumbin Waters,0,No change,30902,Coolangatta,309,Gold Coast,3RQLD,Rest of Qld,3,Queensland,AUS,Australia,9.8705
309021233,Elanora,0,No change,30902,Coolangatta,309,Gold Coast,3RQLD,Rest of Qld,3,Queensland,AUS,Australia,8.8935
309021234,Palm Beach,0,No change,30902,Coolangatta,309,Gold Coast,3RQLD,Rest of Qld,3,Queensland,AUS,Australia,6.3316
309031235,Arundel,0,No change,30903,Gold Coast - North,309,Gold Coast,3RQLD,Rest of Qld,3,Queensland,AUS,Australia,9.7384
309031236,Biggera Waters,0,No change,30903,Gold Coast - North,309,Gold Coast,3RQLD,Rest of Qld,3,Queensland,AUS,Australia,3.1748
309031237,Coombabah,0,No change,30903,Gold Coast - North,309,Gold Coast,3RQLD,Rest of Qld,3,Queensland,AUS,Australia,11.6056
309031238,Labrador,0,No change,30903,Gold Coast - North,309,Gold Coast,3RQLD,Rest of Qld,3,Queensland,AUS,Australia,4.9957
309031239,Paradise Point - Hollywell,0,No change,30903,Gold Coast - North,309,Gold Coast,3RQLD,Rest of Qld,3,Queensland,AUS,Australia,5.6629
309031240,Runaway Bay,0,No change,30903,Gold Coast - North,309,Gold Coast,3RQLD,Rest of Qld,3,Queensland,AUS,Australia,5.4921
309041241,Guanaba - Springbrook,0,No change,30904,Gold Coast Hinterland,309,Gold Coast,3RQLD,Rest of Qld,3,Queensland,AUS,Australia,303.6558
309041242,Tamborine - Canungra,0,No change,30904,Gold Coast Hinterland,309,Gold Coast,3RQLD,Rest of Qld,3,Queensland,AUS,Australia,524.3914
309051243,Currumbin Valley - Tallebudgera,0,No change,30905,Mudgeeraba - Tallebudgera,309,Gold Coast,3RQLD,Rest of Qld,3,Queensland,AUS,Australia,114.3088
309051244,Mudgeeraba - Bonogin,0,No change,30905,Mudgeeraba - Tallebudgera,309,Gold Coast,3RQLD,Rest of Qld,3,Queensland,AUS,Australia,66.6425
309051245,Reedy Creek - Andrews,0,No change,30905,Mudgeeraba - Tallebudgera,309,Gold Coast,3RQLD,Rest of Qld,3,Queensland,AUS,Australia,8.0893
309061246,Carrara,0,No change,30906,Nerang,309,Gold Coast,3RQLD,Rest of Qld,3,Queensland,AUS,Australia,14.5908
309061247,Highland Park,0,No change,30906,Nerang,309,Gold Coast,3RQLD,Rest of Qld,3,Queensland,AUS,Australia,4.6312
309061248,Nerang - Mount Nathan,0,No change,30906,Nerang,309,Gold Coast,3RQLD,Rest of Qld,3,Queensland,AUS,Australia,61.4985
309061249,Pacific Pines - Gaven,0,No change,30906,Nerang,309,Gold Coast,3RQLD,Rest of Qld,3,Queensland,AUS,Australia,16.4182
309061250,Worongary - Tallai,0,No change,30906,Nerang,309,Gold Coast,3RQLD,Rest of Qld,3,Queensland,AUS,Australia,26.0146
309071252,Helensvale,0,No change,30907,Ormeau - Oxenford,309,Gold Coast,3RQLD,Rest of Qld,3,Queensland,AUS,Australia,20.1332
309071253,Hope Island,0,No change,30907,Ormeau - Oxenford,309,Gold Coast,3RQLD,Rest of Qld,3,Queensland,AUS,Australia,55.7797
309071254,Jacobs Well - Alberton,0,No change,30907,Ormeau - Oxenford,309,Gold Coast,3RQLD,Rest of Qld,3,Queensland,AUS,Australia,153.7124
309071256,Oxenford - Maudsland,0,No change,30907,Ormeau - Oxenford,309,Gold Coast,3RQLD,Rest of Qld,3,Queensland,AUS,Australia,26.857
309071552,Ormeau (East) - Stapylton,0,No change,30907,Ormeau - Oxenford,309,Gold Coast,3RQLD,Rest of Qld,3,Queensland,AUS,Australia,25.6024
309071553,Ormeau (West) - Yatala,0,No change,30907,Ormeau - Oxenford,309,Gold Coast,3RQLD,Rest of Qld,3,Queensland,AUS,Australia,46.5481
309071554,Pimpama - North,0,No change,30907,Ormeau - Oxenford,309,Gold Coast,3RQLD,Rest of Qld,3,Queensland,AUS,Australia,31.8633
309071555,Pimpama - South,0,No change,30907,Ormeau - Oxenford,309,Gold Coast,3RQLD,Rest of Qld,3,Queensland,AUS,Australia,4.3806
309071556,Upper Coomera (South) - Wongawallan,0,No change,30907,Ormeau - Oxenford,309,Gold Coast,3RQLD,Rest of Qld,3,Queensland,AUS,Australia,68.8494
309071557,Upper Coomera - North,0,No change,30907,Ormeau - Oxenford,309,Gold Coast,3RQLD,Rest of Qld,3,Queensland,AUS,Australia,15.6015
309071558,Willow Vale - Pimpama (West),0,No change,30907,Ormeau - Oxenford,309,Gold Coast,3RQLD,Rest of Qld,3,Queensland,AUS,Australia,45.8761
309071590,Coomera - North,1,New,30907,Ormeau - Oxenford,309,Gold Coast,3RQLD,Rest of Qld,3,Queensland,AUS,Australia,16.0967
309071591,Coomera - South,1,New,30907,Ormeau - Oxenford,309,Gold Coast,3RQLD,Rest of Qld,3,Queensland,AUS,Australia,8.5607
309081259,Clear Island Waters,0,No change,30908,Robina,309,Gold Coast,3RQLD,Rest of Qld,3,Queensland,AUS,Australia,4.4005
309081260,Merrimac,0,No change,30908,Robina,309,Gold Coast,3RQLD,Rest of Qld,3,Queensland,AUS,Australia,8.322
309081262,Varsity Lakes,0,No change,30908,Robina,309,Gold Coast,3RQLD,Rest of Qld,3,Queensland,AUS,Australia,5.9507
309081559,Robina - East,0,No change,30908,Robina,309,Gold Coast,3RQLD,Rest of Qld,3,Queensland,AUS,Australia,8.3268
309081560,Robina - West,0,No change,30908,Robina,309,Gold Coast,3RQLD,Rest of Qld,3,Queensland,AUS,Australia,6.6326
309091263,Ashmore,0,No change,30909,Southport,309,Gold Coast,3RQLD,Rest of Qld,3,Queensland,AUS,Australia,6.8308
309091264,Molendinar,0,No change,30909,Southport,309,Gold Coast,3RQLD,Rest of Qld,3,Queensland,AUS,Australia,7.6539
309091265,Parkwood,0,No change,30909,Southport,309,Gold Coast,3RQLD,Rest of Qld,3,Queensland,AUS,Australia,6.2058
309091540,Southport - North,0,No change,30909,Southport,309,Gold Coast,3RQLD,Rest of Qld,3,Queensland,AUS,Australia,7.7133
309091541,Southport - South,0,No change,30909,Southport,309,Gold Coast,3RQLD,Rest of Qld,3,Queensland,AUS,Australia,6.6527
309101267,Benowa,0,No change,30910,Surfers Paradise,309,Gold Coast,3RQLD,Rest of Qld,3,Queensland,AUS,Australia,6.5536
309101268,Bundall,0,No change,30910,Surfers Paradise,309,Gold Coast,3RQLD,Rest of Qld,3,Queensland,AUS,Australia,3.902
309101269,Main Beach,0,No change,30910,Surfers Paradise,309,Gold Coast,3RQLD,Rest of Qld,3,Queensland,AUS,Australia,3.4601
309101561,Surfers Paradise - North,0,No change,30910,Surfers Paradise,309,Gold Coast,3RQLD,Rest of Qld,3,Queensland,AUS,Australia,2.4569
309101562,Surfers Paradise - South,0,No change,30910,Surfers Paradise,309,Gold Coast,3RQLD,Rest of Qld,3,Queensland,AUS,Australia,3.3391
310011271,Darra - Sumner,0,No change,31001,Forest Lake - Oxley,310,Ipswich,3GBRI,Greater Brisbane,3,Queensland,AUS,Australia,7.464
310011272,Durack,0,No change,31001,Forest Lake - Oxley,310,Ipswich,3GBRI,Greater Brisbane,3,Queensland,AUS,Australia,4.3652
310011274,Inala - Richlands,0,No change,31001,Forest Lake - Oxley,310,Ipswich,3GBRI,Greater Brisbane,3,Queensland,AUS,Australia,10.8743
310011275,Oxley (Qld),0,No change,31001,Forest Lake - Oxley,310,Ipswich,3GBRI,Greater Brisbane,3,Queensland,AUS,Australia,6.9162
310011276,Wacol,0,No change,31001,Forest Lake - Oxley,310,Ipswich,3GBRI,Greater Brisbane,3,Queensland,AUS,Australia,19.0567
310011563,Doolandella,0,No change,31001,Forest Lake - Oxley,310,Ipswich,3GBRI,Greater Brisbane,3,Queensland,AUS,Australia,4.0295
310011564,Forest Lake - Ellen Grove,0,No change,31001,Forest Lake - Oxley,310,Ipswich,3GBRI,Greater Brisbane,3,Queensland,AUS,Australia,11.0079
310021277,Boonah,0,No change,31002,Ipswich Hinterland,310,Ipswich,3GBRI,Greater Brisbane,3,Queensland,AUS,Australia,2099.4596
310021278,Esk,0,No change,31002,Ipswich Hinterland,310,Ipswich,3GBRI,Greater Brisbane,3,Queensland,AUS,Australia,1889.6919
310021279,Lake Manchester - England Creek,0,No change,31002,Ipswich Hinterland,310,Ipswich,3GBRI,Greater Brisbane,3,Queensland,AUS,Australia,112.8254
310021280,Lockyer Valley - East,0,No change,31002,Ipswich Hinterland,310,Ipswich,3GBRI,Greater Brisbane,3,Queensland,AUS,Australia,741.5888
310021281,Lowood,0,No change,31002,Ipswich Hinterland,310,Ipswich,3GBRI,Greater Brisbane,3,Queensland,AUS,Australia,617.6973
310021282,Rosewood,0,No change,31002,Ipswich Hinterland,310,Ipswich,3GBRI,Greater Brisbane,3,Queensland,AUS,Australia,674.5529
310031283,Brassall,0,No change,31003,Ipswich Inner,310,Ipswich,3GBRI,Greater Brisbane,3,Queensland,AUS,Australia,8.2062
310031284,Bundamba,0,No change,31003,Ipswich Inner,310,Ipswich,3GBRI,Greater Brisbane,3,Queensland,AUS,Australia,17.2485
310031285,Churchill - Yamanto,0,No change,31003,Ipswich Inner,310,Ipswich,3GBRI,Greater Brisbane,3,Queensland,AUS,Australia,9.3656
310031286,Ipswich - Central,0,No change,31003,Ipswich Inner,310,Ipswich,3GBRI,Greater Brisbane,3,Queensland,AUS,Australia,7.8712
310031287,Ipswich - East,0,No change,31003,Ipswich Inner,310,Ipswich,3GBRI,Greater Brisbane,3,Queensland,AUS,Australia,11.4813
310031288,Ipswich - North,0,No change,31003,Ipswich Inner,310,Ipswich,3GBRI,Greater Brisbane,3,Queensland,AUS,Australia,65.1896
310031289,Karalee - Barellan Point,0,No change,31003,Ipswich Inner,310,Ipswich,3GBRI,Greater Brisbane,3,Queensland,AUS,Australia,19.2137
310031290,Karana Downs,0,No change,31003,Ipswich Inner,310,Ipswich,3GBRI,Greater Brisbane,3,Queensland,AUS,Australia,62.1929
310031291,Leichhardt - One Mile,0,No change,31003,Ipswich Inner,310,Ipswich,3GBRI,Greater Brisbane,3,Queensland,AUS,Australia,20.2237
310031292,North Ipswich - Tivoli,0,No change,31003,Ipswich Inner,310,Ipswich,3GBRI,Greater Brisbane,3,Queensland,AUS,Australia,9.564
310031293,Raceview,0,No change,31003,Ipswich Inner,310,Ipswich,3GBRI,Greater Brisbane,3,Queensland,AUS,Australia,9.1487
310031295,Riverview,0,No change,31003,Ipswich Inner,310,Ipswich,3GBRI,Greater Brisbane,3,Queensland,AUS,Australia,7.7848
310031592,Ripley - East,1,New,31003,Ipswich Inner,310,Ipswich,3GBRI,Greater Brisbane,3,Queensland,AUS,Australia,24.6203
310031593,Ripley - West,1,New,31003,Ipswich Inner,310,Ipswich,3GBRI,Greater Brisbane,3,Queensland,AUS,Australia,7.8037
310031594,South Ripley - Deebing Heights,1,New,31003,Ipswich Inner,310,Ipswich,3GBRI,Greater Brisbane,3,Queensland,AUS,Australia,98.1419
310041297,Camira - Gailes,0,No change,31004,Springfield - Redbank,310,Ipswich,3GBRI,Greater Brisbane,3,Queensland,AUS,Australia,9.396
310041298,Carole Park,0,No change,31004,Springfield - Redbank,310,Ipswich,3GBRI,Greater Brisbane,3,Queensland,AUS,Australia,4.0275
310041299,Collingwood Park - Redbank,0,No change,31004,Springfield - Redbank,310,Ipswich,3GBRI,Greater Brisbane,3,Queensland,AUS,Australia,15.744
310041300,Goodna,0,No change,31004,Springfield - Redbank,310,Ipswich,3GBRI,Greater Brisbane,3,Queensland,AUS,Australia,7.8594
310041301,New Chum,0,No change,31004,Springfield - Redbank,310,Ipswich,3GBRI,Greater Brisbane,3,Queensland,AUS,Australia,5.9998
310041303,Springfield,0,No change,31004,Springfield - Redbank,310,Ipswich,3GBRI,Greater Brisbane,3,Queensland,AUS,Australia,6.6757
310041565,Augustine Heights - Brookwater,0,No change,31004,Springfield - Redbank,310,Ipswich,3GBRI,Greater Brisbane,3,Queensland,AUS,Australia,9.5941
310041566,Bellbird Park,0,No change,31004,Springfield - Redbank,310,Ipswich,3GBRI,Greater Brisbane,3,Queensland,AUS,Australia,6.5085
310041595,Redbank Plains - East,1,New,31004,Springfield - Redbank,310,Ipswich,3GBRI,Greater Brisbane,3,Queensland,AUS,Australia,9.5723
310041596,Redbank Plains - West,1,New,31004,Springfield - Redbank,310,Ipswich,3GBRI,Greater Brisbane,3,Queensland,AUS,Australia,9.8021
310041597,Spring Mountain - Springfield Central,1,New,31004,Springfield - Redbank,310,Ipswich,3GBRI,Greater Brisbane,3,Queensland,AUS,Australia,9.5093
310041598,Springfield Lakes,1,New,31004,Springfield - Redbank,310,Ipswich,3GBRI,Greater Brisbane,3,Queensland,AUS,Australia,8.9043
311011305,Beaudesert,0,No change,31101,Beaudesert,311,Logan - Beaudesert,3GBRI,Greater Brisbane,3,Queensland,AUS,Australia,1628.0297
311021306,Beenleigh,0,No change,31102,Beenleigh,311,Logan - Beaudesert,3GBRI,Greater Brisbane,3,Queensland,AUS,Australia,7.6722
311021307,Eagleby,0,No change,31102,Beenleigh,311,Logan - Beaudesert,3GBRI,Greater Brisbane,3,Queensland,AUS,Australia,13.816
311021308,Edens Landing - Holmview,0,No change,31102,Beenleigh,311,Logan - Beaudesert,3GBRI,Greater Brisbane,3,Queensland,AUS,Australia,6.6119
311021309,Mount Warren Park,0,No change,31102,Beenleigh,311,Logan - Beaudesert,3GBRI,Greater Brisbane,3,Queensland,AUS,Australia,4.2169
311021310,Wolffdene - Bahrs Scrub,0,No change,31102,Beenleigh,311,Logan - Beaudesert,3GBRI,Greater Brisbane,3,Queensland,AUS,Australia,27.8338
311031312,Browns Plains,0,No change,31103,Browns Plains,311,Logan - Beaudesert,3GBRI,Greater Brisbane,3,Queensland,AUS,Australia,7.329
311031313,Chambers Flat - Logan Reserve,0,No change,31103,Browns Plains,311,Logan - Beaudesert,3GBRI,Greater Brisbane,3,Queensland,AUS,Australia,36.3074
311031314,Crestmead,0,No change,31103,Browns Plains,311,Logan - Beaudesert,3GBRI,Greater Brisbane,3,Queensland,AUS,Australia,6.9677
311031315,Greenbank Military Camp,0,No change,31103,Browns Plains,311,Logan - Beaudesert,3GBRI,Greater Brisbane,3,Queensland,AUS,Australia,40.5688
311031316,Hillcrest,0,No change,31103,Browns Plains,311,Logan - Beaudesert,3GBRI,Greater Brisbane,3,Queensland,AUS,Australia,9.3798
311031317,Marsden,0,No change,31103,Browns Plains,311,Logan - Beaudesert,3GBRI,Greater Brisbane,3,Queensland,AUS,Australia,6.9167
311031318,Munruben - Park Ridge South,0,No change,31103,Browns Plains,311,Logan - Beaudesert,3GBRI,Greater Brisbane,3,Queensland,AUS,Australia,20.7728
311031319,Regents Park - Heritage Park,0,No change,31103,Browns Plains,311,Logan - Beaudesert,3GBRI,Greater Brisbane,3,Queensland,AUS,Australia,9.385
311031599,Boronia Heights - Greenbank (North),1,New,31103,Browns Plains,311,Logan - Beaudesert,3GBRI,Greater Brisbane,3,Queensland,AUS,Australia,15.9789
311031600,Park Ridge - North,1,New,31103,Browns Plains,311,Logan - Beaudesert,3GBRI,Greater Brisbane,3,Queensland,AUS,Australia,6.5691
311031601,Park Ridge - South,1,New,31103,Browns Plains,311,Logan - Beaudesert,3GBRI,Greater Brisbane,3,Queensland,AUS,Australia,9.404
311041322,Logan Village,0,No change,31104,Jimboomba,311,Logan - Beaudesert,3GBRI,Greater Brisbane,3,Queensland,AUS,Australia,74.3213
311041567,Flagstone (East) - Riverbend,0,No change,31104,Jimboomba,311,Logan - Beaudesert,3GBRI,Greater Brisbane,3,Queensland,AUS,Australia,28.9185
311041568,Flagstone (West) - New Beith,0,No change,31104,Jimboomba,311,Logan - Beaudesert,3GBRI,Greater Brisbane,3,Queensland,AUS,Australia,185.7544
311041569,Greenbank - North Maclean,0,No change,31104,Jimboomba,311,Logan - Beaudesert,3GBRI,Greater Brisbane,3,Queensland,AUS,Australia,72.6981
311041570,Jimboomba - Glenlogan,0,No change,31104,Jimboomba,311,Logan - Beaudesert,3GBRI,Greater Brisbane,3,Queensland,AUS,Australia,181.6685
311041571,Yarrabilba,0,No change,31104,Jimboomba,311,Logan - Beaudesert,3GBRI,Greater Brisbane,3,Queensland,AUS,Australia,39.073
311051323,Bethania - Waterford,0,No change,31105,Loganlea - Carbrook,311,Logan - Beaudesert,3GBRI,Greater Brisbane,3,Queensland,AUS,Australia,12.6296
311051324,Cornubia - Carbrook,0,No change,31105,Loganlea - Carbrook,311,Logan - Beaudesert,3GBRI,Greater Brisbane,3,Queensland,AUS,Australia,37.5373
311051325,Loganholme - Tanah Merah,0,No change,31105,Loganlea - Carbrook,311,Logan - Beaudesert,3GBRI,Greater Brisbane,3,Queensland,AUS,Australia,13.2828
311051326,Loganlea,0,No change,31105,Loganlea - Carbrook,311,Logan - Beaudesert,3GBRI,Greater Brisbane,3,Queensland,AUS,Australia,11.3071
311051327,Shailer Park,0,No change,31105,Loganlea - Carbrook,311,Logan - Beaudesert,3GBRI,Greater Brisbane,3,Queensland,AUS,Australia,8.0261
311051328,Waterford West,0,No change,31105,Loganlea - Carbrook,311,Logan - Beaudesert,3GBRI,Greater Brisbane,3,Queensland,AUS,Australia,5.9446
311061329,Daisy Hill,0,No change,31106,Springwood - Kingston,311,Logan - Beaudesert,3GBRI,Greater Brisbane,3,Queensland,AUS,Australia,8.9794
311061330,Kingston (Qld),0,No change,31106,Springwood - Kingston,311,Logan - Beaudesert,3GBRI,Greater Brisbane,3,Queensland,AUS,Australia,6.8058
311061331,Logan Central,0,No change,31106,Springwood - Kingston,311,Logan - Beaudesert,3GBRI,Greater Brisbane,3,Queensland,AUS,Australia,5.1335
311061332,Rochedale South - Priestdale,0,No change,31106,Springwood - Kingston,311,Logan - Beaudesert,3GBRI,Greater Brisbane,3,Queensland,AUS,Australia,13.0112
311061333,Slacks Creek,0,No change,31106,Springwood - Kingston,311,Logan - Beaudesert,3GBRI,Greater Brisbane,3,Queensland,AUS,Australia,8.3056
311061334,Springwood,0,No change,31106,Springwood - Kingston,311,Logan - Beaudesert,3GBRI,Greater Brisbane,3,Queensland,AUS,Australia,6.1501
311061335,Underwood,0,No change,31106,Springwood - Kingston,311,Logan - Beaudesert,3GBRI,Greater Brisbane,3,Queensland,AUS,Australia,4.1871
311061336,Woodridge,0,No change,31106,Springwood - Kingston,311,Logan - Beaudesert,3GBRI,Greater Brisbane,3,Queensland,AUS,Australia,4.6699
312011337,Bowen,0,No change,31201,Bowen Basin - North,312,Mackay - Isaac - Whitsunday,3RQLD,Rest of Qld,3,Queensland,AUS,Australia,52.6281
312011338,Broadsound - Nebo,0,No change,31201,Bowen Basin - North,312,Mackay - Isaac - Whitsunday,3RQLD,Rest of Qld,3,Queensland,AUS,Australia,27991.3924
312011339,Clermont,0,No change,31201,Bowen Basin - North,312,Mackay - Isaac - Whitsunday,3RQLD,Rest of Qld,3,Queensland,AUS,Australia,27669.8887
312011340,Collinsville,0,No change,31201,Bowen Basin - North,312,Mackay - Isaac - Whitsunday,3RQLD,Rest of Qld,3,Queensland,AUS,Australia,21092.2366
312011341,Moranbah,0,No change,31201,Bowen Basin - North,312,Mackay - Isaac - Whitsunday,3RQLD,Rest of Qld,3,Queensland,AUS,Australia,3046.6388
312021342,Andergrove - Beaconsfield,0,No change,31202,Mackay,312,Mackay - Isaac - Whitsunday,3RQLD,Rest of Qld,3,Queensland,AUS,Australia,17.556
312021343,East Mackay,0,No change,31202,Mackay,312,Mackay - Isaac - Whitsunday,3RQLD,Rest of Qld,3,Queensland,AUS,Australia,4.6173
312021344,Eimeo - Rural View,0,No change,31202,Mackay,312,Mackay - Isaac - Whitsunday,3RQLD,Rest of Qld,3,Queensland,AUS,Australia,22.0329
312021345,Eungella Hinterland,0,No change,31202,Mackay,312,Mackay - Isaac - Whitsunday,3RQLD,Rest of Qld,3,Queensland,AUS,Australia,2048.7749
312021346,Mackay,0,No change,31202,Mackay,312,Mackay - Isaac - Whitsunday,3RQLD,Rest of Qld,3,Queensland,AUS,Australia,3.973
312021347,Mackay Harbour,0,No change,31202,Mackay,312,Mackay - Isaac - Whitsunday,3RQLD,Rest of Qld,3,Queensland,AUS,Australia,10.1718
312021348,Mount Pleasant - Glenella,0,No change,31202,Mackay,312,Mackay - Isaac - Whitsunday,3RQLD,Rest of Qld,3,Queensland,AUS,Australia,56.2685
312021349,North Mackay,0,No change,31202,Mackay,312,Mackay - Isaac - Whitsunday,3RQLD,Rest of Qld,3,Queensland,AUS,Australia,9.6826
312021350,Ooralea - Bakers Creek,0,No change,31202,Mackay,312,Mackay - Isaac - Whitsunday,3RQLD,Rest of Qld,3,Queensland,AUS,Australia,48.6972
312021351,Pioneer Valley,0,No change,31202,Mackay,312,Mackay - Isaac - Whitsunday,3RQLD,Rest of Qld,3,Queensland,AUS,Australia,1184.1721
312021352,Sarina,0,No change,31202,Mackay,312,Mackay - Isaac - Whitsunday,3RQLD,Rest of Qld,3,Queensland,AUS,Australia,1439.6459
312021353,Seaforth - Calen,0,No change,31202,Mackay,312,Mackay - Isaac - Whitsunday,3RQLD,Rest of Qld,3,Queensland,AUS,Australia,2104.0859
312021354,Shoal Point - Bucasia,0,No change,31202,Mackay,312,Mackay - Isaac - Whitsunday,3RQLD,Rest of Qld,3,Queensland,AUS,Australia,17.8539
312021355,Slade Point,0,No change,31202,Mackay,312,Mackay - Isaac - Whitsunday,3RQLD,Rest of Qld,3,Queensland,AUS,Australia,8.893
312021356,South Mackay,0,No change,31202,Mackay,312,Mackay - Isaac - Whitsunday,3RQLD,Rest of Qld,3,Queensland,AUS,Australia,6.8909
312021357,Walkerston - Eton,0,No change,31202,Mackay,312,Mackay - Isaac - Whitsunday,3RQLD,Rest of Qld,3,Queensland,AUS,Australia,624.1894
312021358,West Mackay,0,No change,31202,Mackay,312,Mackay - Isaac - Whitsunday,3RQLD,Rest of Qld,3,Queensland,AUS,Australia,5.7909
312031359,Airlie - Whitsundays,0,No change,31203,Whitsunday,312,Mackay - Isaac - Whitsunday,3RQLD,Rest of Qld,3,Queensland,AUS,Australia,304.0916
312031360,Cape Conway,0,No change,31203,Whitsunday,312,Mackay - Isaac - Whitsunday,3RQLD,Rest of Qld,3,Queensland,AUS,Australia,295.3659
312031361,Proserpine,0,No change,31203,Whitsunday,312,Mackay - Isaac - Whitsunday,3RQLD,Rest of Qld,3,Queensland,AUS,Australia,2074.6507
313011362,Beachmere - Sandstone Point,0,No change,31301,Bribie - Beachmere,313,Moreton Bay - North,3GBRI,Greater Brisbane,3,Queensland,AUS,Australia,110.0959
313011363,Bribie Island,0,No change,31301,Bribie - Beachmere,313,Moreton Bay - North,3GBRI,Greater Brisbane,3,Queensland,AUS,Australia,145.3505
313021364,Burpengary - East,0,No change,31302,Caboolture,313,Moreton Bay - North,3GBRI,Greater Brisbane,3,Queensland,AUS,Australia,27.2034
313021367,Elimbah,0,No change,31302,Caboolture,313,Moreton Bay - North,3GBRI,Greater Brisbane,3,Queensland,AUS,Australia,101.1794
313021368,Morayfield - East,0,No change,31302,Caboolture,313,Moreton Bay - North,3GBRI,Greater Brisbane,3,Queensland,AUS,Australia,8.523
313021369,Wamuran,0,No change,31302,Caboolture,313,Moreton Bay - North,3GBRI,Greater Brisbane,3,Queensland,AUS,Australia,89.386
313021572,Caboolture - East,0,No change,31302,Caboolture,313,Moreton Bay - North,3GBRI,Greater Brisbane,3,Queensland,AUS,Australia,49.8626
313021573,Caboolture - West,0,No change,31302,Caboolture,313,Moreton Bay - North,3GBRI,Greater Brisbane,3,Queensland,AUS,Australia,24.5906
313021602,Bellmere,1,New,31302,Caboolture,313,Moreton Bay - North,3GBRI,Greater Brisbane,3,Queensland,AUS,Australia,2.6565
313021603,Caboolture - South,1,New,31302,Caboolture,313,Moreton Bay - North,3GBRI,Greater Brisbane,3,Queensland,AUS,Australia,5.6778
313021604,Morayfield - North,1,New,31302,Caboolture,313,Moreton Bay - North,3GBRI,Greater Brisbane,3,Queensland,AUS,Australia,5.6424
313031370,Kilcoy,0,No change,31303,Caboolture Hinterland,313,Moreton Bay - North,3GBRI,Greater Brisbane,3,Queensland,AUS,Australia,2863.2647
313031371,Woodford - D'Aguilar,0,No change,31303,Caboolture Hinterland,313,Moreton Bay - North,3GBRI,Greater Brisbane,3,Queensland,AUS,Australia,525.0207
313041372,Burpengary,0,No change,31304,Narangba - Burpengary,313,Moreton Bay - North,3GBRI,Greater Brisbane,3,Queensland,AUS,Australia,22.3344
313041373,Deception Bay,0,No change,31304,Narangba - Burpengary,313,Moreton Bay - North,3GBRI,Greater Brisbane,3,Queensland,AUS,Australia,31.878
313041374,Morayfield,0,No change,31304,Narangba - Burpengary,313,Moreton Bay - North,3GBRI,Greater Brisbane,3,Queensland,AUS,Australia,24.9309
313041375,Narangba,0,No change,31304,Narangba - Burpengary,313,Moreton Bay - North,3GBRI,Greater Brisbane,3,Queensland,AUS,Australia,37.7085
313041376,Upper Caboolture,0,No change,31304,Narangba - Burpengary,313,Moreton Bay - North,3GBRI,Greater Brisbane,3,Queensland,AUS,Australia,55.5614
313051377,Clontarf,0,No change,31305,Redcliffe,313,Moreton Bay - North,3GBRI,Greater Brisbane,3,Queensland,AUS,Australia,6.3079
313051378,Margate - Woody Point,0,No change,31305,Redcliffe,313,Moreton Bay - North,3GBRI,Greater Brisbane,3,Queensland,AUS,Australia,4.2806
313051379,Redcliffe,0,No change,31305,Redcliffe,313,Moreton Bay - North,3GBRI,Greater Brisbane,3,Queensland,AUS,Australia,4.1828
313051380,Rothwell - Kippa-Ring,0,No change,31305,Redcliffe,313,Moreton Bay - North,3GBRI,Greater Brisbane,3,Queensland,AUS,Australia,15.3908
313051574,Moreton Island,0,No change,31305,Redcliffe,313,Moreton Bay - North,3GBRI,Greater Brisbane,3,Queensland,AUS,Australia,175.3154
313051575,Scarborough - Newport,0,No change,31305,Redcliffe,313,Moreton Bay - North,3GBRI,Greater Brisbane,3,Queensland,AUS,Australia,8.1122
314011382,Albany Creek,0,No change,31401,The Hills District,314,Moreton Bay - South,3GBRI,Greater Brisbane,3,Queensland,AUS,Australia,9.7818
314011383,Cashmere,0,No change,31401,The Hills District,314,Moreton Bay - South,3GBRI,Greater Brisbane,3,Queensland,AUS,Australia,45.233
314011384,Dayboro,0,No change,31401,The Hills District,314,Moreton Bay - South,3GBRI,Greater Brisbane,3,Queensland,AUS,Australia,406.8379
314011385,Eatons Hill,0,No change,31401,The Hills District,314,Moreton Bay - South,3GBRI,Greater Brisbane,3,Queensland,AUS,Australia,9.1057
314011386,The Hills District,0,No change,31401,The Hills District,314,Moreton Bay - South,3GBRI,Greater Brisbane,3,Queensland,AUS,Australia,31.6341
314011387,Samford Valley,0,No change,31401,The Hills District,314,Moreton Bay - South,3GBRI,Greater Brisbane,3,Queensland,AUS,Australia,166.0989
314021576,Dakabin,0,No change,31402,North Lakes,314,Moreton Bay - South,3GBRI,Greater Brisbane,3,Queensland,AUS,Australia,5.5668
314021577,Kallangur,0,No change,31402,North Lakes,314,Moreton Bay - South,3GBRI,Greater Brisbane,3,Queensland,AUS,Australia,11.0701
314021578,Mango Hill,0,No change,31402,North Lakes,314,Moreton Bay - South,3GBRI,Greater Brisbane,3,Queensland,AUS,Australia,15.357
314021579,North Lakes,0,No change,31402,North Lakes,314,Moreton Bay - South,3GBRI,Greater Brisbane,3,Queensland,AUS,Australia,11.8041
314021605,Griffin,1,New,31402,North Lakes,314,Moreton Bay - South,3GBRI,Greater Brisbane,3,Queensland,AUS,Australia,15.9926
314021606,Murrumba Downs,1,New,31402,North Lakes,314,Moreton Bay - South,3GBRI,Greater Brisbane,3,Queensland,AUS,Australia,6.5266
314031391,Bray Park,0,No change,31403,Strathpine,314,Moreton Bay - South,3GBRI,Greater Brisbane,3,Queensland,AUS,Australia,4.4865
314031392,Lawnton,0,No change,31403,Strathpine,314,Moreton Bay - South,3GBRI,Greater Brisbane,3,Queensland,AUS,Australia,9.2992
314031393,Petrie,0,No change,31403,Strathpine,314,Moreton Bay - South,3GBRI,Greater Brisbane,3,Queensland,AUS,Australia,6.7374
314031394,Strathpine - Brendale,0,No change,31403,Strathpine,314,Moreton Bay - South,3GBRI,Greater Brisbane,3,Queensland,AUS,Australia,17.8734
315011395,Aurukun,0,No change,31501,Far North,315,Queensland - Outback,3RQLD,Rest of Qld,3,Queensland,AUS,Australia,7423.9891
315011396,Cape York,0,No change,31501,Far North,315,Queensland - Outback,3RQLD,Rest of Qld,3,Queensland,AUS,Australia,112961.0043
315011397,Croydon - Etheridge,0,No change,31501,Far North,315,Queensland - Outback,3RQLD,Rest of Qld,3,Queensland,AUS,Australia,68697.1989
315011398,Kowanyama - Pormpuraaw,0,No change,31501,Far North,315,Queensland - Outback,3RQLD,Rest of Qld,3,Queensland,AUS,Australia,6950.6983
315011399,Northern Peninsula,0,No change,31501,Far North,315,Queensland - Outback,3RQLD,Rest of Qld,3,Queensland,AUS,Australia,1052.0676
315011400,Tablelands,0,No change,31501,Far North,315,Queensland - Outback,3RQLD,Rest of Qld,3,Queensland,AUS,Australia,52419.5297
315011401,Torres,0,No change,31501,Far North,315,Queensland - Outback,3RQLD,Rest of Qld,3,Queensland,AUS,Australia,883.7404
315011402,Torres Strait Islands,0,No change,31501,Far North,315,Queensland - Outback,3RQLD,Rest of Qld,3,Queensland,AUS,Australia,490.0453
315011403,Weipa,0,No change,31501,Far North,315,Queensland - Outback,3RQLD,Rest of Qld,3,Queensland,AUS,Australia,15.8036
315021404,Carpentaria,0,No change,31502,Outback - North,315,Queensland - Outback,3RQLD,Rest of Qld,3,Queensland,AUS,Australia,114443.5806
315021405,Mount Isa,0,No change,31502,Outback - North,315,Queensland - Outback,3RQLD,Rest of Qld,3,Queensland,AUS,Australia,68.6964
315021406,Mount Isa Surrounds,0,No change,31502,Outback - North,315,Queensland - Outback,3RQLD,Rest of Qld,3,Queensland,AUS,Australia,84051.7637
315021407,Northern Highlands,0,No change,31502,Outback - North,315,Queensland - Outback,3RQLD,Rest of Qld,3,Queensland,AUS,Australia,108517.4857
315031408,Barcaldine - Blackall,0,No change,31503,Outback - South,315,Queensland - Outback,3RQLD,Rest of Qld,3,Queensland,AUS,Australia,83919.9028
315031409,Charleville,0,No change,31503,Outback - South,315,Queensland - Outback,3RQLD,Rest of Qld,3,Queensland,AUS,Australia,40699.7589
315031410,Far Central West,0,No change,31503,Outback - South,315,Queensland - Outback,3RQLD,Rest of Qld,3,Queensland,AUS,Australia,271274.4761
315031411,Far South West,0,No change,31503,Outback - South,315,Queensland - Outback,3RQLD,Rest of Qld,3,Queensland,AUS,Australia,188751.5919
315031412,Longreach,0,No change,31503,Outback - South,315,Queensland - Outback,3RQLD,Rest of Qld,3,Queensland,AUS,Australia,40572.2448
316011413,Buderim - North,0,No change,31601,Buderim,316,Sunshine Coast,3RQLD,Rest of Qld,3,Queensland,AUS,Australia,24.1124
316011414,Buderim - South,0,No change,31601,Buderim,316,Sunshine Coast,3RQLD,Rest of Qld,3,Queensland,AUS,Australia,30.1384
316011415,Mountain Creek,0,No change,31601,Buderim,316,Sunshine Coast,3RQLD,Rest of Qld,3,Queensland,AUS,Australia,7.368
316011416,Sippy Downs,0,No change,31601,Buderim,316,Sunshine Coast,3RQLD,Rest of Qld,3,Queensland,AUS,Australia,14.511
316021417,Aroona - Currimundi,0,No change,31602,Caloundra,316,Sunshine Coast,3RQLD,Rest of Qld,3,Queensland,AUS,Australia,5.5136
316021418,Buddina - Minyama,0,No change,31602,Caloundra,316,Sunshine Coast,3RQLD,Rest of Qld,3,Queensland,AUS,Australia,4.0969
316021419,Caloundra - Kings Beach,0,No change,31602,Caloundra,316,Sunshine Coast,3RQLD,Rest of Qld,3,Queensland,AUS,Australia,3.9911
316021421,Golden Beach - Pelican Waters,0,No change,31602,Caloundra,316,Sunshine Coast,3RQLD,Rest of Qld,3,Queensland,AUS,Australia,10.4531
316021422,Moffat Beach - Battery Hill,0,No change,31602,Caloundra,316,Sunshine Coast,3RQLD,Rest of Qld,3,Queensland,AUS,Australia,3.8929
316021423,Parrearra - Warana,0,No change,31602,Caloundra,316,Sunshine Coast,3RQLD,Rest of Qld,3,Queensland,AUS,Australia,6.8868
316021424,Wurtulla - Birtinya,0,No change,31602,Caloundra,316,Sunshine Coast,3RQLD,Rest of Qld,3,Queensland,AUS,Australia,6.8438
316021581,Meridan Plains - Little Mountain (North),0,No change,31602,Caloundra,316,Sunshine Coast,3RQLD,Rest of Qld,3,Queensland,AUS,Australia,24.0367
316021607,Caloundra West - Baringa,1,New,31602,Caloundra,316,Sunshine Coast,3RQLD,Rest of Qld,3,Queensland,AUS,Australia,31.4701
316021608,Nirimba - Banya,1,New,31602,Caloundra,316,Sunshine Coast,3RQLD,Rest of Qld,3,Queensland,AUS,Australia,15.9216
316031425,Coolum Beach,0,No change,31603,Maroochy,316,Sunshine Coast,3RQLD,Rest of Qld,3,Queensland,AUS,Australia,18.1108
316031426,Marcoola - Mudjimba,0,No change,31603,Maroochy,316,Sunshine Coast,3RQLD,Rest of Qld,3,Queensland,AUS,Australia,32.8881
316031428,Mooloolaba - Alexandra Headland,0,No change,31603,Maroochy,316,Sunshine Coast,3RQLD,Rest of Qld,3,Queensland,AUS,Australia,5.5009
316031609,Maroochydore - South,1,New,31603,Maroochy,316,Sunshine Coast,3RQLD,Rest of Qld,3,Queensland,AUS,Australia,5.6759
316031610,Maroochydore (North) - Kuluin,1,New,31603,Maroochy,316,Sunshine Coast,3RQLD,Rest of Qld,3,Queensland,AUS,Australia,8.1738
316051434,Noosa Heads,0,No change,31605,Noosa,316,Sunshine Coast,3RQLD,Rest of Qld,3,Queensland,AUS,Australia,13.0071
316051435,Noosaville,0,No change,31605,Noosa,316,Sunshine Coast,3RQLD,Rest of Qld,3,Queensland,AUS,Australia,26.4403
316051437,Sunshine Beach,0,No change,31605,Noosa,316,Sunshine Coast,3RQLD,Rest of Qld,3,Queensland,AUS,Australia,7.2839
316051438,Tewantin,0,No change,31605,Noosa,316,Sunshine Coast,3RQLD,Rest of Qld,3,Queensland,AUS,Australia,25.618
316051543,Peregian Beach - Marcus Beach,0,No change,31605,Noosa,316,Sunshine Coast,3RQLD,Rest of Qld,3,Queensland,AUS,Australia,13.6938
316051544,Peregian Springs,0,No change,31605,Noosa,316,Sunshine Coast,3RQLD,Rest of Qld,3,Queensland,AUS,Australia,6.0599
316061439,Beerwah,0,No change,31606,Sunshine Coast Hinterland,316,Sunshine Coast,3RQLD,Rest of Qld,3,Queensland,AUS,Australia,148.6221
316061440,Caloundra Hinterland,0,No change,31606,Sunshine Coast Hinterland,316,Sunshine Coast,3RQLD,Rest of Qld,3,Queensland,AUS,Australia,459.3262
316061441,Glass House Mountains,0,No change,31606,Sunshine Coast Hinterland,316,Sunshine Coast,3RQLD,Rest of Qld,3,Queensland,AUS,Australia,184.2289
316061442,Landsborough,0,No change,31606,Sunshine Coast Hinterland,316,Sunshine Coast,3RQLD,Rest of Qld,3,Queensland,AUS,Australia,134.5716
316061443,Maroochy Hinterland,0,No change,31606,Sunshine Coast Hinterland,316,Sunshine Coast,3RQLD,Rest of Qld,3,Queensland,AUS,Australia,526.3125
316061444,Palmwoods,0,No change,31606,Sunshine Coast Hinterland,316,Sunshine Coast,3RQLD,Rest of Qld,3,Queensland,AUS,Australia,115.2092
316071545,Bli Bli,0,No change,31607,Nambour,316,Sunshine Coast,3RQLD,Rest of Qld,3,Queensland,AUS,Australia,44.7696
316071546,Diddillibah - Rosemount,0,No change,31607,Nambour,316,Sunshine Coast,3RQLD,Rest of Qld,3,Queensland,AUS,Australia,31.3023
316071547,Eumundi - Yandina,0,No change,31607,Nambour,316,Sunshine Coast,3RQLD,Rest of Qld,3,Queensland,AUS,Australia,215.7896
316071548,Nambour,0,No change,31607,Nambour,316,Sunshine Coast,3RQLD,Rest of Qld,3,Queensland,AUS,Australia,54.0249
316081549,Noosa Hinterland,0,No change,31608,Noosa Hinterland,316,Sunshine Coast,3RQLD,Rest of Qld,3,Queensland,AUS,Australia,820.0661
317021611,Darling Heights,2,Code change,31702,Toowoomba,317,Toowoomba,3RQLD,Rest of Qld,3,Queensland,AUS,Australia,12.536
317021612,Drayton - Harristown,2,Code change,31702,Toowoomba,317,Toowoomba,3RQLD,Rest of Qld,3,Queensland,AUS,Australia,16.2779
317021613,Middle Ridge,2,Code change,31702,Toowoomba,317,Toowoomba,3RQLD,Rest of Qld,3,Queensland,AUS,Australia,8.6802
317021614,Newtown (Qld),2,Code change,31702,Toowoomba,317,Toowoomba,3RQLD,Rest of Qld,3,Queensland,AUS,Australia,5.5435
317021615,North Toowoomba - Harlaxton,2,Code change,31702,Toowoomba,317,Toowoomba,3RQLD,Rest of Qld,3,Queensland,AUS,Australia,10.3068
317021616,Rangeville,2,Code change,31702,Toowoomba,317,Toowoomba,3RQLD,Rest of Qld,3,Queensland,AUS,Australia,8.2521
317021617,Toowoomba - Central,2,Code change,31702,Toowoomba,317,Toowoomba,3RQLD,Rest of Qld,3,Queensland,AUS,Australia,9.5179
317021618,Toowoomba - East,2,Code change,31702,Toowoomba,317,Toowoomba,3RQLD,Rest of Qld,3,Queensland,AUS,Australia,19.4162
317021619,Toowoomba - West,2,Code change,31702,Toowoomba,317,Toowoomba,3RQLD,Rest of Qld,3,Queensland,AUS,Australia,161.2949
317021620,Wilsonton,2,Code change,31702,Toowoomba,317,Toowoomba,3RQLD,Rest of Qld,3,Queensland,AUS,Australia,18.9444
317031621,Cambooya - Wyreema,2,Code change,31703,Toowoomba Surrounds,317,Toowoomba,3RQLD,Rest of Qld,3,Queensland,AUS,Australia,227.5385
317031622,Gatton,2,Code change,31703,Toowoomba Surrounds,317,Toowoomba,3RQLD,Rest of Qld,3,Queensland,AUS,Australia,49.9778
317031623,Gowrie (Qld),2,Code change,31703,Toowoomba Surrounds,317,Toowoomba,3RQLD,Rest of Qld,3,Queensland,AUS,Australia,81.0099
317031624,Highfields,2,Code change,31703,Toowoomba Surrounds,317,Toowoomba,3RQLD,Rest of Qld,3,Queensland,AUS,Australia,149.2804
317031625,Lockyer Valley - West,2,Code change,31703,Toowoomba Surrounds,317,Toowoomba,3RQLD,Rest of Qld,3,Queensland,AUS,Australia,1480.2183
318011460,Ayr,0,No change,31801,Charters Towers - Ayr - Ingham,318,Townsville,3RQLD,Rest of Qld,3,Queensland,AUS,Australia,69.8291
318011461,Burdekin,0,No change,31801,Charters Towers - Ayr - Ingham,318,Townsville,3RQLD,Rest of Qld,3,Queensland,AUS,Australia,4878.6303
318011462,Charters Towers,0,No change,31801,Charters Towers - Ayr - Ingham,318,Townsville,3RQLD,Rest of Qld,3,Queensland,AUS,Australia,41.8593
318011463,Dalrymple,0,No change,31801,Charters Towers - Ayr - Ingham,318,Townsville,3RQLD,Rest of Qld,3,Queensland,AUS,Australia,68340.3059
318011464,Ingham,0,No change,31801,Charters Towers - Ayr - Ingham,318,Townsville,3RQLD,Rest of Qld,3,Queensland,AUS,Australia,41.6192
318011465,Ingham Surrounds,0,No change,31801,Charters Towers - Ayr - Ingham,318,Townsville,3RQLD,Rest of Qld,3,Queensland,AUS,Australia,2765.5696
318011466,Palm Island,0,No change,31801,Charters Towers - Ayr - Ingham,318,Townsville,3RQLD,Rest of Qld,3,Queensland,AUS,Australia,71.9928
318021467,Aitkenvale,0,No change,31802,Townsville,318,Townsville,3RQLD,Rest of Qld,3,Queensland,AUS,Australia,3.3069
318021468,Annandale (Qld),0,No change,31802,Townsville,318,Townsville,3RQLD,Rest of Qld,3,Queensland,AUS,Australia,18.8364
318021469,Belgian Gardens - Pallarenda,0,No change,31802,Townsville,318,Townsville,3RQLD,Rest of Qld,3,Queensland,AUS,Australia,39.829
318021470,Bohle Plains,0,No change,31802,Townsville,318,Townsville,3RQLD,Rest of Qld,3,Queensland,AUS,Australia,100.0623
318021471,Condon - Rasmussen,0,No change,31802,Townsville,318,Townsville,3RQLD,Rest of Qld,3,Queensland,AUS,Australia,46.1617
318021472,Cranbrook,0,No change,31802,Townsville,318,Townsville,3RQLD,Rest of Qld,3,Queensland,AUS,Australia,3.3581
318021474,Douglas,0,No change,31802,Townsville,318,Townsville,3RQLD,Rest of Qld,3,Queensland,AUS,Australia,78.9574
318021475,Garbutt - West End,0,No change,31802,Townsville,318,Townsville,3RQLD,Rest of Qld,3,Queensland,AUS,Australia,17.0488
318021476,Gulliver - Currajong - Vincent,0,No change,31802,Townsville,318,Townsville,3RQLD,Rest of Qld,3,Queensland,AUS,Australia,4.9312
318021477,Heatley,0,No change,31802,Townsville,318,Townsville,3RQLD,Rest of Qld,3,Queensland,AUS,Australia,2.0316
318021478,Hermit Park - Rosslea,0,No change,31802,Townsville,318,Townsville,3RQLD,Rest of Qld,3,Queensland,AUS,Australia,3.8838
318021479,Hyde Park - Pimlico,0,No change,31802,Townsville,318,Townsville,3RQLD,Rest of Qld,3,Queensland,AUS,Australia,3.1985
318021480,Kelso,0,No change,31802,Townsville,318,Townsville,3RQLD,Rest of Qld,3,Queensland,AUS,Australia,170.3565
318021481,Kirwan - East,0,No change,31802,Townsville,318,Townsville,3RQLD,Rest of Qld,3,Queensland,AUS,Australia,3.5233
318021482,Kirwan - West,0,No change,31802,Townsville,318,Townsville,3RQLD,Rest of Qld,3,Queensland,AUS,Australia,9.3421
318021483,Magnetic Island,0,No change,31802,Townsville,318,Townsville,3RQLD,Rest of Qld,3,Queensland,AUS,Australia,51.1523
318021484,Mount Louisa,0,No change,31802,Townsville,318,Townsville,3RQLD,Rest of Qld,3,Queensland,AUS,Australia,31.602
318021485,Mundingburra,0,No change,31802,Townsville,318,Townsville,3RQLD,Rest of Qld,3,Queensland,AUS,Australia,2.6394
318021486,Northern Beaches,0,No change,31802,Townsville,318,Townsville,3RQLD,Rest of Qld,3,Queensland,AUS,Australia,1008.6848
318021487,Oonoonba,0,No change,31802,Townsville,318,Townsville,3RQLD,Rest of Qld,3,Queensland,AUS,Australia,8.6993
318021488,South Townsville - Railway Estate,0,No change,31802,Townsville,318,Townsville,3RQLD,Rest of Qld,3,Queensland,AUS,Australia,9.179
318021489,Townsville - South,0,No change,31802,Townsville,318,Townsville,3RQLD,Rest of Qld,3,Queensland,AUS,Australia,2073.17
318021490,Townsville City - North Ward,0,No change,31802,Townsville,318,Townsville,3RQLD,Rest of Qld,3,Queensland,AUS,Australia,6.763
318021491,Wulguru - Roseneath,0,No change,31802,Townsville,318,Townsville,3RQLD,Rest of Qld,3,Queensland,AUS,Australia,63.5182
318021582,Burdell - Mount Low,0,No change,31802,Townsville,318,Townsville,3RQLD,Rest of Qld,3,Queensland,AUS,Australia,44.0387
318021583,Deeragun - Jensen,0,No change,31802,Townsville,318,Townsville,3RQLD,Rest of Qld,3,Queensland,AUS,Australia,22.0178
319011492,Ashfield - Kepnock,0,No change,31901,Bundaberg,319,Wide Bay,3RQLD,Rest of Qld,3,Queensland,AUS,Australia,8.0749
319011493,Bargara - Burnett Heads,0,No change,31901,Bundaberg,319,Wide Bay,3RQLD,Rest of Qld,3,Queensland,AUS,Australia,144.6155
319011494,Branyan - Kensington,0,No change,31901,Bundaberg,319,Wide Bay,3RQLD,Rest of Qld,3,Queensland,AUS,Australia,50.4255
319011495,Bundaberg,0,No change,31901,Bundaberg,319,Wide Bay,3RQLD,Rest of Qld,3,Queensland,AUS,Australia,6.1218
319011496,Bundaberg East - Kalkie,0,No change,31901,Bundaberg,319,Wide Bay,3RQLD,Rest of Qld,3,Queensland,AUS,Australia,13.7591
319011497,Bundaberg North - Gooburrum,0,No change,31901,Bundaberg,319,Wide Bay,3RQLD,Rest of Qld,3,Queensland,AUS,Australia,53.8539
319011498,Bundaberg Surrounds - North,0,No change,31901,Bundaberg,319,Wide Bay,3RQLD,Rest of Qld,3,Queensland,AUS,Australia,1273.6853
319011499,Bundaberg Surrounds - South,0,No change,31901,Bundaberg,319,Wide Bay,3RQLD,Rest of Qld,3,Queensland,AUS,Australia,2207.1817
319011500,Millbank - Avoca,0,No change,31901,Bundaberg,319,Wide Bay,3RQLD,Rest of Qld,3,Queensland,AUS,Australia,9.54
319011501,Svensson Heights - Norville,0,No change,31901,Bundaberg,319,Wide Bay,3RQLD,Rest of Qld,3,Queensland,AUS,Australia,6.399
319011502,Walkervale - Avenell Heights,0,No change,31901,Bundaberg,319,Wide Bay,3RQLD,Rest of Qld,3,Queensland,AUS,Australia,12.442
319021503,Gayndah - Mundubbera,0,No change,31902,Burnett,319,Wide Bay,3RQLD,Rest of Qld,3,Queensland,AUS,Australia,8513.3531
319021504,Gin Gin,0,No change,31902,Burnett,319,Wide Bay,3RQLD,Rest of Qld,3,Queensland,AUS,Australia,2355.4672
319021505,Kingaroy,0,No change,31902,Burnett,319,Wide Bay,3RQLD,Rest of Qld,3,Queensland,AUS,Australia,70.1948
319021506,Kingaroy Surrounds - North,0,No change,31902,Burnett,319,Wide Bay,3RQLD,Rest of Qld,3,Queensland,AUS,Australia,4332.3357
319021507,Kingaroy Surrounds - South,0,No change,31902,Burnett,319,Wide Bay,3RQLD,Rest of Qld,3,Queensland,AUS,Australia,2370.7257
319021508,Monto - Eidsvold,0,No change,31902,Burnett,319,Wide Bay,3RQLD,Rest of Qld,3,Queensland,AUS,Australia,11156.4958
319021509,Nanango,0,No change,31902,Burnett,319,Wide Bay,3RQLD,Rest of Qld,3,Queensland,AUS,Australia,1648.7359
319021510,North Burnett,0,No change,31902,Burnett,319,Wide Bay,3RQLD,Rest of Qld,3,Queensland,AUS,Australia,289.5233
319031511,Cooloola,0,No change,31903,Gympie - Cooloola,319,Wide Bay,3RQLD,Rest of Qld,3,Queensland,AUS,Australia,1141.646
319031512,Gympie - North,0,No change,31903,Gympie - Cooloola,319,Wide Bay,3RQLD,Rest of Qld,3,Queensland,AUS,Australia,42.6857
319031513,Gympie - South,0,No change,31903,Gympie - Cooloola,319,Wide Bay,3RQLD,Rest of Qld,3,Queensland,AUS,Australia,26.7758
319031514,Gympie Surrounds,0,No change,31903,Gympie - Cooloola,319,Wide Bay,3RQLD,Rest of Qld,3,Queensland,AUS,Australia,2544.6626
319031515,Kilkivan,0,No change,31903,Gympie - Cooloola,319,Wide Bay,3RQLD,Rest of Qld,3,Queensland,AUS,Australia,3219.4646
319041516,Booral - River Heads,0,No change,31904,Hervey Bay,319,Wide Bay,3RQLD,Rest of Qld,3,Queensland,AUS,Australia,158.5522
319041517,Craignish - Dundowran Beach,0,No change,31904,Hervey Bay,319,Wide Bay,3RQLD,Rest of Qld,3,Queensland,AUS,Australia,35.6108
319041518,Pialba - Eli Waters,0,No change,31904,Hervey Bay,319,Wide Bay,3RQLD,Rest of Qld,3,Queensland,AUS,Australia,18.7193
319041519,Point Vernon,0,No change,31904,Hervey Bay,319,Wide Bay,3RQLD,Rest of Qld,3,Queensland,AUS,Australia,4.8459
319041520,Torquay - Scarness - Kawungan,0,No change,31904,Hervey Bay,319,Wide Bay,3RQLD,Rest of Qld,3,Queensland,AUS,Australia,10.9418
319041521,Urangan - Wondunna,0,No change,31904,Hervey Bay,319,Wide Bay,3RQLD,Rest of Qld,3,Queensland,AUS,Australia,22.8862
319051522,Burrum - Fraser,0,No change,31905,Maryborough,319,Wide Bay,3RQLD,Rest of Qld,3,Queensland,AUS,Australia,2759.2425
319051523,Granville (Qld),3,Name change,31905,Maryborough,319,Wide Bay,3RQLD,Rest of Qld,3,Queensland,AUS,Australia,49.0134
319051524,Maryborough (Qld),0,No change,31905,Maryborough,319,Wide Bay,3RQLD,Rest of Qld,3,Queensland,AUS,Australia,84.2739
319051525,Maryborough Surrounds - South,0,No change,31905,Maryborough,319,Wide Bay,3RQLD,Rest of Qld,3,Queensland,AUS,Australia,3823.0847
319051526,Tinana,0,No change,31905,Maryborough,319,Wide Bay,3RQLD,Rest of Qld,3,Queensland,AUS,Australia,37.3373
397979799,Migratory - Offshore - Shipping (Qld),0,No change,39797,Migratory - Offshore - Shipping (Qld),397,Migratory - Offshore - Shipping (Qld),39799,Migratory - Offshore - Shipping (Qld),3,Queensland,AUS,Australia,
399999499,No usual address (Qld),0,No change,39999,No usual address (Qld),399,No usual address (Qld),39499,No usual address (Qld),3,Queensland,AUS,Australia,
401011001,Adelaide,0,No change,40101,Adelaide City,401,Adelaide - Central and Hills,4GADE,Greater Adelaide,4,South Australia,AUS,Australia,10.4824
401011002,North Adelaide,0,No change,40101,Adelaide City,401,Adelaide - Central and Hills,4GADE,Greater Adelaide,4,South Australia,AUS,Australia,5.0909
401021003,Adelaide Hills,0,No change,40102,Adelaide Hills,401,Adelaide - Central and Hills,4GADE,Greater Adelaide,4,South Australia,AUS,Australia,364.4389
401021004,Aldgate - Stirling,0,No change,40102,Adelaide Hills,401,Adelaide - Central and Hills,4GADE,Greater Adelaide,4,South Australia,AUS,Australia,117.2141
401021005,Hahndorf - Echunga,0,No change,40102,Adelaide Hills,401,Adelaide - Central and Hills,4GADE,Greater Adelaide,4,South Australia,AUS,Australia,110.1517
401021006,Lobethal - Woodside,0,No change,40102,Adelaide Hills,401,Adelaide - Central and Hills,4GADE,Greater Adelaide,4,South Australia,AUS,Australia,202.4981
401021008,Mount Barker Surrounds,0,No change,40102,Adelaide Hills,401,Adelaide - Central and Hills,4GADE,Greater Adelaide,4,South Australia,AUS,Australia,395.6659
401021009,Nairne,0,No change,40102,Adelaide Hills,401,Adelaide - Central and Hills,4GADE,Greater Adelaide,4,South Australia,AUS,Australia,24.8562
401021010,Uraidla - Summertown,0,No change,40102,Adelaide Hills,401,Adelaide - Central and Hills,4GADE,Greater Adelaide,4,South Australia,AUS,Australia,119.1881
401021179,Littlehampton,1,New,40102,Adelaide Hills,401,Adelaide - Central and Hills,4GADE,Greater Adelaide,4,South Australia,AUS,Australia,16.2041
401021180,Mount Barker - East,1,New,40102,Adelaide Hills,401,Adelaide - Central and Hills,4GADE,Greater Adelaide,4,South Australia,AUS,Australia,17.4737
401021181,Mount Barker - West,1,New,40102,Adelaide Hills,401,Adelaide - Central and Hills,4GADE,Greater Adelaide,4,South Australia,AUS,Australia,20.4262
401031011,Burnside - Wattle Park,0,No change,40103,Burnside,401,Adelaide - Central and Hills,4GADE,Greater Adelaide,4,South Australia,AUS,Australia,11.305
401031012,Beaumont - Glen Osmond,0,No change,40103,Burnside,401,Adelaide - Central and Hills,4GADE,Greater Adelaide,4,South Australia,AUS,Australia,9.5264
401031013,Toorak Gardens,0,No change,40103,Burnside,401,Adelaide - Central and Hills,4GADE,Greater Adelaide,4,South Australia,AUS,Australia,6.6868
401041014,Athelstone,0,No change,40104,Campbelltown (SA),401,Adelaide - Central and Hills,4GADE,Greater Adelaide,4,South Australia,AUS,Australia,6.204
401041015,Paradise - Newton,0,No change,40104,Campbelltown (SA),401,Adelaide - Central and Hills,4GADE,Greater Adelaide,4,South Australia,AUS,Australia,9.2256
401041182,Magill - Tranmere,1,New,40104,Campbelltown (SA),401,Adelaide - Central and Hills,4GADE,Greater Adelaide,4,South Australia,AUS,Australia,3.9104
401041183,Rostrevor - Hectorville,1,New,40104,Campbelltown (SA),401,Adelaide - Central and Hills,4GADE,Greater Adelaide,4,South Australia,AUS,Australia,6.0279
401051017,Norwood (SA),0,No change,40105,Norwood - Payneham - St Peters,401,Adelaide - Central and Hills,4GADE,Greater Adelaide,4,South Australia,AUS,Australia,3.8926
401051018,Payneham - Felixstow,0,No change,40105,Norwood - Payneham - St Peters,401,Adelaide - Central and Hills,4GADE,Greater Adelaide,4,South Australia,AUS,Australia,5.2284
401051019,St Peters - Marden,0,No change,40105,Norwood - Payneham - St Peters,401,Adelaide - Central and Hills,4GADE,Greater Adelaide,4,South Australia,AUS,Australia,5.9826
401061020,Nailsworth - Broadview,0,No change,40106,Prospect - Walkerville,401,Adelaide - Central and Hills,4GADE,Greater Adelaide,4,South Australia,AUS,Australia,2.3161
401061021,Prospect,0,No change,40106,Prospect - Walkerville,401,Adelaide - Central and Hills,4GADE,Greater Adelaide,4,South Australia,AUS,Australia,5.4754
401061022,Walkerville,0,No change,40106,Prospect - Walkerville,401,Adelaide - Central and Hills,4GADE,Greater Adelaide,4,South Australia,AUS,Australia,3.53
401071023,Goodwood - Millswood,0,No change,40107,Unley,401,Adelaide - Central and Hills,4GADE,Greater Adelaide,4,South Australia,AUS,Australia,7.1978
401071024,Unley - Parkside,0,No change,40107,Unley,401,Adelaide - Central and Hills,4GADE,Greater Adelaide,4,South Australia,AUS,Australia,7.0726
402011025,Gawler - North,0,No change,40201,Gawler - Two Wells,402,Adelaide - North,4GADE,Greater Adelaide,4,South Australia,AUS,Australia,145.5294
402011026,Gawler - South,0,No change,40201,Gawler - Two Wells,402,Adelaide - North,4GADE,Greater Adelaide,4,South Australia,AUS,Australia,76.7143
402011027,Lewiston - Two Wells,0,No change,40201,Gawler - Two Wells,402,Adelaide - North,4GADE,Greater Adelaide,4,South Australia,AUS,Australia,84.6217
402021028,Craigmore - Blakeview,0,No change,40202,Playford,402,Adelaide - North,4GADE,Greater Adelaide,4,South Australia,AUS,Australia,11.8809
402021029,Davoren Park,0,No change,40202,Playford,402,Adelaide - North,4GADE,Greater Adelaide,4,South Australia,AUS,Australia,9.4648
402021030,Elizabeth,0,No change,40202,Playford,402,Adelaide - North,4GADE,Greater Adelaide,4,South Australia,AUS,Australia,9.2607
402021031,Elizabeth East,0,No change,40202,Playford,402,Adelaide - North,4GADE,Greater Adelaide,4,South Australia,AUS,Australia,8.1823
402021032,Munno Para West - Angle Vale,0,No change,40202,Playford,402,Adelaide - North,4GADE,Greater Adelaide,4,South Australia,AUS,Australia,44.3115
402021033,One Tree Hill,0,No change,40202,Playford,402,Adelaide - North,4GADE,Greater Adelaide,4,South Australia,AUS,Australia,130.1511
402021034,Smithfield - Elizabeth North,0,No change,40202,Playford,402,Adelaide - North,4GADE,Greater Adelaide,4,South Australia,AUS,Australia,7.9871
402021035,Virginia - Waterloo Corner,0,No change,40202,Playford,402,Adelaide - North,4GADE,Greater Adelaide,4,South Australia,AUS,Australia,135.5662
402031038,Windsor Gardens,0,No change,40203,Port Adelaide - East,402,Adelaide - North,4GADE,Greater Adelaide,4,South Australia,AUS,Australia,8.4299
402031175,Northgate - Northfield,0,No change,40203,Port Adelaide - East,402,Adelaide - North,4GADE,Greater Adelaide,4,South Australia,AUS,Australia,6.5508
402031176,Valley View - Gilles Plains,0,No change,40203,Port Adelaide - East,402,Adelaide - North,4GADE,Greater Adelaide,4,South Australia,AUS,Australia,4.683
402031184,Blair Athol - Kilburn,1,New,40203,Port Adelaide - East,402,Adelaide - North,4GADE,Greater Adelaide,4,South Australia,AUS,Australia,10.0463
402031185,Enfield - Clearview,1,New,40203,Port Adelaide - East,402,Adelaide - North,4GADE,Greater Adelaide,4,South Australia,AUS,Australia,5.1302
402041039,Dry Creek - North,0,No change,40204,Salisbury,402,Adelaide - North,4GADE,Greater Adelaide,4,South Australia,AUS,Australia,38.5669
402041040,Ingle Farm,0,No change,40204,Salisbury,402,Adelaide - North,4GADE,Greater Adelaide,4,South Australia,AUS,Australia,7.4263
402041041,Para Hills,0,No change,40204,Salisbury,402,Adelaide - North,4GADE,Greater Adelaide,4,South Australia,AUS,Australia,10.173
402041042,Parafield,0,No change,40204,Salisbury,402,Adelaide - North,4GADE,Greater Adelaide,4,South Australia,AUS,Australia,4.6289
402041043,Parafield Gardens,0,No change,40204,Salisbury,402,Adelaide - North,4GADE,Greater Adelaide,4,South Australia,AUS,Australia,7.0272
402041044,Paralowie,0,No change,40204,Salisbury,402,Adelaide - North,4GADE,Greater Adelaide,4,South Australia,AUS,Australia,8.3213
402041046,Salisbury,0,No change,40204,Salisbury,402,Adelaide - North,4GADE,Greater Adelaide,4,South Australia,AUS,Australia,10.7696
402041047,Salisbury East,0,No change,40204,Salisbury,402,Adelaide - North,4GADE,Greater Adelaide,4,South Australia,AUS,Australia,14.8505
402041048,Salisbury North,0,No change,40204,Salisbury,402,Adelaide - North,4GADE,Greater Adelaide,4,South Australia,AUS,Australia,31.3003
402041171,Mawson Lakes - Globe Derby Park,0,No change,40204,Salisbury,402,Adelaide - North,4GADE,Greater Adelaide,4,South Australia,AUS,Australia,9.6165
402041172,Pooraka - Cavan,0,No change,40204,Salisbury,402,Adelaide - North,4GADE,Greater Adelaide,4,South Australia,AUS,Australia,7.4904
402051049,Golden Grove,0,No change,40205,Tea Tree Gully,402,Adelaide - North,4GADE,Greater Adelaide,4,South Australia,AUS,Australia,26.6144
402051050,Greenwith,0,No change,40205,Tea Tree Gully,402,Adelaide - North,4GADE,Greater Adelaide,4,South Australia,AUS,Australia,6.0371
402051051,Highbury - Dernancourt,0,No change,40205,Tea Tree Gully,402,Adelaide - North,4GADE,Greater Adelaide,4,South Australia,AUS,Australia,12.001
402051052,Hope Valley - Modbury,0,No change,40205,Tea Tree Gully,402,Adelaide - North,4GADE,Greater Adelaide,4,South Australia,AUS,Australia,10.3125
402051053,Modbury Heights,0,No change,40205,Tea Tree Gully,402,Adelaide - North,4GADE,Greater Adelaide,4,South Australia,AUS,Australia,9.9089
402051054,Redwood Park,0,No change,40205,Tea Tree Gully,402,Adelaide - North,4GADE,Greater Adelaide,4,South Australia,AUS,Australia,14.1403
402051055,St Agnes - Ridgehaven,0,No change,40205,Tea Tree Gully,402,Adelaide - North,4GADE,Greater Adelaide,4,South Australia,AUS,Australia,12.2999
403011056,Brighton (SA),0,No change,40301,Holdfast Bay,403,Adelaide - South,4GADE,Greater Adelaide,4,South Australia,AUS,Australia,5.9168
403011057,Glenelg (SA),0,No change,40301,Holdfast Bay,403,Adelaide - South,4GADE,Greater Adelaide,4,South Australia,AUS,Australia,7.2232
403021058,Edwardstown,0,No change,40302,Marion,403,Adelaide - South,4GADE,Greater Adelaide,4,South Australia,AUS,Australia,5.5375
403021059,Hallett Cove,0,No change,40302,Marion,403,Adelaide - South,4GADE,Greater Adelaide,4,South Australia,AUS,Australia,9.2762
403021060,Marino - Seaview Downs,0,No change,40302,Marion,403,Adelaide - South,4GADE,Greater Adelaide,4,South Australia,AUS,Australia,12.2123
403021061,Mitchell Park,0,No change,40302,Marion,403,Adelaide - South,4GADE,Greater Adelaide,4,South Australia,AUS,Australia,7.5686
403021062,Morphettville,0,No change,40302,Marion,403,Adelaide - South,4GADE,Greater Adelaide,4,South Australia,AUS,Australia,6.2005
403021063,Sheidow Park - Trott Park,0,No change,40302,Marion,403,Adelaide - South,4GADE,Greater Adelaide,4,South Australia,AUS,Australia,9.3899
403021064,Warradale,0,No change,40302,Marion,403,Adelaide - South,4GADE,Greater Adelaide,4,South Australia,AUS,Australia,6.0145
403031065,Belair,0,No change,40303,Mitcham,403,Adelaide - South,4GADE,Greater Adelaide,4,South Australia,AUS,Australia,24.7761
403031066,Bellevue Heights,0,No change,40303,Mitcham,403,Adelaide - South,4GADE,Greater Adelaide,4,South Australia,AUS,Australia,8.7154
403031067,Blackwood,0,No change,40303,Mitcham,403,Adelaide - South,4GADE,Greater Adelaide,4,South Australia,AUS,Australia,16.928
403031068,Colonel Light Gardens,0,No change,40303,Mitcham,403,Adelaide - South,4GADE,Greater Adelaide,4,South Australia,AUS,Australia,6.761
403031069,Mitcham (SA),0,No change,40303,Mitcham,403,Adelaide - South,4GADE,Greater Adelaide,4,South Australia,AUS,Australia,11.4472
403031070,Panorama,0,No change,40303,Mitcham,403,Adelaide - South,4GADE,Greater Adelaide,4,South Australia,AUS,Australia,5.7425
403041071,Aberfoyle Park,0,No change,40304,Onkaparinga,403,Adelaide - South,4GADE,Greater Adelaide,4,South Australia,AUS,Australia,13.8426
403041072,Aldinga,0,No change,40304,Onkaparinga,403,Adelaide - South,4GADE,Greater Adelaide,4,South Australia,AUS,Australia,35.3303
403041073,Christie Downs,0,No change,40304,Onkaparinga,403,Adelaide - South,4GADE,Greater Adelaide,4,South Australia,AUS,Australia,8.5727
403041074,Christies Beach,0,No change,40304,Onkaparinga,403,Adelaide - South,4GADE,Greater Adelaide,4,South Australia,AUS,Australia,7.2165
403041075,Clarendon,0,No change,40304,Onkaparinga,403,Adelaide - South,4GADE,Greater Adelaide,4,South Australia,AUS,Australia,123.3732
403041076,Coromandel Valley,0,No change,40304,Onkaparinga,403,Adelaide - South,4GADE,Greater Adelaide,4,South Australia,AUS,Australia,4.4154
403041077,Flagstaff Hill,0,No change,40304,Onkaparinga,403,Adelaide - South,4GADE,Greater Adelaide,4,South Australia,AUS,Australia,9.7527
403041078,Hackham - Onkaparinga Hills,0,No change,40304,Onkaparinga,403,Adelaide - South,4GADE,Greater Adelaide,4,South Australia,AUS,Australia,23.6436
403041079,Hackham West - Huntfield Heights,0,No change,40304,Onkaparinga,403,Adelaide - South,4GADE,Greater Adelaide,4,South Australia,AUS,Australia,4.374
403041080,Happy Valley,0,No change,40304,Onkaparinga,403,Adelaide - South,4GADE,Greater Adelaide,4,South Australia,AUS,Australia,10.17
403041081,Happy Valley Reservoir,0,No change,40304,Onkaparinga,403,Adelaide - South,4GADE,Greater Adelaide,4,South Australia,AUS,Australia,6.5089
403041082,Lonsdale,0,No change,40304,Onkaparinga,403,Adelaide - South,4GADE,Greater Adelaide,4,South Australia,AUS,Australia,9.8401
403041083,McLaren Vale,0,No change,40304,Onkaparinga,403,Adelaide - South,4GADE,Greater Adelaide,4,South Australia,AUS,Australia,119.5749
403041084,Morphett Vale - East,0,No change,40304,Onkaparinga,403,Adelaide - South,4GADE,Greater Adelaide,4,South Australia,AUS,Australia,7.6836
403041085,Morphett Vale - West,0,No change,40304,Onkaparinga,403,Adelaide - South,4GADE,Greater Adelaide,4,South Australia,AUS,Australia,5.0775
403041086,Reynella,0,No change,40304,Onkaparinga,403,Adelaide - South,4GADE,Greater Adelaide,4,South Australia,AUS,Australia,7.7053
403041088,Willunga,0,No change,40304,Onkaparinga,403,Adelaide - South,4GADE,Greater Adelaide,4,South Australia,AUS,Australia,85.1868
403041089,Woodcroft,0,No change,40304,Onkaparinga,403,Adelaide - South,4GADE,Greater Adelaide,4,South Australia,AUS,Australia,13.5274
403041177,Seaford - Seaford Meadows,0,No change,40304,Onkaparinga,403,Adelaide - South,4GADE,Greater Adelaide,4,South Australia,AUS,Australia,11.4713
403041178,Seaford Rise - Moana,0,No change,40304,Onkaparinga,403,Adelaide - South,4GADE,Greater Adelaide,4,South Australia,AUS,Australia,12.1052
404011090,Beverley,0,No change,40401,Charles Sturt,404,Adelaide - West,4GADE,Greater Adelaide,4,South Australia,AUS,Australia,4.2061
404011091,Flinders Park,0,No change,40401,Charles Sturt,404,Adelaide - West,4GADE,Greater Adelaide,4,South Australia,AUS,Australia,6.3972
404011092,Henley Beach,0,No change,40401,Charles Sturt,404,Adelaide - West,4GADE,Greater Adelaide,4,South Australia,AUS,Australia,5.9563
404011093,Hindmarsh - Brompton,0,No change,40401,Charles Sturt,404,Adelaide - West,4GADE,Greater Adelaide,4,South Australia,AUS,Australia,7.896
404011094,Royal Park - Hendon - Albert Park,0,No change,40401,Charles Sturt,404,Adelaide - West,4GADE,Greater Adelaide,4,South Australia,AUS,Australia,3.246
404011097,Woodville - Cheltenham,0,No change,40401,Charles Sturt,404,Adelaide - West,4GADE,Greater Adelaide,4,South Australia,AUS,Australia,8.8122
404011186,Seaton - Grange,1,New,40401,Charles Sturt,404,Adelaide - West,4GADE,Greater Adelaide,4,South Australia,AUS,Australia,8.1374
404011187,West Lakes,1,New,40401,Charles Sturt,404,Adelaide - West,4GADE,Greater Adelaide,4,South Australia,AUS,Australia,8.6675
404021098,Dry Creek - South,0,No change,40402,Port Adelaide - West,404,Adelaide - West,4GADE,Greater Adelaide,4,South Australia,AUS,Australia,6.1446
404021099,Largs Bay - Semaphore,0,No change,40402,Port Adelaide - West,404,Adelaide - West,4GADE,Greater Adelaide,4,South Australia,AUS,Australia,6.7241
404021100,North Haven,0,No change,40402,Port Adelaide - West,404,Adelaide - West,4GADE,Greater Adelaide,4,South Australia,AUS,Australia,14.8433
404021101,Port Adelaide,0,No change,40402,Port Adelaide - West,404,Adelaide - West,4GADE,Greater Adelaide,4,South Australia,AUS,Australia,12.972
404021102,The Parks,0,No change,40402,Port Adelaide - West,404,Adelaide - West,4GADE,Greater Adelaide,4,South Australia,AUS,Australia,18.2633
404021103,Torrens Island,0,No change,40402,Port Adelaide - West,404,Adelaide - West,4GADE,Greater Adelaide,4,South Australia,AUS,Australia,8.8253
404031104,Adelaide Airport,0,No change,40403,West Torrens,404,Adelaide - West,4GADE,Greater Adelaide,4,South Australia,AUS,Australia,7.2952
404031105,Fulham,0,No change,40403,West Torrens,404,Adelaide - West,4GADE,Greater Adelaide,4,South Australia,AUS,Australia,1.3212
404031106,Lockleys,0,No change,40403,West Torrens,404,Adelaide - West,4GADE,Greater Adelaide,4,South Australia,AUS,Australia,5.702
404031108,Richmond (SA),0,No change,40403,West Torrens,404,Adelaide - West,4GADE,Greater Adelaide,4,South Australia,AUS,Australia,8.9253
404031109,West Beach,0,No change,40403,West Torrens,404,Adelaide - West,4GADE,Greater Adelaide,4,South Australia,AUS,Australia,4.5068
404031188,North Plympton - Netley,1,New,40403,West Torrens,404,Adelaide - West,4GADE,Greater Adelaide,4,South Australia,AUS,Australia,3.2408
404031189,Plympton - Kurralta Park,1,New,40403,West Torrens,404,Adelaide - West,4GADE,Greater Adelaide,4,South Australia,AUS,Australia,7.4561
405011110,Barossa - Angaston,0,No change,40501,Barossa - Adelaide Plains,405,Barossa - Yorke - Mid North,4RSAU,Rest of SA,4,South Australia,AUS,Australia,633.8622
405011111,Light,0,No change,40501,Barossa - Adelaide Plains,405,Barossa - Yorke - Mid North,4RSAU,Rest of SA,4,South Australia,AUS,Australia,1111.6723
405011112,Lyndoch,0,No change,40501,Barossa - Adelaide Plains,405,Barossa - Yorke - Mid North,4RSAU,Rest of SA,4,South Australia,AUS,Australia,175.7742
405011113,Mallala,0,No change,40501,Barossa - Adelaide Plains,405,Barossa - Yorke - Mid North,4RSAU,Rest of SA,4,South Australia,AUS,Australia,847.8696
405011114,Nuriootpa,0,No change,40501,Barossa - Adelaide Plains,405,Barossa - Yorke - Mid North,4RSAU,Rest of SA,4,South Australia,AUS,Australia,50.641
405011115,Tanunda,0,No change,40501,Barossa - Adelaide Plains,405,Barossa - Yorke - Mid North,4RSAU,Rest of SA,4,South Australia,AUS,Australia,17.3326
405021116,Clare,0,No change,40502,Lower North,405,Barossa - Yorke - Mid North,4RSAU,Rest of SA,4,South Australia,AUS,Australia,74.203
405021117,Gilbert Valley,0,No change,40502,Lower North,405,Barossa - Yorke - Mid North,4RSAU,Rest of SA,4,South Australia,AUS,Australia,1675.3597
405021118,Goyder,0,No change,40502,Lower North,405,Barossa - Yorke - Mid North,4RSAU,Rest of SA,4,South Australia,AUS,Australia,6748.1529
405021119,Wakefield - Barunga West,0,No change,40502,Lower North,405,Barossa - Yorke - Mid North,4RSAU,Rest of SA,4,South Australia,AUS,Australia,5231.2433
405031120,Jamestown,0,No change,40503,Mid North,405,Barossa - Yorke - Mid North,4RSAU,Rest of SA,4,South Australia,AUS,Australia,3107.037
405031121,Peterborough - Mount Remarkable,0,No change,40503,Mid North,405,Barossa - Yorke - Mid North,4RSAU,Rest of SA,4,South Australia,AUS,Australia,9643.8842
405031122,Port Pirie,0,No change,40503,Mid North,405,Barossa - Yorke - Mid North,4RSAU,Rest of SA,4,South Australia,AUS,Australia,75.2928
405031123,Port Pirie Surrounds,0,No change,40503,Mid North,405,Barossa - Yorke - Mid North,4RSAU,Rest of SA,4,South Australia,AUS,Australia,1583.2661
405041124,Kadina,0,No change,40504,Yorke Peninsula,405,Barossa - Yorke - Mid North,4RSAU,Rest of SA,4,South Australia,AUS,Australia,394.1203
405041125,Moonta,0,No change,40504,Yorke Peninsula,405,Barossa - Yorke - Mid North,4RSAU,Rest of SA,4,South Australia,AUS,Australia,271.9202
405041126,Wallaroo,0,No change,40504,Yorke Peninsula,405,Barossa - Yorke - Mid North,4RSAU,Rest of SA,4,South Australia,AUS,Australia,146.5314
405041127,Yorke Peninsula - North,0,No change,40504,Yorke Peninsula,405,Barossa - Yorke - Mid North,4RSAU,Rest of SA,4,South Australia,AUS,Australia,3654.3884
405041128,Yorke Peninsula - South,0,No change,40504,Yorke Peninsula,405,Barossa - Yorke - Mid North,4RSAU,Rest of SA,4,South Australia,AUS,Australia,2273.834
406011129,Ceduna,0,No change,40601,Eyre Peninsula and South West,406,South Australia - Outback,4RSAU,Rest of SA,4,South Australia,AUS,Australia,413.3374
406011130,Eyre Peninsula,0,No change,40601,Eyre Peninsula and South West,406,South Australia - Outback,4RSAU,Rest of SA,4,South Australia,AUS,Australia,7228.3359
406011131,Kimba - Cleve - Franklin Harbour,0,No change,40601,Eyre Peninsula and South West,406,South Australia - Outback,4RSAU,Rest of SA,4,South Australia,AUS,Australia,15184.3968
406011132,Le Hunte - Elliston,0,No change,40601,Eyre Peninsula and South West,406,South Australia - Outback,4RSAU,Rest of SA,4,South Australia,AUS,Australia,11387.2463
406011133,Port Lincoln,0,No change,40601,Eyre Peninsula and South West,406,South Australia - Outback,4RSAU,Rest of SA,4,South Australia,AUS,Australia,136.2831
406011134,West Coast (SA),0,No change,40601,Eyre Peninsula and South West,406,South Australia - Outback,4RSAU,Rest of SA,4,South Australia,AUS,Australia,31877.8468
406011135,Western,0,No change,40601,Eyre Peninsula and South West,406,South Australia - Outback,4RSAU,Rest of SA,4,South Australia,AUS,Australia,168946.0241
406011136,Whyalla,0,No change,40601,Eyre Peninsula and South West,406,South Australia - Outback,4RSAU,Rest of SA,4,South Australia,AUS,Australia,40.8707
406011137,Whyalla - North,0,No change,40601,Eyre Peninsula and South West,406,South Australia - Outback,4RSAU,Rest of SA,4,South Australia,AUS,Australia,80.449
406021138,APY Lands,0,No change,40602,Outback - North and East,406,South Australia - Outback,4RSAU,Rest of SA,4,South Australia,AUS,Australia,102359.073
406021139,Coober Pedy,0,No change,40602,Outback - North and East,406,South Australia - Outback,4RSAU,Rest of SA,4,South Australia,AUS,Australia,77.6795
406021140,Quorn - Lake Gilles,0,No change,40602,Outback - North and East,406,South Australia - Outback,4RSAU,Rest of SA,4,South Australia,AUS,Australia,26107.329
406021141,Outback,0,No change,40602,Outback - North and East,406,South Australia - Outback,4RSAU,Rest of SA,4,South Australia,AUS,Australia,513389.4139
406021142,Port Augusta,0,No change,40602,Outback - North and East,406,South Australia - Outback,4RSAU,Rest of SA,4,South Australia,AUS,Australia,253.9025
406021143,Roxby Downs,0,No change,40602,Outback - North and East,406,South Australia - Outback,4RSAU,Rest of SA,4,South Australia,AUS,Australia,288.3624
407011144,Goolwa - Port Elliot,0,No change,40701,Fleurieu - Kangaroo Island,407,South Australia - South East,4RSAU,Rest of SA,4,South Australia,AUS,Australia,180.8688
407011145,Kangaroo Island,0,No change,40701,Fleurieu - Kangaroo Island,407,South Australia - South East,4RSAU,Rest of SA,4,South Australia,AUS,Australia,4400.6833
407011146,Strathalbyn,0,No change,40701,Fleurieu - Kangaroo Island,407,South Australia - South East,4RSAU,Rest of SA,4,South Australia,AUS,Australia,155.7859
407011147,Strathalbyn Surrounds,0,No change,40701,Fleurieu - Kangaroo Island,407,South Australia - South East,4RSAU,Rest of SA,4,South Australia,AUS,Australia,1517.7953
407011148,Victor Harbor,0,No change,40701,Fleurieu - Kangaroo Island,407,South Australia - South East,4RSAU,Rest of SA,4,South Australia,AUS,Australia,128.2644
407011149,Yankalilla,0,No change,40701,Fleurieu - Kangaroo Island,407,South Australia - South East,4RSAU,Rest of SA,4,South Australia,AUS,Australia,980.1342
407021150,Grant,0,No change,40702,Limestone Coast,407,South Australia - South East,4RSAU,Rest of SA,4,South Australia,AUS,Australia,1690.9269
407021151,Kingston - Robe,0,No change,40702,Limestone Coast,407,South Australia - South East,4RSAU,Rest of SA,4,South Australia,AUS,Australia,4431.5082
407021152,Millicent,0,No change,40702,Limestone Coast,407,South Australia - South East,4RSAU,Rest of SA,4,South Australia,AUS,Australia,177.4315
407021154,Naracoorte,0,No change,40702,Limestone Coast,407,South Australia - South East,4RSAU,Rest of SA,4,South Australia,AUS,Australia,115.23
407021155,Naracoorte Surrounds,0,No change,40702,Limestone Coast,407,South Australia - South East,4RSAU,Rest of SA,4,South Australia,AUS,Australia,4404.485
407021156,Penola,0,No change,40702,Limestone Coast,407,South Australia - South East,4RSAU,Rest of SA,4,South Australia,AUS,Australia,1514.3964
407021157,Tatiara,0,No change,40702,Limestone Coast,407,South Australia - South East,4RSAU,Rest of SA,4,South Australia,AUS,Australia,6527.2342
407021158,Wattle Range,0,No change,40702,Limestone Coast,407,South Australia - South East,4RSAU,Rest of SA,4,South Australia,AUS,Australia,2281.8541
407021173,Mount Gambier - East,0,No change,40702,Limestone Coast,407,South Australia - South East,4RSAU,Rest of SA,4,South Australia,AUS,Australia,66.7536
407021174,Mount Gambier - West,0,No change,40702,Limestone Coast,407,South Australia - South East,4RSAU,Rest of SA,4,South Australia,AUS,Australia,126.5343
407031159,Barmera,0,No change,40703,Murray and Mallee,407,South Australia - South East,4RSAU,Rest of SA,4,South Australia,AUS,Australia,856.1906
407031160,Berri,0,No change,40703,Murray and Mallee,407,South Australia - South East,4RSAU,Rest of SA,4,South Australia,AUS,Australia,12.0822
407031161,Karoonda - Lameroo,0,No change,40703,Murray and Mallee,407,South Australia - South East,4RSAU,Rest of SA,4,South Australia,AUS,Australia,10548.6359
407031162,Loxton,0,No change,40703,Murray and Mallee,407,South Australia - South East,4RSAU,Rest of SA,4,South Australia,AUS,Australia,146.0888
407031163,Loxton Surrounds,0,No change,40703,Murray and Mallee,407,South Australia - South East,4RSAU,Rest of SA,4,South Australia,AUS,Australia,4790.3357
407031164,Mannum,0,No change,40703,Murray and Mallee,407,South Australia - South East,4RSAU,Rest of SA,4,South Australia,AUS,Australia,3287.9009
407031165,Murray Bridge,0,No change,40703,Murray and Mallee,407,South Australia - South East,4RSAU,Rest of SA,4,South Australia,AUS,Australia,97.5456
407031166,Murray Bridge Surrounds,0,No change,40703,Murray and Mallee,407,South Australia - South East,4RSAU,Rest of SA,4,South Australia,AUS,Australia,1924.5348
407031167,Renmark,0,No change,40703,Murray and Mallee,407,South Australia - South East,4RSAU,Rest of SA,4,South Australia,AUS,Australia,14.6561
407031168,Renmark Surrounds,0,No change,40703,Murray and Mallee,407,South Australia - South East,4RSAU,Rest of SA,4,South Australia,AUS,Australia,901.7859
407031169,The Coorong,0,No change,40703,Murray and Mallee,407,South Australia - South East,4RSAU,Rest of SA,4,South Australia,AUS,Australia,8644.9957
407031170,Waikerie,0,No change,40703,Murray and Mallee,407,South Australia - South East,4RSAU,Rest of SA,4,South Australia,AUS,Australia,5557.8468
497979799,Migratory - Offshore - Shipping (SA),0,No change,49797,Migratory - Offshore - Shipping (SA),497,Migratory - Offshore - Shipping (SA),49799,Migratory - Offshore - Shipping (SA),4,South Australia,AUS,Australia,
499999499,No usual address (SA),0,No change,49999,No usual address (SA),499,No usual address (SA),49499,No usual address (SA),4,South Australia,AUS,Australia,
501011001,Augusta,0,No change,50101,Augusta - Margaret River - Busselton,501,Bunbury,5RWAU,Rest of WA,5,Western Australia,AUS,Australia,2106.5915
501011003,Busselton Surrounds,0,No change,50101,Augusta - Margaret River - Busselton,501,Bunbury,5RWAU,Rest of WA,5,Western Australia,AUS,Australia,1227.064
501011004,Margaret River,0,No change,50101,Augusta - Margaret River - Busselton,501,Bunbury,5RWAU,Rest of WA,5,Western Australia,AUS,Australia,134.4278
501011293,Busselton - East,0,No change,50101,Augusta - Margaret River - Busselton,501,Bunbury,5RWAU,Rest of WA,5,Western Australia,AUS,Australia,81.9607
501011294,Busselton - West,0,No change,50101,Augusta - Margaret River - Busselton,501,Bunbury,5RWAU,Rest of WA,5,Western Australia,AUS,Australia,114.2795
501021005,Australind - Leschenault,0,No change,50102,Bunbury,501,Bunbury,5RWAU,Rest of WA,5,Western Australia,AUS,Australia,67.3083
501021007,Capel,0,No change,50102,Bunbury,501,Bunbury,5RWAU,Rest of WA,5,Western Australia,AUS,Australia,507.0606
501021008,College Grove - Carey Park,0,No change,50102,Bunbury,501,Bunbury,5RWAU,Rest of WA,5,Western Australia,AUS,Australia,9.7141
501021009,Collie,0,No change,50102,Bunbury,501,Bunbury,5RWAU,Rest of WA,5,Western Australia,AUS,Australia,1709.815
501021010,Dardanup,0,No change,50102,Bunbury,501,Bunbury,5RWAU,Rest of WA,5,Western Australia,AUS,Australia,517.0762
501021011,Davenport,0,No change,50102,Bunbury,501,Bunbury,5RWAU,Rest of WA,5,Western Australia,AUS,Australia,11.7042
501021012,Eaton - Pelican Point,0,No change,50102,Bunbury,501,Bunbury,5RWAU,Rest of WA,5,Western Australia,AUS,Australia,9.9522
501021014,Harvey,0,No change,50102,Bunbury,501,Bunbury,5RWAU,Rest of WA,5,Western Australia,AUS,Australia,1660.6331
501021015,East Bunbury - Glen Iris,0,No change,50102,Bunbury,501,Bunbury,5RWAU,Rest of WA,5,Western Australia,AUS,Australia,22.9687
501021016,Waroona,0,No change,50102,Bunbury,501,Bunbury,5RWAU,Rest of WA,5,Western Australia,AUS,Australia,832.2285
501021251,Dalyellup,0,No change,50102,Bunbury,501,Bunbury,5RWAU,Rest of WA,5,Western Australia,AUS,Australia,16.3306
501021252,Gelorup - Stratham,0,No change,50102,Bunbury,501,Bunbury,5RWAU,Rest of WA,5,Western Australia,AUS,Australia,65.2541
501021253,South Bunbury - Bunbury,0,No change,50102,Bunbury,501,Bunbury,5RWAU,Rest of WA,5,Western Australia,AUS,Australia,11.2504
501021254,Withers - Usher,0,No change,50102,Bunbury,501,Bunbury,5RWAU,Rest of WA,5,Western Australia,AUS,Australia,8.2177
501031017,Bridgetown - Boyup Brook,0,No change,50103,Manjimup,501,Bunbury,5RWAU,Rest of WA,5,Western Australia,AUS,Australia,4163.8195
501031018,Donnybrook - Balingup,0,No change,50103,Manjimup,501,Bunbury,5RWAU,Rest of WA,5,Western Australia,AUS,Australia,1559.8559
501031019,Manjimup,0,No change,50103,Manjimup,501,Bunbury,5RWAU,Rest of WA,5,Western Australia,AUS,Australia,323.8186
501031020,Pemberton,0,No change,50103,Manjimup,501,Bunbury,5RWAU,Rest of WA,5,Western Australia,AUS,Australia,9641.0807
502011021,Dawesville - Bouvard,0,No change,50201,Mandurah,502,Mandurah,5GPER,Greater Perth,5,Western Australia,AUS,Australia,97.9248
502011022,Falcon - Wannanup,0,No change,50201,Mandurah,502,Mandurah,5GPER,Greater Perth,5,Western Australia,AUS,Australia,9.5893
502011023,Greenfields,0,No change,50201,Mandurah,502,Mandurah,5GPER,Greater Perth,5,Western Australia,AUS,Australia,9.9609
502011024,Halls Head - Erskine,0,No change,50201,Mandurah,502,Mandurah,5GPER,Greater Perth,5,Western Australia,AUS,Australia,14.2469
502011025,Mandurah,0,No change,50201,Mandurah,502,Mandurah,5GPER,Greater Perth,5,Western Australia,AUS,Australia,8.3955
502011026,Mandurah - East,0,No change,50201,Mandurah,502,Mandurah,5GPER,Greater Perth,5,Western Australia,AUS,Australia,40.2182
502011028,Mandurah - South,0,No change,50201,Mandurah,502,Mandurah,5GPER,Greater Perth,5,Western Australia,AUS,Australia,11.8268
502011029,Pinjarra,0,No change,50201,Mandurah,502,Mandurah,5GPER,Greater Perth,5,Western Australia,AUS,Australia,808.8593
502011315,Lakelands - Parklands,1,New,50201,Mandurah,502,Mandurah,5GPER,Greater Perth,5,Western Australia,AUS,Australia,22.4703
502011316,Madora Bay - San Remo,1,New,50201,Mandurah,502,Mandurah,5GPER,Greater Perth,5,Western Australia,AUS,Australia,4.5154
502011317,Meadow Springs,1,New,50201,Mandurah,502,Mandurah,5GPER,Greater Perth,5,Western Australia,AUS,Australia,4.8558
503011030,City Beach,0,No change,50301,Cottesloe - Claremont,503,Perth - Inner,5GPER,Greater Perth,5,Western Australia,AUS,Australia,9.8073
503011031,Claremont (WA),0,No change,50301,Cottesloe - Claremont,503,Perth - Inner,5GPER,Greater Perth,5,Western Australia,AUS,Australia,3.8717
503011032,Cottesloe,0,No change,50301,Cottesloe - Claremont,503,Perth - Inner,5GPER,Greater Perth,5,Western Australia,AUS,Australia,3.7511
503011033,Floreat,0,No change,50301,Cottesloe - Claremont,503,Perth - Inner,5GPER,Greater Perth,5,Western Australia,AUS,Australia,4.4196
503011034,Mosman Park - Peppermint Grove,0,No change,50301,Cottesloe - Claremont,503,Perth - Inner,5GPER,Greater Perth,5,Western Australia,AUS,Australia,5.4149
503011035,Nedlands - Dalkeith - Crawley,0,No change,50301,Cottesloe - Claremont,503,Perth - Inner,5GPER,Greater Perth,5,Western Australia,AUS,Australia,9.7498
503011036,Swanbourne - Mount Claremont,0,No change,50301,Cottesloe - Claremont,503,Perth - Inner,5GPER,Greater Perth,5,Western Australia,AUS,Australia,11.7008
503021037,Kings Park (WA),0,No change,50302,Perth City,503,Perth - Inner,5GPER,Greater Perth,5,Western Australia,AUS,Australia,4.1819
503021038,Mount Hawthorn - Leederville,0,No change,50302,Perth City,503,Perth - Inner,5GPER,Greater Perth,5,Western Australia,AUS,Australia,3.8983
503021039,Mount Lawley - Inglewood,0,No change,50302,Perth City,503,Perth - Inner,5GPER,Greater Perth,5,Western Australia,AUS,Australia,7.0812
503021040,North Perth,0,No change,50302,Perth City,503,Perth - Inner,5GPER,Greater Perth,5,Western Australia,AUS,Australia,3.0904
503021042,Subiaco - Shenton Park,0,No change,50302,Perth City,503,Perth - Inner,5GPER,Greater Perth,5,Western Australia,AUS,Australia,7.7961
503021043,Wembley - West Leederville - Glendalough,0,No change,50302,Perth City,503,Perth - Inner,5GPER,Greater Perth,5,Western Australia,AUS,Australia,6.5605
503021295,East Perth,0,No change,50302,Perth City,503,Perth - Inner,5GPER,Greater Perth,5,Western Australia,AUS,Australia,3.4135
503021296,Perth (North) - Highgate,0,No change,50302,Perth City,503,Perth - Inner,5GPER,Greater Perth,5,Western Australia,AUS,Australia,2.9639
503021297,Perth (West) - Northbridge,0,No change,50302,Perth City,503,Perth - Inner,5GPER,Greater Perth,5,Western Australia,AUS,Australia,4.553
504011044,Bassendean - Eden Hill - Ashfield,0,No change,50401,Bayswater - Bassendean,504,Perth - North East,5GPER,Greater Perth,5,Western Australia,AUS,Australia,10.3449
504011046,Maylands,0,No change,50401,Bayswater - Bassendean,504,Perth - North East,5GPER,Greater Perth,5,Western Australia,AUS,Australia,5.0166
504011047,Morley,0,No change,50401,Bayswater - Bassendean,504,Perth - North East,5GPER,Greater Perth,5,Western Australia,AUS,Australia,10.5547
504011048,Noranda,0,No change,50401,Bayswater - Bassendean,504,Perth - North East,5GPER,Greater Perth,5,Western Australia,AUS,Australia,4.9416
504011318,Bayswater - Embleton,1,New,50401,Bayswater - Bassendean,504,Perth - North East,5GPER,Greater Perth,5,Western Australia,AUS,Australia,11.5671
504011319,Bedford,1,New,50401,Bayswater - Bassendean,504,Perth - North East,5GPER,Greater Perth,5,Western Australia,AUS,Australia,2.2444
504021049,Chidlow,0,No change,50402,Mundaring,504,Perth - North East,5GPER,Greater Perth,5,Western Australia,AUS,Australia,167.7411
504021050,Glen Forrest - Darlington,0,No change,50402,Mundaring,504,Perth - North East,5GPER,Greater Perth,5,Western Australia,AUS,Australia,56.6583
504021051,Helena Valley - Koongamia,0,No change,50402,Mundaring,504,Perth - North East,5GPER,Greater Perth,5,Western Australia,AUS,Australia,8.8454
504021052,Malmalling - Reservoir,0,No change,50402,Mundaring,504,Perth - North East,5GPER,Greater Perth,5,Western Australia,AUS,Australia,318.3852
504021053,Mundaring,0,No change,50402,Mundaring,504,Perth - North East,5GPER,Greater Perth,5,Western Australia,AUS,Australia,118.6696
504021320,Swan View - Greenmount - Midvale,1,New,50402,Mundaring,504,Perth - North East,5GPER,Greater Perth,5,Western Australia,AUS,Australia,15.3923
504031055,Avon Valley National Park,0,No change,50403,Swan,504,Perth - North East,5GPER,Greater Perth,5,Western Australia,AUS,Australia,74.9605
504031056,Ballajura,0,No change,50403,Swan,504,Perth - North East,5GPER,Greater Perth,5,Western Australia,AUS,Australia,23.8166
504031058,Bullsbrook,0,No change,50403,Swan,504,Perth - North East,5GPER,Greater Perth,5,Western Australia,AUS,Australia,253.8628
504031060,Gidgegannup,0,No change,50403,Swan,504,Perth - North East,5GPER,Greater Perth,5,Western Australia,AUS,Australia,304.8874
504031061,Hazelmere - South Guildford,3,Name change,50403,Swan,504,Perth - North East,5GPER,Greater Perth,5,Western Australia,AUS,Australia,16.9096
504031062,Lockridge - Kiara,0,No change,50403,Swan,504,Perth - North East,5GPER,Greater Perth,5,Western Australia,AUS,Australia,14.6129
504031063,Malaga,0,No change,50403,Swan,504,Perth - North East,5GPER,Greater Perth,5,Western Australia,AUS,Australia,6.4045
504031064,Melaleuca - Lexia,0,No change,50403,Swan,504,Perth - North East,5GPER,Greater Perth,5,Western Australia,AUS,Australia,99.6581
504031065,Middle Swan - Herne Hill,0,No change,50403,Swan,504,Perth - North East,5GPER,Greater Perth,5,Western Australia,AUS,Australia,32.1548
504031066,Midland - Guildford,0,No change,50403,Swan,504,Perth - North East,5GPER,Greater Perth,5,Western Australia,AUS,Australia,11.7136
504031068,The Vines,0,No change,50403,Swan,504,Perth - North East,5GPER,Greater Perth,5,Western Australia,AUS,Australia,66.9988
504031069,Walyunga National Park,0,No change,50403,Swan,504,Perth - North East,5GPER,Greater Perth,5,Western Australia,AUS,Australia,17.9495
504031298,Aveley,0,No change,50403,Swan,504,Perth - North East,5GPER,Greater Perth,5,Western Australia,AUS,Australia,6.7464
504031299,Brabham - Henley Brook,0,No change,50403,Swan,504,Perth - North East,5GPER,Greater Perth,5,Western Australia,AUS,Australia,17.0647
504031300,Ellenbrook,0,No change,50403,Swan,504,Perth - North East,5GPER,Greater Perth,5,Western Australia,AUS,Australia,13.977
504031321,Beechboro - Bennett Springs,1,New,50403,Swan,504,Perth - North East,5GPER,Greater Perth,5,Western Australia,AUS,Australia,7.974
504031322,Dayton - West Swan,1,New,50403,Swan,504,Perth - North East,5GPER,Greater Perth,5,Western Australia,AUS,Australia,39.1362
504031323,Stratton - Jane Brook,1,New,50403,Swan,504,Perth - North East,5GPER,Greater Perth,5,Western Australia,AUS,Australia,23.2429
505011070,Craigie - Beldon,0,No change,50501,Joondalup,505,Perth - North West,5GPER,Greater Perth,5,Western Australia,AUS,Australia,7.1317
505011071,Currambine - Kinross,0,No change,50501,Joondalup,505,Perth - North West,5GPER,Greater Perth,5,Western Australia,AUS,Australia,5.9596
505011072,Duncraig,0,No change,50501,Joondalup,505,Perth - North West,5GPER,Greater Perth,5,Western Australia,AUS,Australia,7.6491
505011073,Greenwood - Warwick,0,No change,50501,Joondalup,505,Perth - North West,5GPER,Greater Perth,5,Western Australia,AUS,Australia,8.5644
505011074,Heathridge - Connolly,0,No change,50501,Joondalup,505,Perth - North West,5GPER,Greater Perth,5,Western Australia,AUS,Australia,6.6259
505011075,Hillarys,0,No change,50501,Joondalup,505,Perth - North West,5GPER,Greater Perth,5,Western Australia,AUS,Australia,6.2656
505011076,Iluka - Burns Beach,0,No change,50501,Joondalup,505,Perth - North West,5GPER,Greater Perth,5,Western Australia,AUS,Australia,5.8339
505011077,Joondalup - Edgewater,0,No change,50501,Joondalup,505,Perth - North West,5GPER,Greater Perth,5,Western Australia,AUS,Australia,15.6229
505011078,Kingsley,0,No change,50501,Joondalup,505,Perth - North West,5GPER,Greater Perth,5,Western Australia,AUS,Australia,7.8538
505011079,Mullaloo - Kallaroo,0,No change,50501,Joondalup,505,Perth - North West,5GPER,Greater Perth,5,Western Australia,AUS,Australia,5.888
505011080,Ocean Reef,0,No change,50501,Joondalup,505,Perth - North West,5GPER,Greater Perth,5,Western Australia,AUS,Australia,5.2646
505011081,Padbury,0,No change,50501,Joondalup,505,Perth - North West,5GPER,Greater Perth,5,Western Australia,AUS,Australia,6.0348
505011082,Sorrento - Marmion,0,No change,50501,Joondalup,505,Perth - North West,5GPER,Greater Perth,5,Western Australia,AUS,Australia,4.5955
505011083,Woodvale,0,No change,50501,Joondalup,505,Perth - North West,5GPER,Greater Perth,5,Western Australia,AUS,Australia,7.1962
505021084,Balcatta - Hamersley,0,No change,50502,Stirling,505,Perth - North West,5GPER,Greater Perth,5,Western Australia,AUS,Australia,10.3604
505021085,Balga - Mirrabooka,0,No change,50502,Stirling,505,Perth - North West,5GPER,Greater Perth,5,Western Australia,AUS,Australia,9.4487
505021087,Herdsman,0,No change,50502,Stirling,505,Perth - North West,5GPER,Greater Perth,5,Western Australia,AUS,Australia,3.1133
505021089,Karrinyup - Gwelup - Carine,0,No change,50502,Stirling,505,Perth - North West,5GPER,Greater Perth,5,Western Australia,AUS,Australia,14.0888
505021090,Nollamara - Westminster,0,No change,50502,Stirling,505,Perth - North West,5GPER,Greater Perth,5,Western Australia,AUS,Australia,6.0391
505021092,Scarborough,0,No change,50502,Stirling,505,Perth - North West,5GPER,Greater Perth,5,Western Australia,AUS,Australia,4.9714
505021093,Stirling - Osborne Park,0,No change,50502,Stirling,505,Perth - North West,5GPER,Greater Perth,5,Western Australia,AUS,Australia,6.4972
505021094,Trigg - North Beach - Watermans Bay,0,No change,50502,Stirling,505,Perth - North West,5GPER,Greater Perth,5,Western Australia,AUS,Australia,5.7563
505021095,Tuart Hill - Joondanna,0,No change,50502,Stirling,505,Perth - North West,5GPER,Greater Perth,5,Western Australia,AUS,Australia,3.6308
505021096,Wembley Downs - Churchlands - Woodlands,0,No change,50502,Stirling,505,Perth - North West,5GPER,Greater Perth,5,Western Australia,AUS,Australia,8.0214
505021097,Yokine - Coolbinia - Menora,0,No change,50502,Stirling,505,Perth - North West,5GPER,Greater Perth,5,Western Australia,AUS,Australia,6.8504
505021301,Dianella - North,0,No change,50502,Stirling,505,Perth - North West,5GPER,Greater Perth,5,Western Australia,AUS,Australia,6.4682
505021302,Dianella - South,0,No change,50502,Stirling,505,Perth - North West,5GPER,Greater Perth,5,Western Australia,AUS,Australia,5.0267
505021324,Innaloo - Doubleview,1,New,50502,Stirling,505,Perth - North West,5GPER,Greater Perth,5,Western Australia,AUS,Australia,5.8314
505021325,Osborne Park Industrial,1,New,50502,Stirling,505,Perth - North West,5GPER,Greater Perth,5,Western Australia,AUS,Australia,3.222
505031098,Alexander Heights - Koondoola,0,No change,50503,Wanneroo,505,Perth - North West,5GPER,Greater Perth,5,Western Australia,AUS,Australia,6.7014
505031099,Butler - Merriwa - Ridgewood,0,No change,50503,Wanneroo,505,Perth - North West,5GPER,Greater Perth,5,Western Australia,AUS,Australia,10.0345
505031100,Carramar,0,No change,50503,Wanneroo,505,Perth - North West,5GPER,Greater Perth,5,Western Australia,AUS,Australia,30.0077
505031101,Clarkson,0,No change,50503,Wanneroo,505,Perth - North West,5GPER,Greater Perth,5,Western Australia,AUS,Australia,10.7633
505031102,Girrawheen,0,No change,50503,Wanneroo,505,Perth - North West,5GPER,Greater Perth,5,Western Australia,AUS,Australia,4.0937
505031104,Marangaroo,0,No change,50503,Wanneroo,505,Perth - North West,5GPER,Greater Perth,5,Western Australia,AUS,Australia,4.7933
505031105,Mindarie - Quinns Rocks - Jindalee,0,No change,50503,Wanneroo,505,Perth - North West,5GPER,Greater Perth,5,Western Australia,AUS,Australia,12.6808
505031106,Neerabup National Park,0,No change,50503,Wanneroo,505,Perth - North West,5GPER,Greater Perth,5,Western Australia,AUS,Australia,17.3984
505031107,Tapping - Ashby - Sinagra,0,No change,50503,Wanneroo,505,Perth - North West,5GPER,Greater Perth,5,Western Australia,AUS,Australia,47.8116
505031256,Carabooda - Pinjar,0,No change,50503,Wanneroo,505,Perth - North West,5GPER,Greater Perth,5,Western Australia,AUS,Australia,371.0902
505031257,Two Rocks,0,No change,50503,Wanneroo,505,Perth - North West,5GPER,Greater Perth,5,Western Australia,AUS,Australia,55.0875
505031258,Yanchep,0,No change,50503,Wanneroo,505,Perth - North West,5GPER,Greater Perth,5,Western Australia,AUS,Australia,19.0495
505031303,Hocking - Pearsall,0,No change,50503,Wanneroo,505,Perth - North West,5GPER,Greater Perth,5,Western Australia,AUS,Australia,26.1656
505031304,Landsdale,0,No change,50503,Wanneroo,505,Perth - North West,5GPER,Greater Perth,5,Western Australia,AUS,Australia,7.2318
505031305,Madeley - Darch,0,No change,50503,Wanneroo,505,Perth - North West,5GPER,Greater Perth,5,Western Australia,AUS,Australia,13.1193
505031306,Wanneroo - Sinagra,0,No change,50503,Wanneroo,505,Perth - North West,5GPER,Greater Perth,5,Western Australia,AUS,Australia,15.5086
505031326,Alkimos - East,1,New,50503,Wanneroo,505,Perth - North West,5GPER,Greater Perth,5,Western Australia,AUS,Australia,8.4538
505031327,Alkimos - West,1,New,50503,Wanneroo,505,Perth - North West,5GPER,Greater Perth,5,Western Australia,AUS,Australia,8.7341
505031328,Eglinton,1,New,50503,Wanneroo,505,Perth - North West,5GPER,Greater Perth,5,Western Australia,AUS,Australia,15.4768
506011111,Ashendon - Lesley,0,No change,50601,Armadale,506,Perth - South East,5GPER,Greater Perth,5,Western Australia,AUS,Australia,326.2898
506011112,Camillo - Champion Lakes,0,No change,50601,Armadale,506,Perth - South East,5GPER,Greater Perth,5,Western Australia,AUS,Australia,8.1254
506011114,Kelmscott,0,No change,50601,Armadale,506,Perth - South East,5GPER,Greater Perth,5,Western Australia,AUS,Australia,15.0443
506011115,Mount Nasura - Mount Richon - Bedfordale,0,No change,50601,Armadale,506,Perth - South East,5GPER,Greater Perth,5,Western Australia,AUS,Australia,61.0962
506011116,Roleystone,0,No change,50601,Armadale,506,Perth - South East,5GPER,Greater Perth,5,Western Australia,AUS,Australia,74.8097
506011117,Seville Grove,0,No change,50601,Armadale,506,Perth - South East,5GPER,Greater Perth,5,Western Australia,AUS,Australia,4.5652
506011307,Harrisdale,0,No change,50601,Armadale,506,Perth - South East,5GPER,Greater Perth,5,Western Australia,AUS,Australia,5.7747
506011308,Piara Waters - Forrestdale,0,No change,50601,Armadale,506,Perth - South East,5GPER,Greater Perth,5,Western Australia,AUS,Australia,38.4278
506011329,Armadale - Brookdale,1,New,50601,Armadale,506,Perth - South East,5GPER,Greater Perth,5,Western Australia,AUS,Australia,11.7693
506011330,Hilbert - Haynes,1,New,50601,Armadale,506,Perth - South East,5GPER,Greater Perth,5,Western Australia,AUS,Australia,13.6238
506021118,Belmont - Ascot - Redcliffe,0,No change,50602,Belmont - Victoria Park,506,Perth - South East,5GPER,Greater Perth,5,Western Australia,AUS,Australia,10.8529
506021119,East Victoria Park - Carlisle,0,No change,50602,Belmont - Victoria Park,506,Perth - South East,5GPER,Greater Perth,5,Western Australia,AUS,Australia,6.2709
506021120,Kewdale Commercial,0,No change,50602,Belmont - Victoria Park,506,Perth - South East,5GPER,Greater Perth,5,Western Australia,AUS,Australia,4.8501
506021121,Perth Airport,0,No change,50602,Belmont - Victoria Park,506,Perth - South East,5GPER,Greater Perth,5,Western Australia,AUS,Australia,20.3221
506021123,Victoria Park - Lathlain - Burswood,0,No change,50602,Belmont - Victoria Park,506,Perth - South East,5GPER,Greater Perth,5,Western Australia,AUS,Australia,7.5754
506021309,Cloverdale,0,No change,50602,Belmont - Victoria Park,506,Perth - South East,5GPER,Greater Perth,5,Western Australia,AUS,Australia,3.9696
506021310,Kewdale,0,No change,50602,Belmont - Victoria Park,506,Perth - South East,5GPER,Greater Perth,5,Western Australia,AUS,Australia,2.928
506021311,Rivervale,0,No change,50602,Belmont - Victoria Park,506,Perth - South East,5GPER,Greater Perth,5,Western Australia,AUS,Australia,3.3407
506031124,Bentley - Wilson - St James,0,No change,50603,Canning,506,Perth - South East,5GPER,Greater Perth,5,Western Australia,AUS,Australia,11.1482
506031125,Canning Vale - West,0,No change,50603,Canning,506,Perth - South East,5GPER,Greater Perth,5,Western Australia,AUS,Australia,8.7354
506031126,Canning Vale Commercial,0,No change,50603,Canning,506,Perth - South East,5GPER,Greater Perth,5,Western Australia,AUS,Australia,6.6779
506031127,Cannington - Queens Park,0,No change,50603,Canning,506,Perth - South East,5GPER,Greater Perth,5,Western Australia,AUS,Australia,9.5148
506031128,Parkwood - Ferndale - Lynwood,0,No change,50603,Canning,506,Perth - South East,5GPER,Greater Perth,5,Western Australia,AUS,Australia,8.6347
506031129,Riverton - Shelley - Rossmoyne,0,No change,50603,Canning,506,Perth - South East,5GPER,Greater Perth,5,Western Australia,AUS,Australia,6.4203
506031130,Welshpool,0,No change,50603,Canning,506,Perth - South East,5GPER,Greater Perth,5,Western Australia,AUS,Australia,8.314
506031131,Willetton,0,No change,50603,Canning,506,Perth - South East,5GPER,Greater Perth,5,Western Australia,AUS,Australia,8.743
506041132,Beckenham - Kenwick - Langford,0,No change,50604,Gosnells,506,Perth - South East,5GPER,Greater Perth,5,Western Australia,AUS,Australia,18.9584
506041133,Canning Vale - East,0,No change,50604,Gosnells,506,Perth - South East,5GPER,Greater Perth,5,Western Australia,AUS,Australia,9.9338
506041134,Gosnells,0,No change,50604,Gosnells,506,Perth - South East,5GPER,Greater Perth,5,Western Australia,AUS,Australia,15.5131
506041136,Maddington - Orange Grove - Martin,0,No change,50604,Gosnells,506,Perth - South East,5GPER,Greater Perth,5,Western Australia,AUS,Australia,53.2923
506041137,Thornlie,0,No change,50604,Gosnells,506,Perth - South East,5GPER,Greater Perth,5,Western Australia,AUS,Australia,11.591
506041331,Huntingdale,1,New,50604,Gosnells,506,Perth - South East,5GPER,Greater Perth,5,Western Australia,AUS,Australia,4.7941
506041332,Southern River,1,New,50604,Gosnells,506,Perth - South East,5GPER,Greater Perth,5,Western Australia,AUS,Australia,13.215
506051138,Forrestfield - Wattle Grove,0,No change,50605,Kalamunda,506,Perth - South East,5GPER,Greater Perth,5,Western Australia,AUS,Australia,26.8975
506051139,High Wycombe,0,No change,50605,Kalamunda,506,Perth - South East,5GPER,Greater Perth,5,Western Australia,AUS,Australia,8.6968
506051140,Kalamunda - Maida Vale - Gooseberry Hill,0,No change,50605,Kalamunda,506,Perth - South East,5GPER,Greater Perth,5,Western Australia,AUS,Australia,28.1238
506051141,Lesmurdie - Bickley - Carmel,0,No change,50605,Kalamunda,506,Perth - South East,5GPER,Greater Perth,5,Western Australia,AUS,Australia,220.0818
506061143,Mundijong,0,No change,50606,Serpentine - Jarrahdale,506,Perth - South East,5GPER,Greater Perth,5,Western Australia,AUS,Australia,286.7456
506061144,Serpentine - Jarrahdale,0,No change,50606,Serpentine - Jarrahdale,506,Perth - South East,5GPER,Greater Perth,5,Western Australia,AUS,Australia,588.6193
506061333,Byford - North,1,New,50606,Serpentine - Jarrahdale,506,Perth - South East,5GPER,Greater Perth,5,Western Australia,AUS,Australia,18.6045
506061334,Byford - South,1,New,50606,Serpentine - Jarrahdale,506,Perth - South East,5GPER,Greater Perth,5,Western Australia,AUS,Australia,10.7944
506071145,Como,0,No change,50607,South Perth,506,Perth - South East,5GPER,Greater Perth,5,Western Australia,AUS,Australia,6.3895
506071146,Manning - Waterford,0,No change,50607,South Perth,506,Perth - South East,5GPER,Greater Perth,5,Western Australia,AUS,Australia,6.161
506071147,South Perth - Kensington,0,No change,50607,South Perth,506,Perth - South East,5GPER,Greater Perth,5,Western Australia,AUS,Australia,7.7563
507011150,Bibra Industrial,0,No change,50701,Cockburn,507,Perth - South West,5GPER,Greater Perth,5,Western Australia,AUS,Australia,6.5456
507011151,Bibra Lake,0,No change,50701,Cockburn,507,Perth - South West,5GPER,Greater Perth,5,Western Australia,AUS,Australia,4.1706
507011152,Coogee,0,No change,50701,Cockburn,507,Perth - South West,5GPER,Greater Perth,5,Western Australia,AUS,Australia,10.4233
507011153,Coolbellup,0,No change,50701,Cockburn,507,Perth - South West,5GPER,Greater Perth,5,Western Australia,AUS,Australia,4.5202
507011154,Hamilton Hill,0,No change,50701,Cockburn,507,Perth - South West,5GPER,Greater Perth,5,Western Australia,AUS,Australia,6.6153
507011155,Henderson,0,No change,50701,Cockburn,507,Perth - South West,5GPER,Greater Perth,5,Western Australia,AUS,Australia,8.7396
507011158,North Coogee,0,No change,50701,Cockburn,507,Perth - South West,5GPER,Greater Perth,5,Western Australia,AUS,Australia,2.774
507011159,South Lake - Cockburn Central,0,No change,50701,Cockburn,507,Perth - South West,5GPER,Greater Perth,5,Western Australia,AUS,Australia,8.896
507011160,Spearwood,0,No change,50701,Cockburn,507,Perth - South West,5GPER,Greater Perth,5,Western Australia,AUS,Australia,6.5192
507011161,Success - Hammond Park,0,No change,50701,Cockburn,507,Perth - South West,5GPER,Greater Perth,5,Western Australia,AUS,Australia,8.861
507011163,Yangebup,0,No change,50701,Cockburn,507,Perth - South West,5GPER,Greater Perth,5,Western Australia,AUS,Australia,6.0198
507011259,Beeliar - Wattleup,0,No change,50701,Cockburn,507,Perth - South West,5GPER,Greater Perth,5,Western Australia,AUS,Australia,28.7159
507011260,Jandakot,0,No change,50701,Cockburn,507,Perth - South West,5GPER,Greater Perth,5,Western Australia,AUS,Australia,15.7037
507011335,Atwell - Aubin Grove,1,New,50701,Cockburn,507,Perth - South West,5GPER,Greater Perth,5,Western Australia,AUS,Australia,20.245
507011336,Treeby,1,New,50701,Cockburn,507,Perth - South West,5GPER,Greater Perth,5,Western Australia,AUS,Australia,9.461
507021164,East Fremantle,0,No change,50702,Fremantle,507,Perth - South West,5GPER,Greater Perth,5,Western Australia,AUS,Australia,3.1384
507021165,Fremantle,0,No change,50702,Fremantle,507,Perth - South West,5GPER,Greater Perth,5,Western Australia,AUS,Australia,29.5403
507021166,Fremantle - South,0,No change,50702,Fremantle,507,Perth - South West,5GPER,Greater Perth,5,Western Australia,AUS,Australia,7.3037
507021167,O'Connor (WA),0,No change,50702,Fremantle,507,Perth - South West,5GPER,Greater Perth,5,Western Australia,AUS,Australia,1.6691
507031169,Wellard (West) - Bertram,0,No change,50703,Kwinana,507,Perth - South West,5GPER,Greater Perth,5,Western Australia,AUS,Australia,12.448
507031170,Calista,0,No change,50703,Kwinana,507,Perth - South West,5GPER,Greater Perth,5,Western Australia,AUS,Australia,15.1365
507031172,Hope Valley - Postans,0,No change,50703,Kwinana,507,Perth - South West,5GPER,Greater Perth,5,Western Australia,AUS,Australia,24.7949
507031173,Kwinana Industrial,0,No change,50703,Kwinana,507,Perth - South West,5GPER,Greater Perth,5,Western Australia,AUS,Australia,16.7145
507031174,Parmelia - Orelia,0,No change,50703,Kwinana,507,Perth - South West,5GPER,Greater Perth,5,Western Australia,AUS,Australia,7.8295
507031261,Casuarina - Wandi,0,No change,50703,Kwinana,507,Perth - South West,5GPER,Greater Perth,5,Western Australia,AUS,Australia,43.0888
507041175,Applecross - Ardross,0,No change,50704,Melville,507,Perth - South West,5GPER,Greater Perth,5,Western Australia,AUS,Australia,5.4274
507041176,Bateman,0,No change,50704,Melville,507,Perth - South West,5GPER,Greater Perth,5,Western Australia,AUS,Australia,1.9561
507041177,Bicton - Palmyra,0,No change,50704,Melville,507,Perth - South West,5GPER,Greater Perth,5,Western Australia,AUS,Australia,6.322
507041178,Booragoon,0,No change,50704,Melville,507,Perth - South West,5GPER,Greater Perth,5,Western Australia,AUS,Australia,6.7888
507041179,Bull Creek,0,No change,50704,Melville,507,Perth - South West,5GPER,Greater Perth,5,Western Australia,AUS,Australia,4.1624
507041180,Leeming,0,No change,50704,Melville,507,Perth - South West,5GPER,Greater Perth,5,Western Australia,AUS,Australia,6.6994
507041181,Melville,0,No change,50704,Melville,507,Perth - South West,5GPER,Greater Perth,5,Western Australia,AUS,Australia,7.8838
507041182,Murdoch - Kardinya,0,No change,50704,Melville,507,Perth - South West,5GPER,Greater Perth,5,Western Australia,AUS,Australia,8.6462
507041183,Willagee,0,No change,50704,Melville,507,Perth - South West,5GPER,Greater Perth,5,Western Australia,AUS,Australia,2.0887
507041184,Winthrop,0,No change,50704,Melville,507,Perth - South West,5GPER,Greater Perth,5,Western Australia,AUS,Australia,3.4789
507051186,Cooloongup,0,No change,50705,Rockingham,507,Perth - South West,5GPER,Greater Perth,5,Western Australia,AUS,Australia,4.9901
507051187,Port Kennedy,0,No change,50705,Rockingham,507,Perth - South West,5GPER,Greater Perth,5,Western Australia,AUS,Australia,21.2107
507051188,Rockingham,0,No change,50705,Rockingham,507,Perth - South West,5GPER,Greater Perth,5,Western Australia,AUS,Australia,35.722
507051189,Rockingham Lakes,0,No change,50705,Rockingham,507,Perth - South West,5GPER,Greater Perth,5,Western Australia,AUS,Australia,21.0334
507051190,Safety Bay - Shoalwater,0,No change,50705,Rockingham,507,Perth - South West,5GPER,Greater Perth,5,Western Australia,AUS,Australia,7.1927
507051192,Waikiki,0,No change,50705,Rockingham,507,Perth - South West,5GPER,Greater Perth,5,Western Australia,AUS,Australia,5.7834
507051193,Warnbro,0,No change,50705,Rockingham,507,Perth - South West,5GPER,Greater Perth,5,Western Australia,AUS,Australia,5.6428
507051312,Baldivis - North,0,No change,50705,Rockingham,507,Perth - South West,5GPER,Greater Perth,5,Western Australia,AUS,Australia,57.3056
507051314,Karnup,0,No change,50705,Rockingham,507,Perth - South West,5GPER,Greater Perth,5,Western Australia,AUS,Australia,54.2293
507051337,Baldivis - Central,1,New,50705,Rockingham,507,Perth - South West,5GPER,Greater Perth,5,Western Australia,AUS,Australia,7.0305
507051338,Baldivis - South,1,New,50705,Rockingham,507,Perth - South West,5GPER,Greater Perth,5,Western Australia,AUS,Australia,22.979
507051339,Golden Bay - Singleton,1,New,50705,Rockingham,507,Perth - South West,5GPER,Greater Perth,5,Western Australia,AUS,Australia,8.0261
507051340,Secret Harbour,1,New,50705,Rockingham,507,Perth - South West,5GPER,Greater Perth,5,Western Australia,AUS,Australia,6.5448
509011225,Albany,0,No change,50901,Albany,509,Western Australia - Wheat Belt,5RWAU,Rest of WA,5,Western Australia,AUS,Australia,30.6575
509011226,Albany Surrounds,0,No change,50901,Albany,509,Western Australia - Wheat Belt,5RWAU,Rest of WA,5,Western Australia,AUS,Australia,4009.0591
509011227,Bayonet Head - Lower King,0,No change,50901,Albany,509,Western Australia - Wheat Belt,5RWAU,Rest of WA,5,Western Australia,AUS,Australia,24.871
509011228,Denmark,0,No change,50901,Albany,509,Western Australia - Wheat Belt,5RWAU,Rest of WA,5,Western Australia,AUS,Australia,1859.8489
509011229,Gnowangerup,0,No change,50901,Albany,509,Western Australia - Wheat Belt,5RWAU,Rest of WA,5,Western Australia,AUS,Australia,15012.8154
509011230,Katanning,0,No change,50901,Albany,509,Western Australia - Wheat Belt,5RWAU,Rest of WA,5,Western Australia,AUS,Australia,2647.0202
509011231,Kojonup,0,No change,50901,Albany,509,Western Australia - Wheat Belt,5RWAU,Rest of WA,5,Western Australia,AUS,Australia,8554.5097
509011232,Little Grove - Elleker,0,No change,50901,Albany,509,Western Australia - Wheat Belt,5RWAU,Rest of WA,5,Western Australia,AUS,Australia,142.6706
509011233,McKail - Willyung,0,No change,50901,Albany,509,Western Australia - Wheat Belt,5RWAU,Rest of WA,5,Western Australia,AUS,Australia,101.1998
509011234,Plantagenet,0,No change,50901,Albany,509,Western Australia - Wheat Belt,5RWAU,Rest of WA,5,Western Australia,AUS,Australia,4383.8752
509011235,Stirling Range National Park,0,No change,50901,Albany,509,Western Australia - Wheat Belt,5RWAU,Rest of WA,5,Western Australia,AUS,Australia,1121.6226
509021236,Chittering,0,No change,50902,Wheat Belt - North,509,Western Australia - Wheat Belt,5RWAU,Rest of WA,5,Western Australia,AUS,Australia,1219.9033
509021237,Cunderdin,0,No change,50902,Wheat Belt - North,509,Western Australia - Wheat Belt,5RWAU,Rest of WA,5,Western Australia,AUS,Australia,6896.4977
509021238,Dowerin,0,No change,50902,Wheat Belt - North,509,Western Australia - Wheat Belt,5RWAU,Rest of WA,5,Western Australia,AUS,Australia,11490.3835
509021239,Gingin - Dandaragan,0,No change,50902,Wheat Belt - North,509,Western Australia - Wheat Belt,5RWAU,Rest of WA,5,Western Australia,AUS,Australia,9919.9305
509021240,Merredin,0,No change,50902,Wheat Belt - North,509,Western Australia - Wheat Belt,5RWAU,Rest of WA,5,Western Australia,AUS,Australia,9827.5055
509021241,Moora,0,No change,50902,Wheat Belt - North,509,Western Australia - Wheat Belt,5RWAU,Rest of WA,5,Western Australia,AUS,Australia,13538.3953
509021242,Mukinbudin,0,No change,50902,Wheat Belt - North,509,Western Australia - Wheat Belt,5RWAU,Rest of WA,5,Western Australia,AUS,Australia,50176.9811
509021243,Northam,0,No change,50902,Wheat Belt - North,509,Western Australia - Wheat Belt,5RWAU,Rest of WA,5,Western Australia,AUS,Australia,1431.2214
509021244,Toodyay,0,No change,50902,Wheat Belt - North,509,Western Australia - Wheat Belt,5RWAU,Rest of WA,5,Western Australia,AUS,Australia,1691.6485
509021245,York - Beverley,0,No change,50902,Wheat Belt - North,509,Western Australia - Wheat Belt,5RWAU,Rest of WA,5,Western Australia,AUS,Australia,4502.1111
509031246,Brookton,0,No change,50903,Wheat Belt - South,509,Western Australia - Wheat Belt,5RWAU,Rest of WA,5,Western Australia,AUS,Australia,7480.8607
509031247,Kulin,0,No change,50903,Wheat Belt - South,509,Western Australia - Wheat Belt,5RWAU,Rest of WA,5,Western Australia,AUS,Australia,28626.167
509031248,Murray,0,No change,50903,Wheat Belt - South,509,Western Australia - Wheat Belt,5RWAU,Rest of WA,5,Western Australia,AUS,Australia,2746.4238
509031249,Narrogin,0,No change,50903,Wheat Belt - South,509,Western Australia - Wheat Belt,5RWAU,Rest of WA,5,Western Australia,AUS,Australia,509.3037
509031250,Wagin,0,No change,50903,Wheat Belt - South,509,Western Australia - Wheat Belt,5RWAU,Rest of WA,5,Western Australia,AUS,Australia,9400.0509
510011262,Broome,0,No change,51001,Kimberley,510,Western Australia - Outback (North),5RWAU,Rest of WA,5,Western Australia,AUS,Australia,50.0425
510011263,Derby - West Kimberley,0,No change,51001,Kimberley,510,Western Australia - Outback (North),5RWAU,Rest of WA,5,Western Australia,AUS,Australia,110798.9166
510011264,Halls Creek,0,No change,51001,Kimberley,510,Western Australia - Outback (North),5RWAU,Rest of WA,5,Western Australia,AUS,Australia,135345.3384
510011265,Kununurra,0,No change,51001,Kimberley,510,Western Australia - Outback (North),5RWAU,Rest of WA,5,Western Australia,AUS,Australia,117707.2895
510011266,Roebuck,0,No change,51001,Kimberley,510,Western Australia - Outback (North),5RWAU,Rest of WA,5,Western Australia,AUS,Australia,55343.506
510021267,East Pilbara,0,No change,51002,East Pilbara,510,Western Australia - Outback (North),5RWAU,Rest of WA,5,Western Australia,AUS,Australia,390578.4825
510021268,Newman,0,No change,51002,East Pilbara,510,Western Australia - Outback (North),5RWAU,Rest of WA,5,Western Australia,AUS,Australia,17.0749
510021269,Port Hedland,0,No change,51002,East Pilbara,510,Western Australia - Outback (North),5RWAU,Rest of WA,5,Western Australia,AUS,Australia,94.1758
510021270,South Hedland,0,No change,51002,East Pilbara,510,Western Australia - Outback (North),5RWAU,Rest of WA,5,Western Australia,AUS,Australia,22.2565
510031271,Ashburton (WA),0,No change,51003,West Pilbara,510,Western Australia - Outback (North),5RWAU,Rest of WA,5,Western Australia,AUS,Australia,100827.0326
510031272,Karratha,0,No change,51003,West Pilbara,510,Western Australia - Outback (North),5RWAU,Rest of WA,5,Western Australia,AUS,Australia,134.204
510031273,Roebourne,0,No change,51003,West Pilbara,510,Western Australia - Outback (North),5RWAU,Rest of WA,5,Western Australia,AUS,Australia,15104.8531
511011274,Esperance,0,No change,51101,Esperance,511,Western Australia - Outback (South),5RWAU,Rest of WA,5,Western Australia,AUS,Australia,480.125
511011275,Esperance Surrounds,0,No change,51101,Esperance,511,Western Australia - Outback (South),5RWAU,Rest of WA,5,Western Australia,AUS,Australia,55180.7933
511021276,Carnarvon,0,No change,51102,Gascoyne,511,Western Australia - Outback (South),5RWAU,Rest of WA,5,Western Australia,AUS,Australia,78.2669
511021277,Exmouth,0,No change,51102,Gascoyne,511,Western Australia - Outback (South),5RWAU,Rest of WA,5,Western Australia,AUS,Australia,134986.3511
511031278,Boulder,0,No change,51103,Goldfields,511,Western Australia - Outback (South),5RWAU,Rest of WA,5,Western Australia,AUS,Australia,13.0881
511031279,Kalgoorlie,0,No change,51103,Goldfields,511,Western Australia - Outback (South),5RWAU,Rest of WA,5,Western Australia,AUS,Australia,23.4948
511031280,Kalgoorlie - North,0,No change,51103,Goldfields,511,Western Australia - Outback (South),5RWAU,Rest of WA,5,Western Australia,AUS,Australia,31.0652
511031281,Kalgoorlie Airport,0,No change,51103,Goldfields,511,Western Australia - Outback (South),5RWAU,Rest of WA,5,Western Australia,AUS,Australia,7.4496
511031282,Kambalda - Coolgardie - Norseman,0,No change,51103,Goldfields,511,Western Australia - Outback (South),5RWAU,Rest of WA,5,Western Australia,AUS,Australia,218581.6481
511031283,Leinster - Leonora,0,No change,51103,Goldfields,511,Western Australia - Outback (South),5RWAU,Rest of WA,5,Western Australia,AUS,Australia,495840.4188
511031284,Trafalgar (WA),0,No change,51103,Goldfields,511,Western Australia - Outback (South),5RWAU,Rest of WA,5,Western Australia,AUS,Australia,27.6123
511041285,Geraldton,0,No change,51104,Mid West,511,Western Australia - Outback (South),5RWAU,Rest of WA,5,Western Australia,AUS,Australia,21.8752
511041286,Geraldton - East,0,No change,51104,Mid West,511,Western Australia - Outback (South),5RWAU,Rest of WA,5,Western Australia,AUS,Australia,80.9732
511041287,Geraldton - North,0,No change,51104,Mid West,511,Western Australia - Outback (South),5RWAU,Rest of WA,5,Western Australia,AUS,Australia,143.0266
511041288,Geraldton - South,0,No change,51104,Mid West,511,Western Australia - Outback (South),5RWAU,Rest of WA,5,Western Australia,AUS,Australia,26.2854
511041289,Irwin,0,No change,51104,Mid West,511,Western Australia - Outback (South),5RWAU,Rest of WA,5,Western Australia,AUS,Australia,2369.3298
511041290,Meekatharra,0,No change,51104,Mid West,511,Western Australia - Outback (South),5RWAU,Rest of WA,5,Western Australia,AUS,Australia,414527.0498
511041291,Morawa,0,No change,51104,Mid West,511,Western Australia - Outback (South),5RWAU,Rest of WA,5,Western Australia,AUS,Australia,23464.3303
511041292,Northampton - Mullewa - Greenough,0,No change,51104,Mid West,511,Western Australia - Outback (South),5RWAU,Rest of WA,5,Western Australia,AUS,Australia,26161.8875
597979799,Migratory - Offshore - Shipping (WA),0,No change,59797,Migratory - Offshore - Shipping (WA),597,Migratory - Offshore - Shipping (WA),59799,Migratory - Offshore - Shipping (WA),5,Western Australia,AUS,Australia,
599999499,No usual address (WA),0,No change,59999,No usual address (WA),599,No usual address (WA),59499,No usual address (WA),5,Western Australia,AUS,Australia,
601011001,Bridgewater - Gagebrook,0,No change,60101,Brighton,601,Hobart,6GHOB,Greater Hobart,6,Tasmania,AUS,Australia,55.7463
601011002,Brighton - Pontville,0,No change,60101,Brighton,601,Hobart,6GHOB,Greater Hobart,6,Tasmania,AUS,Australia,88.7598
601011003,Old Beach - Otago,0,No change,60101,Brighton,601,Hobart,6GHOB,Greater Hobart,6,Tasmania,AUS,Australia,31.5716
601021004,Bellerive - Rosny,0,No change,60102,Hobart - North East,601,Hobart,6GHOB,Greater Hobart,6,Tasmania,AUS,Australia,4.7182
601021005,Cambridge,0,No change,60102,Hobart - North East,601,Hobart,6GHOB,Greater Hobart,6,Tasmania,AUS,Australia,101.7067
601021006,Geilston Bay - Risdon,0,No change,60102,Hobart - North East,601,Hobart,6GHOB,Greater Hobart,6,Tasmania,AUS,Australia,8.7147
601021008,Lindisfarne - Rose Bay,0,No change,60102,Hobart - North East,601,Hobart,6GHOB,Greater Hobart,6,Tasmania,AUS,Australia,7.9978
601021009,Mornington - Warrane,0,No change,60102,Hobart - North East,601,Hobart,6GHOB,Greater Hobart,6,Tasmania,AUS,Australia,8.2145
601021010,Risdon Vale,0,No change,60102,Hobart - North East,601,Hobart,6GHOB,Greater Hobart,6,Tasmania,AUS,Australia,35.4878
601021012,South Arm,0,No change,60102,Hobart - North East,601,Hobart,6GHOB,Greater Hobart,6,Tasmania,AUS,Australia,74.2681
601021101,Howrah - Tranmere,1,New,60102,Hobart - North East,601,Hobart,6GHOB,Greater Hobart,6,Tasmania,AUS,Australia,9.6113
601021102,Rokeby,1,New,60102,Hobart - North East,601,Hobart,6GHOB,Greater Hobart,6,Tasmania,AUS,Australia,15.2231
601031013,Austins Ferry - Granton,0,No change,60103,Hobart - North West,601,Hobart,6GHOB,Greater Hobart,6,Tasmania,AUS,Australia,27.3675
601031014,Berriedale - Chigwell,0,No change,60103,Hobart - North West,601,Hobart,6GHOB,Greater Hobart,6,Tasmania,AUS,Australia,34.0496
601031015,Claremont (Tas),3,Name change,60103,Hobart - North West,601,Hobart,6GHOB,Greater Hobart,6,Tasmania,AUS,Australia,17.9226
601031016,Derwent Park - Lutana,0,No change,60103,Hobart - North West,601,Hobart,6GHOB,Greater Hobart,6,Tasmania,AUS,Australia,4.9447
601031017,Glenorchy,0,No change,60103,Hobart - North West,601,Hobart,6GHOB,Greater Hobart,6,Tasmania,AUS,Australia,10.4597
601031018,Montrose - Rosetta,0,No change,60103,Hobart - North West,601,Hobart,6GHOB,Greater Hobart,6,Tasmania,AUS,Australia,5.7328
601031019,Moonah,0,No change,60103,Hobart - North West,601,Hobart,6GHOB,Greater Hobart,6,Tasmania,AUS,Australia,2.794
601031020,New Norfolk,0,No change,60103,Hobart - North West,601,Hobart,6GHOB,Greater Hobart,6,Tasmania,AUS,Australia,63.2641
601031021,West Moonah,0,No change,60103,Hobart - North West,601,Hobart,6GHOB,Greater Hobart,6,Tasmania,AUS,Australia,1.7875
601041022,Kingston - Huntingfield,0,No change,60104,Hobart - South and West,601,Hobart,6GHOB,Greater Hobart,6,Tasmania,AUS,Australia,61.8202
601041023,Kingston Beach - Blackmans Bay,0,No change,60104,Hobart - South and West,601,Hobart,6GHOB,Greater Hobart,6,Tasmania,AUS,Australia,22.2736
601041024,Margate - Snug,0,No change,60104,Hobart - South and West,601,Hobart,6GHOB,Greater Hobart,6,Tasmania,AUS,Australia,146.2328
601041025,Mount Wellington,0,No change,60104,Hobart - South and West,601,Hobart,6GHOB,Greater Hobart,6,Tasmania,AUS,Australia,90.163
601041026,Taroona - Bonnet Hill,0,No change,60104,Hobart - South and West,601,Hobart,6GHOB,Greater Hobart,6,Tasmania,AUS,Australia,8.0166
601051027,Hobart,0,No change,60105,Hobart Inner,601,Hobart,6GHOB,Greater Hobart,6,Tasmania,AUS,Australia,6.6174
601051028,Lenah Valley - Mount Stuart,0,No change,60105,Hobart Inner,601,Hobart,6GHOB,Greater Hobart,6,Tasmania,AUS,Australia,9.799
601051029,Mount Nelson - Dynnyrne,0,No change,60105,Hobart Inner,601,Hobart,6GHOB,Greater Hobart,6,Tasmania,AUS,Australia,7.9217
601051030,New Town,0,No change,60105,Hobart Inner,601,Hobart,6GHOB,Greater Hobart,6,Tasmania,AUS,Australia,3.8167
601051031,Sandy Bay,0,No change,60105,Hobart Inner,601,Hobart,6GHOB,Greater Hobart,6,Tasmania,AUS,Australia,6.9463
601051032,South Hobart - Fern Tree,0,No change,60105,Hobart Inner,601,Hobart,6GHOB,Greater Hobart,6,Tasmania,AUS,Australia,23.4873
601051033,West Hobart,0,No change,60105,Hobart Inner,601,Hobart,6GHOB,Greater Hobart,6,Tasmania,AUS,Australia,3.623
601061034,Dodges Ferry - Lewisham,0,No change,60106,Sorell - Dodges Ferry,601,Hobart,6GHOB,Greater Hobart,6,Tasmania,AUS,Australia,318.3924
601061035,Sorell - Richmond,0,No change,60106,Sorell - Dodges Ferry,601,Hobart,6GHOB,Greater Hobart,6,Tasmania,AUS,Australia,375.9341
602011036,Invermay,0,No change,60201,Launceston,602,Launceston and North East,6RTAS,Rest of Tas,6,Tasmania,AUS,Australia,4.0281
602011037,Kings Meadows - Punchbowl,0,No change,60201,Launceston,602,Launceston and North East,6RTAS,Rest of Tas,6,Tasmania,AUS,Australia,5.7589
602011038,Launceston,0,No change,60201,Launceston,602,Launceston and North East,6RTAS,Rest of Tas,6,Tasmania,AUS,Australia,5.2803
602011039,Legana,0,No change,60201,Launceston,602,Launceston and North East,6RTAS,Rest of Tas,6,Tasmania,AUS,Australia,33.697
602011040,Mowbray,0,No change,60201,Launceston,602,Launceston and North East,6RTAS,Rest of Tas,6,Tasmania,AUS,Australia,9.2817
602011041,Newnham - Mayfield,0,No change,60201,Launceston,602,Launceston and North East,6RTAS,Rest of Tas,6,Tasmania,AUS,Australia,23.5924
602011042,Newstead,0,No change,60201,Launceston,602,Launceston and North East,6RTAS,Rest of Tas,6,Tasmania,AUS,Australia,3.6874
602011043,Norwood (Tas),3,Name change,60201,Launceston,602,Launceston and North East,6RTAS,Rest of Tas,6,Tasmania,AUS,Australia,3.9851
602011044,Prospect Vale - Blackstone,0,No change,60201,Launceston,602,Launceston and North East,6RTAS,Rest of Tas,6,Tasmania,AUS,Australia,17.7443
602011045,Ravenswood,0,No change,60201,Launceston,602,Launceston and North East,6RTAS,Rest of Tas,6,Tasmania,AUS,Australia,10.0147
602011046,Riverside,0,No change,60201,Launceston,602,Launceston and North East,6RTAS,Rest of Tas,6,Tasmania,AUS,Australia,48.3143
602011047,South Launceston,0,No change,60201,Launceston,602,Launceston and North East,6RTAS,Rest of Tas,6,Tasmania,AUS,Australia,2.7762
602011048,Summerhill - Prospect,0,No change,60201,Launceston,602,Launceston and North East,6RTAS,Rest of Tas,6,Tasmania,AUS,Australia,8.8067
602011049,Trevallyn,0,No change,60201,Launceston,602,Launceston and North East,6RTAS,Rest of Tas,6,Tasmania,AUS,Australia,9.7181
602011050,Waverley - St Leonards,0,No change,60201,Launceston,602,Launceston and North East,6RTAS,Rest of Tas,6,Tasmania,AUS,Australia,55.1274
602011051,West Launceston,0,No change,60201,Launceston,602,Launceston and North East,6RTAS,Rest of Tas,6,Tasmania,AUS,Australia,3.9642
602011052,Youngtown - Relbia,0,No change,60201,Launceston,602,Launceston and North East,6RTAS,Rest of Tas,6,Tasmania,AUS,Australia,14.9319
602021053,Beauty Point - Beaconsfield,0,No change,60202,Meander Valley - West Tamar,602,Launceston and North East,6RTAS,Rest of Tas,6,Tasmania,AUS,Australia,259.1745
602021054,Deloraine,0,No change,60202,Meander Valley - West Tamar,602,Launceston and North East,6RTAS,Rest of Tas,6,Tasmania,AUS,Australia,2521.1545
602021055,Grindelwald - Lanena,0,No change,60202,Meander Valley - West Tamar,602,Launceston and North East,6RTAS,Rest of Tas,6,Tasmania,AUS,Australia,344.8496
602021056,Hadspen - Carrick,0,No change,60202,Meander Valley - West Tamar,602,Launceston and North East,6RTAS,Rest of Tas,6,Tasmania,AUS,Australia,174.702
602021057,Westbury,0,No change,60202,Meander Valley - West Tamar,602,Launceston and North East,6RTAS,Rest of Tas,6,Tasmania,AUS,Australia,679.0802
602031058,Dilston - Lilydale,0,No change,60203,North East,602,Launceston and North East,6RTAS,Rest of Tas,6,Tasmania,AUS,Australia,1274.072
602031059,George Town,0,No change,60203,North East,602,Launceston and North East,6RTAS,Rest of Tas,6,Tasmania,AUS,Australia,747.1679
602031060,Longford,0,No change,60203,North East,602,Launceston and North East,6RTAS,Rest of Tas,6,Tasmania,AUS,Australia,222.5429
602031061,Northern Midlands,0,No change,60203,North East,602,Launceston and North East,6RTAS,Rest of Tas,6,Tasmania,AUS,Australia,4763.6291
602031062,Perth - Evandale,0,No change,60203,North East,602,Launceston and North East,6RTAS,Rest of Tas,6,Tasmania,AUS,Australia,226.7698
602031064,St Helens - Scamander,0,No change,60203,North East,602,Launceston and North East,6RTAS,Rest of Tas,6,Tasmania,AUS,Australia,3299.1468
602031099,Flinders and Cape Barren Islands,0,No change,60203,North East,602,Launceston and North East,6RTAS,Rest of Tas,6,Tasmania,AUS,Australia,1996.6244
602031100,Scottsdale - Bridport,0,No change,60203,North East,602,Launceston and North East,6RTAS,Rest of Tas,6,Tasmania,AUS,Australia,3205.7137
603011065,Central Highlands,0,No change,60301,Central Highlands (Tas),603,South East,6RTAS,Rest of Tas,6,Tasmania,AUS,Australia,7185.4624
603011066,Derwent Valley,0,No change,60301,Central Highlands (Tas),603,South East,6RTAS,Rest of Tas,6,Tasmania,AUS,Australia,1289.9537
603011067,Southern Midlands,0,No change,60301,Central Highlands (Tas),603,South East,6RTAS,Rest of Tas,6,Tasmania,AUS,Australia,2600.2609
603011068,Wilderness - East,0,No change,60301,Central Highlands (Tas),603,South East,6RTAS,Rest of Tas,6,Tasmania,AUS,Australia,7351.0562
603021069,Bruny Island - Kettering,0,No change,60302,Huon - Bruny Island,603,South East,6RTAS,Rest of Tas,6,Tasmania,AUS,Australia,443.464
603021070,Cygnet,0,No change,60302,Huon - Bruny Island,603,South East,6RTAS,Rest of Tas,6,Tasmania,AUS,Australia,239.4535
603021071,Geeveston - Dover,0,No change,60302,Huon - Bruny Island,603,South East,6RTAS,Rest of Tas,6,Tasmania,AUS,Australia,827.8138
603021072,Huonville - Franklin,0,No change,60302,Huon - Bruny Island,603,South East,6RTAS,Rest of Tas,6,Tasmania,AUS,Australia,681.95
603031073,Forestier - Tasman,0,No change,60303,South East Coast,603,South East,6RTAS,Rest of Tas,6,Tasmania,AUS,Australia,660.3947
603031074,Triabunna - Bicheno,0,No change,60303,South East Coast,603,South East,6RTAS,Rest of Tas,6,Tasmania,AUS,Australia,2542.2432
604011075,Acton - Upper Burnie,0,No change,60401,Burnie - Ulverstone,604,West and North West,6RTAS,Rest of Tas,6,Tasmania,AUS,Australia,2.1455
604011076,Burnie - Ulverstone Surrounds,0,No change,60401,Burnie - Ulverstone,604,West and North West,6RTAS,Rest of Tas,6,Tasmania,AUS,Australia,1364.2466
604011077,Burnie - Wivenhoe,0,No change,60401,Burnie - Ulverstone,604,West and North West,6RTAS,Rest of Tas,6,Tasmania,AUS,Australia,11.447
604011078,Parklands - Camdale,0,No change,60401,Burnie - Ulverstone,604,West and North West,6RTAS,Rest of Tas,6,Tasmania,AUS,Australia,19.5336
604011079,Penguin - Sulphur Creek,0,No change,60401,Burnie - Ulverstone,604,West and North West,6RTAS,Rest of Tas,6,Tasmania,AUS,Australia,64.157
604011080,Romaine - Havenview,0,No change,60401,Burnie - Ulverstone,604,West and North West,6RTAS,Rest of Tas,6,Tasmania,AUS,Australia,11.8537
604011081,Somerset,0,No change,60401,Burnie - Ulverstone,604,West and North West,6RTAS,Rest of Tas,6,Tasmania,AUS,Australia,26.8891
604011082,Ulverstone,0,No change,60401,Burnie - Ulverstone,604,West and North West,6RTAS,Rest of Tas,6,Tasmania,AUS,Australia,27.4924
604011083,West Ulverstone,0,No change,60401,Burnie - Ulverstone,604,West and North West,6RTAS,Rest of Tas,6,Tasmania,AUS,Australia,18.0639
604011084,Wynyard,0,No change,60401,Burnie - Ulverstone,604,West and North West,6RTAS,Rest of Tas,6,Tasmania,AUS,Australia,58.6445
604021085,Devonport,0,No change,60402,Devonport,604,West and North West,6RTAS,Rest of Tas,6,Tasmania,AUS,Australia,10.2768
604021086,East Devonport,0,No change,60402,Devonport,604,West and North West,6RTAS,Rest of Tas,6,Tasmania,AUS,Australia,13.2324
604021087,Latrobe,0,No change,60402,Devonport,604,West and North West,6RTAS,Rest of Tas,6,Tasmania,AUS,Australia,215.3338
604021088,Miandetta - Don,0,No change,60402,Devonport,604,West and North West,6RTAS,Rest of Tas,6,Tasmania,AUS,Australia,23.0743
604021089,Port Sorell,0,No change,60402,Devonport,604,West and North West,6RTAS,Rest of Tas,6,Tasmania,AUS,Australia,362.9642
604021090,Quoiba - Spreyton,0,No change,60402,Devonport,604,West and North West,6RTAS,Rest of Tas,6,Tasmania,AUS,Australia,28.585
604021091,Sheffield - Railton,0,No change,60402,Devonport,604,West and North West,6RTAS,Rest of Tas,6,Tasmania,AUS,Australia,1156.4977
604021092,Turners Beach - Forth,0,No change,60402,Devonport,604,West and North West,6RTAS,Rest of Tas,6,Tasmania,AUS,Australia,84.3944
604031093,King Island,0,No change,60403,West Coast,604,West and North West,6RTAS,Rest of Tas,6,Tasmania,AUS,Australia,1095.7407
604031094,North West,0,No change,60403,West Coast,604,West and North West,6RTAS,Rest of Tas,6,Tasmania,AUS,Australia,4765.8968
604031095,Smithton,0,No change,60403,West Coast,604,West and North West,6RTAS,Rest of Tas,6,Tasmania,AUS,Australia,91.3095
604031096,Waratah,0,No change,60403,West Coast,604,West and North West,6RTAS,Rest of Tas,6,Tasmania,AUS,Australia,3489.4719
604031097,West Coast (Tas),3,Name change,60403,West Coast,604,West and North West,6RTAS,Rest of Tas,6,Tasmania,AUS,Australia,3931.6265
604031098,Wilderness - West,0,No change,60403,West Coast,604,West and North West,6RTAS,Rest of Tas,6,Tasmania,AUS,Australia,5651.9123
697979799,Migratory - Offshore - Shipping (Tas),3,Name change,69797,Migratory - Offshore - Shipping (Tas),697,Migratory - Offshore - Shipping (Tas),69799,Migratory - Offshore - Shipping (Tas),6,Tasmania,AUS,Australia,
699999499,No usual address (Tas),3,Name change,69999,No usual address (Tas),699,No usual address (Tas),69499,No usual address (Tas),6,Tasmania,AUS,Australia,
701011001,Darwin Airport,0,No change,70101,Darwin City,701,Darwin,7GDAR,Greater Darwin,7,Northern Territory,AUS,Australia,14.3244
701011002,Darwin City,0,No change,70101,Darwin City,701,Darwin,7GDAR,Greater Darwin,7,Northern Territory,AUS,Australia,3.1731
701011003,East Point,0,No change,70101,Darwin City,701,Darwin,7GDAR,Greater Darwin,7,Northern Territory,AUS,Australia,2.377
701011004,Fannie Bay - The Gardens,0,No change,70101,Darwin City,701,Darwin,7GDAR,Greater Darwin,7,Northern Territory,AUS,Australia,3.9165
701011005,Larrakeyah,0,No change,70101,Darwin City,701,Darwin,7GDAR,Greater Darwin,7,Northern Territory,AUS,Australia,1.9452
701011006,Ludmilla - The Narrows,0,No change,70101,Darwin City,701,Darwin,7GDAR,Greater Darwin,7,Northern Territory,AUS,Australia,5.35
701011007,Parap,0,No change,70101,Darwin City,701,Darwin,7GDAR,Greater Darwin,7,Northern Territory,AUS,Australia,1.1022
701011008,Stuart Park,0,No change,70101,Darwin City,701,Darwin,7GDAR,Greater Darwin,7,Northern Territory,AUS,Australia,1.6531
701011009,Woolner - Bayview - Winnellie,0,No change,70101,Darwin City,701,Darwin,7GDAR,Greater Darwin,7,Northern Territory,AUS,Australia,6.7936
701021010,Alawa,0,No change,70102,Darwin Suburbs,701,Darwin,7GDAR,Greater Darwin,7,Northern Territory,AUS,Australia,1.2399
701021011,Anula,0,No change,70102,Darwin Suburbs,701,Darwin,7GDAR,Greater Darwin,7,Northern Territory,AUS,Australia,1.3178
701021012,Berrimah,0,No change,70102,Darwin Suburbs,701,Darwin,7GDAR,Greater Darwin,7,Northern Territory,AUS,Australia,30.2554
701021013,Brinkin - Nakara,0,No change,70102,Darwin Suburbs,701,Darwin,7GDAR,Greater Darwin,7,Northern Territory,AUS,Australia,2.6861
701021014,Buffalo Creek,0,No change,70102,Darwin Suburbs,701,Darwin,7GDAR,Greater Darwin,7,Northern Territory,AUS,Australia,23.9106
701021015,Charles Darwin,0,No change,70102,Darwin Suburbs,701,Darwin,7GDAR,Greater Darwin,7,Northern Territory,AUS,Australia,17.4936
701021016,Coconut Grove,0,No change,70102,Darwin Suburbs,701,Darwin,7GDAR,Greater Darwin,7,Northern Territory,AUS,Australia,1.4242
701021017,East Arm,0,No change,70102,Darwin Suburbs,701,Darwin,7GDAR,Greater Darwin,7,Northern Territory,AUS,Australia,27.9611
701021018,Jingili,0,No change,70102,Darwin Suburbs,701,Darwin,7GDAR,Greater Darwin,7,Northern Territory,AUS,Australia,1.3163
701021019,Karama,0,No change,70102,Darwin Suburbs,701,Darwin,7GDAR,Greater Darwin,7,Northern Territory,AUS,Australia,2.0655
701021020,Leanyer,0,No change,70102,Darwin Suburbs,701,Darwin,7GDAR,Greater Darwin,7,Northern Territory,AUS,Australia,2.5017
701021021,Lyons (NT),0,No change,70102,Darwin Suburbs,701,Darwin,7GDAR,Greater Darwin,7,Northern Territory,AUS,Australia,7.0409
701021022,Malak - Marrara,0,No change,70102,Darwin Suburbs,701,Darwin,7GDAR,Greater Darwin,7,Northern Territory,AUS,Australia,4.8315
701021023,Millner,0,No change,70102,Darwin Suburbs,701,Darwin,7GDAR,Greater Darwin,7,Northern Territory,AUS,Australia,1.4677
701021024,Moil,0,No change,70102,Darwin Suburbs,701,Darwin,7GDAR,Greater Darwin,7,Northern Territory,AUS,Australia,1.0424
701021025,Nightcliff,0,No change,70102,Darwin Suburbs,701,Darwin,7GDAR,Greater Darwin,7,Northern Territory,AUS,Australia,1.4512
701021026,Rapid Creek,0,No change,70102,Darwin Suburbs,701,Darwin,7GDAR,Greater Darwin,7,Northern Territory,AUS,Australia,1.9176
701021027,Tiwi,0,No change,70102,Darwin Suburbs,701,Darwin,7GDAR,Greater Darwin,7,Northern Territory,AUS,Australia,3.1187
701021028,Wagaman,0,No change,70102,Darwin Suburbs,701,Darwin,7GDAR,Greater Darwin,7,Northern Territory,AUS,Australia,0.8378
701021029,Wanguri,0,No change,70102,Darwin Suburbs,701,Darwin,7GDAR,Greater Darwin,7,Northern Territory,AUS,Australia,0.8855
701021030,Wulagi,0,No change,70102,Darwin Suburbs,701,Darwin,7GDAR,Greater Darwin,7,Northern Territory,AUS,Australia,1.2629
701031031,Howard Springs,0,No change,70103,Litchfield,701,Darwin,7GDAR,Greater Darwin,7,Northern Territory,AUS,Australia,118.021
701031032,Humpty Doo,0,No change,70103,Litchfield,701,Darwin,7GDAR,Greater Darwin,7,Northern Territory,AUS,Australia,157.416
701031033,Koolpinyah,0,No change,70103,Litchfield,701,Darwin,7GDAR,Greater Darwin,7,Northern Territory,AUS,Australia,1199.6495
701031034,Virginia,0,No change,70103,Litchfield,701,Darwin,7GDAR,Greater Darwin,7,Northern Territory,AUS,Australia,54.7364
701031035,Weddell,0,No change,70103,Litchfield,701,Darwin,7GDAR,Greater Darwin,7,Northern Territory,AUS,Australia,1408.6881
701041036,Bakewell,0,No change,70104,Palmerston,701,Darwin,7GDAR,Greater Darwin,7,Northern Territory,AUS,Australia,1.3185
701041037,Driver,0,No change,70104,Palmerston,701,Darwin,7GDAR,Greater Darwin,7,Northern Territory,AUS,Australia,1.7157
701041038,Durack - Marlow Lagoon,0,No change,70104,Palmerston,701,Darwin,7GDAR,Greater Darwin,7,Northern Territory,AUS,Australia,11.7191
701041039,Gray,0,No change,70104,Palmerston,701,Darwin,7GDAR,Greater Darwin,7,Northern Territory,AUS,Australia,1.5029
701041040,Moulden,0,No change,70104,Palmerston,701,Darwin,7GDAR,Greater Darwin,7,Northern Territory,AUS,Australia,1.7504
701041041,Palmerston - North,0,No change,70104,Palmerston,701,Darwin,7GDAR,Greater Darwin,7,Northern Territory,AUS,Australia,4.7651
701041042,Palmerston - South,0,No change,70104,Palmerston,701,Darwin,7GDAR,Greater Darwin,7,Northern Territory,AUS,Australia,24.9843
701041043,Rosebery - Bellamack,0,No change,70104,Palmerston,701,Darwin,7GDAR,Greater Darwin,7,Northern Territory,AUS,Australia,3.1751
701041044,Woodroffe,0,No change,70104,Palmerston,701,Darwin,7GDAR,Greater Darwin,7,Northern Territory,AUS,Australia,1.5977
702011045,Charles,0,No change,70201,Alice Springs,702,Northern Territory - Outback,7RNTE,Rest of NT,7,Northern Territory,AUS,Australia,16.693
702011046,East Side,0,No change,70201,Alice Springs,702,Northern Territory - Outback,7RNTE,Rest of NT,7,Northern Territory,AUS,Australia,25.7669
702011047,Flynn (NT),0,No change,70201,Alice Springs,702,Northern Territory - Outback,7RNTE,Rest of NT,7,Northern Territory,AUS,Australia,17.0626
702011048,Larapinta,0,No change,70201,Alice Springs,702,Northern Territory - Outback,7RNTE,Rest of NT,7,Northern Territory,AUS,Australia,58.5557
702011049,Mount Johns,0,No change,70201,Alice Springs,702,Northern Territory - Outback,7RNTE,Rest of NT,7,Northern Territory,AUS,Australia,18.9529
702011050,Petermann - Simpson,0,No change,70201,Alice Springs,702,Northern Territory - Outback,7RNTE,Rest of NT,7,Northern Territory,AUS,Australia,175248.1844
702011051,Ross,0,No change,70201,Alice Springs,702,Northern Territory - Outback,7RNTE,Rest of NT,7,Northern Territory,AUS,Australia,190.6822
702011052,Sandover - Plenty,0,No change,70201,Alice Springs,702,Northern Territory - Outback,7RNTE,Rest of NT,7,Northern Territory,AUS,Australia,129517.1937
702011053,Tanami,0,No change,70201,Alice Springs,702,Northern Territory - Outback,7RNTE,Rest of NT,7,Northern Territory,AUS,Australia,192662.3215
702011054,Yuendumu - Anmatjere,0,No change,70201,Alice Springs,702,Northern Territory - Outback,7RNTE,Rest of NT,7,Northern Territory,AUS,Australia,71845.0783
702021055,Barkly,0,No change,70202,Barkly,702,Northern Territory - Outback,7RNTE,Rest of NT,7,Northern Territory,AUS,Australia,303169.1232
702021056,Tennant Creek,0,No change,70202,Barkly,702,Northern Territory - Outback,7RNTE,Rest of NT,7,Northern Territory,AUS,Australia,42.0605
702031057,Alligator,0,No change,70203,Daly - Tiwi - West Arnhem,702,Northern Territory - Outback,7RNTE,Rest of NT,7,Northern Territory,AUS,Australia,33100.666
702031058,Daly,0,No change,70203,Daly - Tiwi - West Arnhem,702,Northern Territory - Outback,7RNTE,Rest of NT,7,Northern Territory,AUS,Australia,34828.072
702031059,Thamarrurr,0,No change,70203,Daly - Tiwi - West Arnhem,702,Northern Territory - Outback,7RNTE,Rest of NT,7,Northern Territory,AUS,Australia,3373.7078
702031060,Tiwi Islands,0,No change,70203,Daly - Tiwi - West Arnhem,702,Northern Territory - Outback,7RNTE,Rest of NT,7,Northern Territory,AUS,Australia,7483.1663
702031061,West Arnhem,0,No change,70203,Daly - Tiwi - West Arnhem,702,Northern Territory - Outback,7RNTE,Rest of NT,7,Northern Territory,AUS,Australia,33509.2432
702041062,Anindilyakwa,0,No change,70204,East Arnhem,702,Northern Territory - Outback,7RNTE,Rest of NT,7,Northern Territory,AUS,Australia,2609.0396
702041063,East Arnhem,0,No change,70204,East Arnhem,702,Northern Territory - Outback,7RNTE,Rest of NT,7,Northern Territory,AUS,Australia,30989.9029
702041064,Nhulunbuy,0,No change,70204,East Arnhem,702,Northern Territory - Outback,7RNTE,Rest of NT,7,Northern Territory,AUS,Australia,7.647
702051065,Elsey,0,No change,70205,Katherine,702,Northern Territory - Outback,7RNTE,Rest of NT,7,Northern Territory,AUS,Australia,92949.7359
702051066,Gulf,0,No change,70205,Katherine,702,Northern Territory - Outback,7RNTE,Rest of NT,7,Northern Territory,AUS,Australia,92278.2363
702051067,Katherine,0,No change,70205,Katherine,702,Northern Territory - Outback,7RNTE,Rest of NT,7,Northern Territory,AUS,Australia,7416.9496
702051068,Victoria River,0,No change,70205,Katherine,702,Northern Territory - Outback,7RNTE,Rest of NT,7,Northern Territory,AUS,Australia,133608.8428
797979799,Migratory - Offshore - Shipping (NT),0,No change,79797,Migratory - Offshore - Shipping (NT),797,Migratory - Offshore - Shipping (NT),79799,Migratory - Offshore - Shipping (NT),7,Northern Territory,AUS,Australia,
799999499,No usual address (NT),0,No change,79999,No usual address (NT),799,No usual address (NT),79499,No usual address (NT),7,Northern Territory,AUS,Australia,
801011001,Aranda,0,No change,80101,Belconnen,801,Australian Capital Territory,8ACTE,Australian Capital Territory,8,Australian Capital Territory,AUS,Australia,1.5631
801011002,Belconnen,0,No change,80101,Belconnen,801,Australian Capital Territory,8ACTE,Australian Capital Territory,8,Australian Capital Territory,AUS,Australia,4.426
801011003,Bruce,0,No change,80101,Belconnen,801,Australian Capital Territory,8ACTE,Australian Capital Territory,8,Australian Capital Territory,AUS,Australia,5.7975
801011004,Charnwood,0,No change,80101,Belconnen,801,Australian Capital Territory,8ACTE,Australian Capital Territory,8,Australian Capital Territory,AUS,Australia,1.8559
801011005,Cook,0,No change,80101,Belconnen,801,Australian Capital Territory,8ACTE,Australian Capital Territory,8,Australian Capital Territory,AUS,Australia,1.5831
801011006,Dunlop,0,No change,80101,Belconnen,801,Australian Capital Territory,8ACTE,Australian Capital Territory,8,Australian Capital Territory,AUS,Australia,3.6054
801011007,Evatt,0,No change,80101,Belconnen,801,Australian Capital Territory,8ACTE,Australian Capital Territory,8,Australian Capital Territory,AUS,Australia,3.0603
801011008,Florey,0,No change,80101,Belconnen,801,Australian Capital Territory,8ACTE,Australian Capital Territory,8,Australian Capital Territory,AUS,Australia,2.7554
801011009,Flynn (ACT),0,No change,80101,Belconnen,801,Australian Capital Territory,8ACTE,Australian Capital Territory,8,Australian Capital Territory,AUS,Australia,2.0955
801011010,Fraser,0,No change,80101,Belconnen,801,Australian Capital Territory,8ACTE,Australian Capital Territory,8,Australian Capital Territory,AUS,Australia,2.4751
801011011,Giralang,0,No change,80101,Belconnen,801,Australian Capital Territory,8ACTE,Australian Capital Territory,8,Australian Capital Territory,AUS,Australia,2.4467
801011012,Gooromon,0,No change,80101,Belconnen,801,Australian Capital Territory,8ACTE,Australian Capital Territory,8,Australian Capital Territory,AUS,Australia,9.9448
801011013,Hawker,0,No change,80101,Belconnen,801,Australian Capital Territory,8ACTE,Australian Capital Territory,8,Australian Capital Territory,AUS,Australia,1.9562
801011014,Higgins,0,No change,80101,Belconnen,801,Australian Capital Territory,8ACTE,Australian Capital Territory,8,Australian Capital Territory,AUS,Australia,1.6743
801011015,Holt,0,No change,80101,Belconnen,801,Australian Capital Territory,8ACTE,Australian Capital Territory,8,Australian Capital Territory,AUS,Australia,3.2957
801011016,Kaleen,0,No change,80101,Belconnen,801,Australian Capital Territory,8ACTE,Australian Capital Territory,8,Australian Capital Territory,AUS,Australia,6.0268
801011017,Latham,0,No change,80101,Belconnen,801,Australian Capital Territory,8ACTE,Australian Capital Territory,8,Australian Capital Territory,AUS,Australia,2.7312
801011018,Lawson,0,No change,80101,Belconnen,801,Australian Capital Territory,8ACTE,Australian Capital Territory,8,Australian Capital Territory,AUS,Australia,3.0845
801011019,Macgregor (ACT),0,No change,80101,Belconnen,801,Australian Capital Territory,8ACTE,Australian Capital Territory,8,Australian Capital Territory,AUS,Australia,4.2749
801011020,Macquarie,0,No change,80101,Belconnen,801,Australian Capital Territory,8ACTE,Australian Capital Territory,8,Australian Capital Territory,AUS,Australia,1.7004
801011021,McKellar,0,No change,80101,Belconnen,801,Australian Capital Territory,8ACTE,Australian Capital Territory,8,Australian Capital Territory,AUS,Australia,1.414
801011022,Melba,0,No change,80101,Belconnen,801,Australian Capital Territory,8ACTE,Australian Capital Territory,8,Australian Capital Territory,AUS,Australia,2.3073
801011023,Page,0,No change,80101,Belconnen,801,Australian Capital Territory,8ACTE,Australian Capital Territory,8,Australian Capital Territory,AUS,Australia,1.3225
801011024,Scullin,0,No change,80101,Belconnen,801,Australian Capital Territory,8ACTE,Australian Capital Territory,8,Australian Capital Territory,AUS,Australia,1.426
801011025,Spence,0,No change,80101,Belconnen,801,Australian Capital Territory,8ACTE,Australian Capital Territory,8,Australian Capital Territory,AUS,Australia,1.5224
801011026,Weetangera,0,No change,80101,Belconnen,801,Australian Capital Territory,8ACTE,Australian Capital Territory,8,Australian Capital Territory,AUS,Australia,1.5832
801011111,Molonglo Corridor,0,No change,80101,Belconnen,801,Australian Capital Territory,8ACTE,Australian Capital Territory,8,Australian Capital Territory,AUS,Australia,24.9139
801011142,Macnamara,0,No change,80101,Belconnen,801,Australian Capital Territory,8ACTE,Australian Capital Territory,8,Australian Capital Territory,AUS,Australia,4.3408
801011147,Strathnairn,1,New,80101,Belconnen,801,Australian Capital Territory,8ACTE,Australian Capital Territory,8,Australian Capital Territory,AUS,Australia,4.5344
801011148,West Belconnen,1,New,80101,Belconnen,801,Australian Capital Territory,8ACTE,Australian Capital Territory,8,Australian Capital Territory,AUS,Australia,2.5461
801031031,Hume,0,No change,80103,Canberra East,801,Australian Capital Territory,8ACTE,Australian Capital Territory,8,Australian Capital Territory,AUS,Australia,8.5645
801031032,Kowen,0,No change,80103,Canberra East,801,Australian Capital Territory,8ACTE,Australian Capital Territory,8,Australian Capital Territory,AUS,Australia,76.9339
801031113,Canberra East,0,No change,80103,Canberra East,801,Australian Capital Territory,8ACTE,Australian Capital Territory,8,Australian Capital Territory,AUS,Australia,31.0689
801031114,Canberra Airport,0,No change,80103,Canberra East,801,Australian Capital Territory,8ACTE,Australian Capital Territory,8,Australian Capital Territory,AUS,Australia,5.5374
801031115,Majura,0,No change,80103,Canberra East,801,Australian Capital Territory,8ACTE,Australian Capital Territory,8,Australian Capital Territory,AUS,Australia,89.6908
801041034,Amaroo,0,No change,80104,Gungahlin,801,Australian Capital Territory,8ACTE,Australian Capital Territory,8,Australian Capital Territory,AUS,Australia,2.5872
801041035,Bonner,0,No change,80104,Gungahlin,801,Australian Capital Territory,8ACTE,Australian Capital Territory,8,Australian Capital Territory,AUS,Australia,2.7559
801041036,Casey,0,No change,80104,Gungahlin,801,Australian Capital Territory,8ACTE,Australian Capital Territory,8,Australian Capital Territory,AUS,Australia,2.6225
801041037,Crace,0,No change,80104,Gungahlin,801,Australian Capital Territory,8ACTE,Australian Capital Territory,8,Australian Capital Territory,AUS,Australia,1.6518
801041038,Forde,0,No change,80104,Gungahlin,801,Australian Capital Territory,8ACTE,Australian Capital Territory,8,Australian Capital Territory,AUS,Australia,1.9171
801041039,Franklin,0,No change,80104,Gungahlin,801,Australian Capital Territory,8ACTE,Australian Capital Territory,8,Australian Capital Territory,AUS,Australia,2.2966
801041040,Gungahlin,0,No change,80104,Gungahlin,801,Australian Capital Territory,8ACTE,Australian Capital Territory,8,Australian Capital Territory,AUS,Australia,4.5643
801041043,Hall,0,No change,80104,Gungahlin,801,Australian Capital Territory,8ACTE,Australian Capital Territory,8,Australian Capital Territory,AUS,Australia,2.8718
801041044,Harrison,0,No change,80104,Gungahlin,801,Australian Capital Territory,8ACTE,Australian Capital Territory,8,Australian Capital Territory,AUS,Australia,2.9168
801041045,Mitchell,0,No change,80104,Gungahlin,801,Australian Capital Territory,8ACTE,Australian Capital Territory,8,Australian Capital Territory,AUS,Australia,7.3847
801041046,Ngunnawal,0,No change,80104,Gungahlin,801,Australian Capital Territory,8ACTE,Australian Capital Territory,8,Australian Capital Territory,AUS,Australia,4.1591
801041047,Nicholls,0,No change,80104,Gungahlin,801,Australian Capital Territory,8ACTE,Australian Capital Territory,8,Australian Capital Territory,AUS,Australia,6.7016
801041048,Palmerston,0,No change,80104,Gungahlin,801,Australian Capital Territory,8ACTE,Australian Capital Territory,8,Australian Capital Territory,AUS,Australia,1.9481
801041116,Gungahlin - East,0,No change,80104,Gungahlin,801,Australian Capital Territory,8ACTE,Australian Capital Territory,8,Australian Capital Territory,AUS,Australia,17.2009
801041117,Gungahlin - West,0,No change,80104,Gungahlin,801,Australian Capital Territory,8ACTE,Australian Capital Territory,8,Australian Capital Territory,AUS,Australia,13.7405
801041118,Jacka,0,No change,80104,Gungahlin,801,Australian Capital Territory,8ACTE,Australian Capital Territory,8,Australian Capital Territory,AUS,Australia,2.9098
801041119,Kenny,0,No change,80104,Gungahlin,801,Australian Capital Territory,8ACTE,Australian Capital Territory,8,Australian Capital Territory,AUS,Australia,6.1708
801041120,Moncrieff,0,No change,80104,Gungahlin,801,Australian Capital Territory,8ACTE,Australian Capital Territory,8,Australian Capital Territory,AUS,Australia,1.9172
801041121,Taylor,0,No change,80104,Gungahlin,801,Australian Capital Territory,8ACTE,Australian Capital Territory,8,Australian Capital Territory,AUS,Australia,4.082
801041122,Throsby,0,No change,80104,Gungahlin,801,Australian Capital Territory,8ACTE,Australian Capital Territory,8,Australian Capital Territory,AUS,Australia,1.4792
801051049,Acton,0,No change,80105,North Canberra,801,Australian Capital Territory,8ACTE,Australian Capital Territory,8,Australian Capital Territory,AUS,Australia,2.7374
801051050,Ainslie,0,No change,80105,North Canberra,801,Australian Capital Territory,8ACTE,Australian Capital Territory,8,Australian Capital Territory,AUS,Australia,3.5405
801051051,Braddon,0,No change,80105,North Canberra,801,Australian Capital Territory,8ACTE,Australian Capital Territory,8,Australian Capital Territory,AUS,Australia,1.408
801051053,Civic,0,No change,80105,North Canberra,801,Australian Capital Territory,8ACTE,Australian Capital Territory,8,Australian Capital Territory,AUS,Australia,1.4309
801051054,Dickson,0,No change,80105,North Canberra,801,Australian Capital Territory,8ACTE,Australian Capital Territory,8,Australian Capital Territory,AUS,Australia,1.578
801051055,Downer,0,No change,80105,North Canberra,801,Australian Capital Territory,8ACTE,Australian Capital Territory,8,Australian Capital Territory,AUS,Australia,1.6342
801051056,Hackett,0,No change,80105,North Canberra,801,Australian Capital Territory,8ACTE,Australian Capital Territory,8,Australian Capital Territory,AUS,Australia,1.9498
801051057,Lyneham,0,No change,80105,North Canberra,801,Australian Capital Territory,8ACTE,Australian Capital Territory,8,Australian Capital Territory,AUS,Australia,5.4776
801051058,O'Connor (ACT),0,No change,80105,North Canberra,801,Australian Capital Territory,8ACTE,Australian Capital Territory,8,Australian Capital Territory,AUS,Australia,4.9286
801051060,Turner,0,No change,80105,North Canberra,801,Australian Capital Territory,8ACTE,Australian Capital Territory,8,Australian Capital Territory,AUS,Australia,1.5376
801051061,Watson,0,No change,80105,North Canberra,801,Australian Capital Territory,8ACTE,Australian Capital Territory,8,Australian Capital Territory,AUS,Australia,3.6744
801051123,Black Mountain,0,No change,80105,North Canberra,801,Australian Capital Territory,8ACTE,Australian Capital Territory,8,Australian Capital Territory,AUS,Australia,6.7267
801051124,Campbell,0,No change,80105,North Canberra,801,Australian Capital Territory,8ACTE,Australian Capital Territory,8,Australian Capital Territory,AUS,Australia,3.1593
801051125,Duntroon,0,No change,80105,North Canberra,801,Australian Capital Territory,8ACTE,Australian Capital Territory,8,Australian Capital Territory,AUS,Australia,2.4118
801051126,Parkes (ACT) - North,0,No change,80105,North Canberra,801,Australian Capital Territory,8ACTE,Australian Capital Territory,8,Australian Capital Territory,AUS,Australia,1.0976
801051127,Reid,0,No change,80105,North Canberra,801,Australian Capital Territory,8ACTE,Australian Capital Territory,8,Australian Capital Territory,AUS,Australia,0.9367
801051128,Russell,0,No change,80105,North Canberra,801,Australian Capital Territory,8ACTE,Australian Capital Territory,8,Australian Capital Territory,AUS,Australia,0.4939
801061062,Deakin,0,No change,80106,South Canberra,801,Australian Capital Territory,8ACTE,Australian Capital Territory,8,Australian Capital Territory,AUS,Australia,3.5714
801061063,Forrest,0,No change,80106,South Canberra,801,Australian Capital Territory,8ACTE,Australian Capital Territory,8,Australian Capital Territory,AUS,Australia,1.5901
801061064,Griffith (ACT),0,No change,80106,South Canberra,801,Australian Capital Territory,8ACTE,Australian Capital Territory,8,Australian Capital Territory,AUS,Australia,2.7559
801061066,Lake Burley Griffin,0,No change,80106,South Canberra,801,Australian Capital Territory,8ACTE,Australian Capital Territory,8,Australian Capital Territory,AUS,Australia,6.1594
801061067,Narrabundah,0,No change,80106,South Canberra,801,Australian Capital Territory,8ACTE,Australian Capital Territory,8,Australian Capital Territory,AUS,Australia,4.0907
801061068,Parkes (ACT) - South,0,No change,80106,South Canberra,801,Australian Capital Territory,8ACTE,Australian Capital Territory,8,Australian Capital Territory,AUS,Australia,1.8118
801061069,Red Hill (ACT),0,No change,80106,South Canberra,801,Australian Capital Territory,8ACTE,Australian Capital Territory,8,Australian Capital Territory,AUS,Australia,4.8606
801061070,Yarralumla,0,No change,80106,South Canberra,801,Australian Capital Territory,8ACTE,Australian Capital Territory,8,Australian Capital Territory,AUS,Australia,7.2105
801061129,Barton,0,No change,80106,South Canberra,801,Australian Capital Territory,8ACTE,Australian Capital Territory,8,Australian Capital Territory,AUS,Australia,1.1901
801061130,Fyshwick,0,No change,80106,South Canberra,801,Australian Capital Territory,8ACTE,Australian Capital Territory,8,Australian Capital Territory,AUS,Australia,9.7669
801061131,Kingston (ACT),0,No change,80106,South Canberra,801,Australian Capital Territory,8ACTE,Australian Capital Territory,8,Australian Capital Territory,AUS,Australia,1.4039
801071071,Banks,0,No change,80107,Tuggeranong,801,Australian Capital Territory,8ACTE,Australian Capital Territory,8,Australian Capital Territory,AUS,Australia,2.2533
801071072,Bonython,0,No change,80107,Tuggeranong,801,Australian Capital Territory,8ACTE,Australian Capital Territory,8,Australian Capital Territory,AUS,Australia,2.9045
801071073,Calwell,0,No change,80107,Tuggeranong,801,Australian Capital Territory,8ACTE,Australian Capital Territory,8,Australian Capital Territory,AUS,Australia,3.8922
801071074,Chisholm,0,No change,80107,Tuggeranong,801,Australian Capital Territory,8ACTE,Australian Capital Territory,8,Australian Capital Territory,AUS,Australia,3.1046
801071075,Conder,0,No change,80107,Tuggeranong,801,Australian Capital Territory,8ACTE,Australian Capital Territory,8,Australian Capital Territory,AUS,Australia,4.5237
801071076,Fadden,0,No change,80107,Tuggeranong,801,Australian Capital Territory,8ACTE,Australian Capital Territory,8,Australian Capital Territory,AUS,Australia,3.1064
801071077,Gilmore,0,No change,80107,Tuggeranong,801,Australian Capital Territory,8ACTE,Australian Capital Territory,8,Australian Capital Territory,AUS,Australia,2.0454
801071078,Gordon (ACT),0,No change,80107,Tuggeranong,801,Australian Capital Territory,8ACTE,Australian Capital Territory,8,Australian Capital Territory,AUS,Australia,4.4416
801071079,Gowrie (ACT),0,No change,80107,Tuggeranong,801,Australian Capital Territory,8ACTE,Australian Capital Territory,8,Australian Capital Territory,AUS,Australia,1.9317
801071080,Greenway,0,No change,80107,Tuggeranong,801,Australian Capital Territory,8ACTE,Australian Capital Territory,8,Australian Capital Territory,AUS,Australia,5.307
801071081,Isabella Plains,0,No change,80107,Tuggeranong,801,Australian Capital Territory,8ACTE,Australian Capital Territory,8,Australian Capital Territory,AUS,Australia,2.495
801071082,Kambah,0,No change,80107,Tuggeranong,801,Australian Capital Territory,8ACTE,Australian Capital Territory,8,Australian Capital Territory,AUS,Australia,11.3361
801071083,Macarthur,0,No change,80107,Tuggeranong,801,Australian Capital Territory,8ACTE,Australian Capital Territory,8,Australian Capital Territory,AUS,Australia,1.3014
801071084,Monash,0,No change,80107,Tuggeranong,801,Australian Capital Territory,8ACTE,Australian Capital Territory,8,Australian Capital Territory,AUS,Australia,3.4119
801071085,Mount Taylor,0,No change,80107,Tuggeranong,801,Australian Capital Territory,8ACTE,Australian Capital Territory,8,Australian Capital Territory,AUS,Australia,10.9052
801071086,Oxley (ACT),0,No change,80107,Tuggeranong,801,Australian Capital Territory,8ACTE,Australian Capital Territory,8,Australian Capital Territory,AUS,Australia,1.0865
801071087,Richardson,0,No change,80107,Tuggeranong,801,Australian Capital Territory,8ACTE,Australian Capital Territory,8,Australian Capital Territory,AUS,Australia,2.2371
801071088,Theodore,0,No change,80107,Tuggeranong,801,Australian Capital Territory,8ACTE,Australian Capital Territory,8,Australian Capital Territory,AUS,Australia,3.1353
801071089,Tuggeranong,0,No change,80107,Tuggeranong,801,Australian Capital Territory,8ACTE,Australian Capital Territory,8,Australian Capital Territory,AUS,Australia,75.602
801071090,Wanniassa,0,No change,80107,Tuggeranong,801,Australian Capital Territory,8ACTE,Australian Capital Territory,8,Australian Capital Territory,AUS,Australia,5.3975
801071132,Tuggeranong - West,0,No change,80107,Tuggeranong,801,Australian Capital Territory,8ACTE,Australian Capital Territory,8,Australian Capital Territory,AUS,Australia,9.2083
801081091,Chapman,0,No change,80108,Weston Creek,801,Australian Capital Territory,8ACTE,Australian Capital Territory,8,Australian Capital Territory,AUS,Australia,1.8558
801081092,Duffy,0,No change,80108,Weston Creek,801,Australian Capital Territory,8ACTE,Australian Capital Territory,8,Australian Capital Territory,AUS,Australia,2.7964
801081093,Fisher,0,No change,80108,Weston Creek,801,Australian Capital Territory,8ACTE,Australian Capital Territory,8,Australian Capital Territory,AUS,Australia,1.5822
801081094,Holder,0,No change,80108,Weston Creek,801,Australian Capital Territory,8ACTE,Australian Capital Territory,8,Australian Capital Territory,AUS,Australia,1.8719
801081095,Rivett,0,No change,80108,Weston Creek,801,Australian Capital Territory,8ACTE,Australian Capital Territory,8,Australian Capital Territory,AUS,Australia,1.6106
801081096,Stirling,0,No change,80108,Weston Creek,801,Australian Capital Territory,8ACTE,Australian Capital Territory,8,Australian Capital Territory,AUS,Australia,1.3226
801081097,Waramanga,0,No change,80108,Weston Creek,801,Australian Capital Territory,8ACTE,Australian Capital Territory,8,Australian Capital Territory,AUS,Australia,1.7098
801081098,Weston,0,No change,80108,Weston Creek,801,Australian Capital Territory,8ACTE,Australian Capital Territory,8,Australian Capital Territory,AUS,Australia,3.8462
801081133,Scrivener,0,No change,80108,Weston Creek,801,Australian Capital Territory,8ACTE,Australian Capital Territory,8,Australian Capital Territory,AUS,Australia,1.5532
801091099,Chifley,0,No change,80109,Woden Valley,801,Australian Capital Territory,8ACTE,Australian Capital Territory,8,Australian Capital Territory,AUS,Australia,1.5889
801091100,Curtin,0,No change,80109,Woden Valley,801,Australian Capital Territory,8ACTE,Australian Capital Territory,8,Australian Capital Territory,AUS,Australia,4.8079
801091101,Farrer,0,No change,80109,Woden Valley,801,Australian Capital Territory,8ACTE,Australian Capital Territory,8,Australian Capital Territory,AUS,Australia,2.0687
801091102,Garran,0,No change,80109,Woden Valley,801,Australian Capital Territory,8ACTE,Australian Capital Territory,8,Australian Capital Territory,AUS,Australia,2.6965
801091103,Hughes,0,No change,80109,Woden Valley,801,Australian Capital Territory,8ACTE,Australian Capital Territory,8,Australian Capital Territory,AUS,Australia,1.7894
801091104,Isaacs,0,No change,80109,Woden Valley,801,Australian Capital Territory,8ACTE,Australian Capital Territory,8,Australian Capital Territory,AUS,Australia,3.0881
801091105,Lyons (ACT),0,No change,80109,Woden Valley,801,Australian Capital Territory,8ACTE,Australian Capital Territory,8,Australian Capital Territory,AUS,Australia,2.2619
801091106,Mawson,0,No change,80109,Woden Valley,801,Australian Capital Territory,8ACTE,Australian Capital Territory,8,Australian Capital Territory,AUS,Australia,2.1128
801091107,O'Malley,0,No change,80109,Woden Valley,801,Australian Capital Territory,8ACTE,Australian Capital Territory,8,Australian Capital Territory,AUS,Australia,2.6068
801091108,Pearce,0,No change,80109,Woden Valley,801,Australian Capital Territory,8ACTE,Australian Capital Territory,8,Australian Capital Territory,AUS,Australia,1.7032
801091109,Phillip,0,No change,80109,Woden Valley,801,Australian Capital Territory,8ACTE,Australian Capital Territory,8,Australian Capital Territory,AUS,Australia,2.5749
801091110,Torrens,0,No change,80109,Woden Valley,801,Australian Capital Territory,8ACTE,Australian Capital Territory,8,Australian Capital Territory,AUS,Australia,1.3013
801101134,Arboretum,0,No change,80110,Molonglo Valley,801,Australian Capital Territory,8ACTE,Australian Capital Territory,8,Australian Capital Territory,AUS,Australia,6.0368
801101135,Coombs,0,No change,80110,Molonglo Valley,801,Australian Capital Territory,8ACTE,Australian Capital Territory,8,Australian Capital Territory,AUS,Australia,2.3181
801101136,Denman Prospect,0,No change,80110,Molonglo Valley,801,Australian Capital Territory,8ACTE,Australian Capital Territory,8,Australian Capital Territory,AUS,Australia,4.7437
801101137,Molonglo,0,No change,80110,Molonglo Valley,801,Australian Capital Territory,8ACTE,Australian Capital Territory,8,Australian Capital Territory,AUS,Australia,2.1894
801101139,Wright,0,No change,80110,Molonglo Valley,801,Australian Capital Territory,8ACTE,Australian Capital Territory,8,Australian Capital Territory,AUS,Australia,1.2716
801101145,Molonglo - East,0,No change,80110,Molonglo Valley,801,Australian Capital Territory,8ACTE,Australian Capital Territory,8,Australian Capital Territory,AUS,Australia,7.3323
801101146,Whitlam,0,No change,80110,Molonglo Valley,801,Australian Capital Territory,8ACTE,Australian Capital Territory,8,Australian Capital Territory,AUS,Australia,3.259
801111140,ACT - South West,0,No change,80111,Uriarra - Namadgi,801,Australian Capital Territory,8ACTE,Australian Capital Territory,8,Australian Capital Territory,AUS,Australia,416.7823
801111141,Namadgi,0,No change,80111,Uriarra - Namadgi,801,Australian Capital Territory,8ACTE,Australian Capital Territory,8,Australian Capital Territory,AUS,Australia,1202.7527
897979799,Migratory - Offshore - Shipping (ACT),0,No change,89797,Migratory - Offshore - Shipping (ACT),897,Migratory - Offshore - Shipping (ACT),89799,Migratory - Offshore - Shipping (ACT),8,Australian Capital Territory,AUS,Australia,
899999499,No usual address (ACT),0,No change,89999,No usual address (ACT),899,No usual address (ACT),89499,No usual address (ACT),8,Australian Capital Territory,AUS,Australia,
901011001,Christmas Island,0,No change,90101,Christmas Island,901,Other Territories,9OTER,Other Territories,9,Other Territories,AUS,Australia,136.1356
901021002,Cocos (Keeling) Islands,0,No change,90102,Cocos (Keeling) Islands,901,Other Territories,9OTER,Other Territories,9,Other Territories,AUS,Australia,13.7258
901031003,Jervis Bay,0,No change,90103,Jervis Bay,901,Other Territories,9OTER,Other Territories,9,Other Territories,AUS,Australia,67.2296
901041004,Norfolk Island,0,No change,90104,Norfolk Island,901,Other Territories,9OTER,Other Territories,9,Other Territories,AUS,Australia,38.651
997979799,Migratory - Offshore - Shipping (OT),0,No change,99797,Migratory - Offshore - Shipping (OT),997,Migratory - Offshore - Shipping (OT),99799,Migratory - Offshore - Shipping (OT),9,Other Territories,AUS,Australia,
999999499,No usual address (OT),0,No change,99999,No usual address (OT),999,No usual address (OT),99499,No usual address (OT),9,Other Territories,AUS,Australia,
ZZZZZZZZZ,Outside Australia,0,No change,ZZZZZ,Outside Australia,ZZZ,Outside Australia,ZZZZZ,Outside Australia,Z,Outside Australia,ZZZ,Outside Australia,
